task,seed,method,epoch,validation_mse
linear,1200,bp,1,1.0103551607142878
linear,1200,bp,2,0.8919405614755457
linear,1200,bp,3,0.8262292639236901
linear,1200,bp,4,0.7768547793918322
linear,1200,bp,5,0.7347676575052461
linear,1200,bp,6,0.6978856400513748
linear,1200,bp,7,0.6638100353687365
linear,1200,bp,8,0.6340456788263741
linear,1200,bp,9,0.6080958481199117
linear,1200,bp,10,0.5887284494971913
linear,1200,bp,11,0.5741616410265903
linear,1200,bp,12,0.5618344057452626
linear,1200,bp,13,0.550781891365013
linear,1200,bp,14,0.5403957281192073
linear,1200,bp,15,0.5308421373777777
linear,1200,bp,16,0.5214891755483994
linear,1200,bp,17,0.5126970087966453
linear,1200,bp,18,0.5051129907566421
linear,1200,bp,19,0.49760286423899763
linear,1200,bp,20,0.4886122531213644
linear,1200,bp,21,0.4803733724500083
linear,1200,bp,22,0.4713821430803944
linear,1200,bp,23,0.46433521784824333
linear,1200,bp,24,0.45754911431763284
linear,1200,bp,25,0.45259995987481455
linear,1200,bp,26,0.448470008535313
linear,1200,bp,27,0.44448833301006835
linear,1200,bp,28,0.43878597503255623
linear,1200,bp,29,0.43676921952391273
linear,1200,bp,30,0.43248351569918064
linear,1200,bp,31,0.4280151563772676
linear,1200,bp,32,0.4240654958350445
linear,1200,bp,33,0.42364237610490524
linear,1200,bp,34,0.419388813999
linear,1200,bp,35,0.41645474387446385
linear,1200,bp,36,0.4131003837762183
linear,1200,bp,37,0.411012091570748
linear,1200,bp,38,0.4078363074931164
linear,1200,bp,39,0.40758399469158135
linear,1200,bp,40,0.40386037586152684
linear,1200,bp,41,0.4011958665183779
linear,1200,bp,42,0.40061523166864044
linear,1200,bp,43,0.3981531164065033
linear,1200,bp,44,0.3957172057149807
linear,1200,bp,45,0.3946697801345041
linear,1200,bp,46,0.39256849951132744
linear,1200,bp,47,0.3909527286224612
linear,1200,bp,48,0.38993303399379825
linear,1200,bp,49,0.38666649256702296
linear,1200,bp,50,0.38677413521799336
linear,1200,bp,51,0.38584162124819255
linear,1200,bp,52,0.38255767527940154
linear,1200,bp,53,0.381561320164882
linear,1200,bp,54,0.3787147958123532
linear,1200,bp,55,0.37557416149132533
linear,1200,bp,56,0.373756530114888
linear,1200,bp,57,0.37258520932447986
linear,1200,bp,58,0.3682397918359534
linear,1200,bp,59,0.3669251870524033
linear,1200,bp,60,0.36418707609194084
linear,1201,bp,1,1.0008637683476114
linear,1201,bp,2,0.903364034028535
linear,1201,bp,3,0.8542027600836738
linear,1201,bp,4,0.8183524903077531
linear,1201,bp,5,0.7857512213587108
linear,1201,bp,6,0.7557995448667642
linear,1201,bp,7,0.7280914837175675
linear,1201,bp,8,0.7029102047258938
linear,1201,bp,9,0.6805136770754266
linear,1201,bp,10,0.6576122919811889
linear,1201,bp,11,0.6381323534431959
linear,1201,bp,12,0.6205888059872701
linear,1201,bp,13,0.6084225404150841
linear,1201,bp,14,0.5928500167202083
linear,1201,bp,15,0.5833496725966753
linear,1201,bp,16,0.5700477533627089
linear,1201,bp,17,0.5624125456386897
linear,1201,bp,18,0.5508055931557317
linear,1201,bp,19,0.541971082241503
linear,1201,bp,20,0.5328765249490637
linear,1201,bp,21,0.524661276960634
linear,1201,bp,22,0.5157110309956173
linear,1201,bp,23,0.5098888542274045
linear,1201,bp,24,0.5017444757736045
linear,1201,bp,25,0.49507291403223436
linear,1201,bp,26,0.4895975030610542
linear,1201,bp,27,0.4828381093766187
linear,1201,bp,28,0.47760255712863886
linear,1201,bp,29,0.47354356980291507
linear,1201,bp,30,0.46753206513953827
linear,1201,bp,31,0.4650944303977032
linear,1201,bp,32,0.4604967009904534
linear,1201,bp,33,0.45716392075785656
linear,1201,bp,34,0.4547796948086196
linear,1201,bp,35,0.4507768050283394
linear,1201,bp,36,0.4500772201817184
linear,1201,bp,37,0.4453692463146346
linear,1201,bp,38,0.44372437154018424
linear,1201,bp,39,0.440757025179612
linear,1201,bp,40,0.4376577348509425
linear,1201,bp,41,0.43695452478142166
linear,1201,bp,42,0.43397465128119644
linear,1201,bp,43,0.4332330835647054
linear,1201,bp,44,0.4318050863194181
linear,1201,bp,45,0.43031929644210204
linear,1201,bp,46,0.42998069847651116
linear,1201,bp,47,0.42603623825155595
linear,1201,bp,48,0.4256217504192617
linear,1201,bp,49,0.42502368457546286
linear,1201,bp,50,0.4228314747588176
linear,1201,bp,51,0.42280127783721255
linear,1201,bp,52,0.4222789532848202
linear,1201,bp,53,0.4194993107747993
linear,1201,bp,54,0.41841546136667335
linear,1201,bp,55,0.418507200365369
linear,1201,bp,56,0.41764165061466835
linear,1201,bp,57,0.41728645427899497
linear,1201,bp,58,0.4150298540593385
linear,1201,bp,59,0.4168419713454097
linear,1201,bp,60,0.4136659857746585
linear,1202,bp,1,1.0660305334420601
linear,1202,bp,2,0.9297680657646756
linear,1202,bp,3,0.853373300127239
linear,1202,bp,4,0.8059016002668661
linear,1202,bp,5,0.7649608694700304
linear,1202,bp,6,0.7284040916790685
linear,1202,bp,7,0.6975172035034026
linear,1202,bp,8,0.671526221115942
linear,1202,bp,9,0.6469442422687472
linear,1202,bp,10,0.6247616648623243
linear,1202,bp,11,0.6055456181294042
linear,1202,bp,12,0.5882230111790548
linear,1202,bp,13,0.5745003259617948
linear,1202,bp,14,0.5620025407559612
linear,1202,bp,15,0.5499521427357442
linear,1202,bp,16,0.5384984438164994
linear,1202,bp,17,0.5265754779047008
linear,1202,bp,18,0.5165610305818245
linear,1202,bp,19,0.5069884579087253
linear,1202,bp,20,0.49855265147452305
linear,1202,bp,21,0.4885088744139401
linear,1202,bp,22,0.48096663707749715
linear,1202,bp,23,0.4719540360768491
linear,1202,bp,24,0.46429261870649857
linear,1202,bp,25,0.45807911621651387
linear,1202,bp,26,0.45150500003501853
linear,1202,bp,27,0.4456331622465408
linear,1202,bp,28,0.43973340856313065
linear,1202,bp,29,0.4348495457761552
linear,1202,bp,30,0.43122886449199305
linear,1202,bp,31,0.42549540302056704
linear,1202,bp,32,0.4223536598623965
linear,1202,bp,33,0.41881934890008105
linear,1202,bp,34,0.41513618425899895
linear,1202,bp,35,0.4117836301036741
linear,1202,bp,36,0.4078308659277619
linear,1202,bp,37,0.4046392037703206
linear,1202,bp,38,0.40337253014937563
linear,1202,bp,39,0.40050154144523936
linear,1202,bp,40,0.3976288988058167
linear,1202,bp,41,0.39506044465823226
linear,1202,bp,42,0.3927628677920936
linear,1202,bp,43,0.3916852487950913
linear,1202,bp,44,0.38827513695835086
linear,1202,bp,45,0.3869820650331131
linear,1202,bp,46,0.38545576868742176
linear,1202,bp,47,0.3833412788446339
linear,1202,bp,48,0.3813333467740853
linear,1202,bp,49,0.38028887523074967
linear,1202,bp,50,0.378350794641511
linear,1202,bp,51,0.37635376230601797
linear,1202,bp,52,0.37734346136794467
linear,1202,bp,53,0.37418846561489855
linear,1202,bp,54,0.373338784451714
linear,1202,bp,55,0.3716946424464929
linear,1202,bp,56,0.3702549290846419
linear,1202,bp,57,0.3703888739144978
linear,1202,bp,58,0.3687796118528353
linear,1202,bp,59,0.36616656040216505
linear,1202,bp,60,0.3655690233462689
linear,1203,bp,1,0.9454269647350785
linear,1203,bp,2,0.854425017606062
linear,1203,bp,3,0.7960815209534537
linear,1203,bp,4,0.7501262987954599
linear,1203,bp,5,0.7131492774028635
linear,1203,bp,6,0.6819252254296623
linear,1203,bp,7,0.6558736875841579
linear,1203,bp,8,0.6314278067767637
linear,1203,bp,9,0.6092760058875414
linear,1203,bp,10,0.5905742139830709
linear,1203,bp,11,0.5752565518571698
linear,1203,bp,12,0.5607568647270248
linear,1203,bp,13,0.547741186094848
linear,1203,bp,14,0.5353065280635152
linear,1203,bp,15,0.522189315566818
linear,1203,bp,16,0.5120289519741262
linear,1203,bp,17,0.5005422449232824
linear,1203,bp,18,0.4921901158298432
linear,1203,bp,19,0.4863268481846958
linear,1203,bp,20,0.4802174475588932
linear,1203,bp,21,0.47260800493047633
linear,1203,bp,22,0.466636110793534
linear,1203,bp,23,0.4622503060396261
linear,1203,bp,24,0.4565150227026396
linear,1203,bp,25,0.4509483856356861
linear,1203,bp,26,0.4473618209237416
linear,1203,bp,27,0.44457005210753114
linear,1203,bp,28,0.4414272519504841
linear,1203,bp,29,0.43742774080176333
linear,1203,bp,30,0.43546994368622105
linear,1203,bp,31,0.43253201662423774
linear,1203,bp,32,0.4285595164036648
linear,1203,bp,33,0.42847714699077244
linear,1203,bp,34,0.424866042588744
linear,1203,bp,35,0.42258595800543874
linear,1203,bp,36,0.4206299270146792
linear,1203,bp,37,0.41969669345504745
linear,1203,bp,38,0.41710479023677455
linear,1203,bp,39,0.4151435132935082
linear,1203,bp,40,0.4139404919316676
linear,1203,bp,41,0.4131132475406564
linear,1203,bp,42,0.41012629315476207
linear,1203,bp,43,0.4090686517017265
linear,1203,bp,44,0.4064969091934154
linear,1203,bp,45,0.40667013438124
linear,1203,bp,46,0.40455419084850724
linear,1203,bp,47,0.4023198388149339
linear,1203,bp,48,0.40144413812672264
linear,1203,bp,49,0.39918378692356055
linear,1203,bp,50,0.40055696097916016
linear,1203,bp,51,0.3987230725055977
linear,1203,bp,52,0.3956555256594685
linear,1203,bp,53,0.39454279513142104
linear,1203,bp,54,0.392729619750633
linear,1203,bp,55,0.39194367419479037
linear,1203,bp,56,0.3885728505755792
linear,1203,bp,57,0.38769666355126375
linear,1203,bp,58,0.3850997487251934
linear,1203,bp,59,0.3843164456113617
linear,1203,bp,60,0.3815569727630124
linear,1204,bp,1,1.1480954870415119
linear,1204,bp,2,0.9829292946410213
linear,1204,bp,3,0.8989273028592706
linear,1204,bp,4,0.843958943652973
linear,1204,bp,5,0.7936948695341464
linear,1204,bp,6,0.7508318566559016
linear,1204,bp,7,0.7157883219026645
linear,1204,bp,8,0.6866567535888283
linear,1204,bp,9,0.6626365410993921
linear,1204,bp,10,0.64127803968366
linear,1204,bp,11,0.623197751901063
linear,1204,bp,12,0.6068041810362352
linear,1204,bp,13,0.592233521472528
linear,1204,bp,14,0.578258256257275
linear,1204,bp,15,0.567773453433698
linear,1204,bp,16,0.5561379210864557
linear,1204,bp,17,0.5468729374308487
linear,1204,bp,18,0.5366568760795021
linear,1204,bp,19,0.5272289172330488
linear,1204,bp,20,0.5185490726821087
linear,1204,bp,21,0.512241943935764
linear,1204,bp,22,0.5037958901994669
linear,1204,bp,23,0.4961115291997202
linear,1204,bp,24,0.48989298390381836
linear,1204,bp,25,0.48454255351460257
linear,1204,bp,26,0.47853095615454017
linear,1204,bp,27,0.47425478728906034
linear,1204,bp,28,0.46954716743880126
linear,1204,bp,29,0.4645674375989492
linear,1204,bp,30,0.46171336820433195
linear,1204,bp,31,0.4584524719724859
linear,1204,bp,32,0.45310690437570306
linear,1204,bp,33,0.44947495125283093
linear,1204,bp,34,0.4462200621531179
linear,1204,bp,35,0.4443950768510673
linear,1204,bp,36,0.44193396309663324
linear,1204,bp,37,0.43781048624033786
linear,1204,bp,38,0.43474843487684617
linear,1204,bp,39,0.43189654637353975
linear,1204,bp,40,0.43106205404436754
linear,1204,bp,41,0.42948841996617504
linear,1204,bp,42,0.428208650450629
linear,1204,bp,43,0.4248212887189688
linear,1204,bp,44,0.4242220864996555
linear,1204,bp,45,0.4222279520403776
linear,1204,bp,46,0.42151924975498284
linear,1204,bp,47,0.4210858365688672
linear,1204,bp,48,0.41936137158724524
linear,1204,bp,49,0.4199745988520836
linear,1204,bp,50,0.4158994981870541
linear,1204,bp,51,0.4161273216220522
linear,1204,bp,52,0.4147944078002724
linear,1204,bp,53,0.41471017969056384
linear,1204,bp,54,0.4117215485178673
linear,1204,bp,55,0.4113756306103969
linear,1204,bp,56,0.41247472364315624
linear,1204,bp,57,0.4112676158159503
linear,1204,bp,58,0.40856910736555596
linear,1204,bp,59,0.4100479526084741
linear,1204,bp,60,0.4077047421653888
linear,1205,bp,1,1.1010874463840272
linear,1205,bp,2,0.9832229389148055
linear,1205,bp,3,0.9133516587213192
linear,1205,bp,4,0.8666634258029151
linear,1205,bp,5,0.8260377747499664
linear,1205,bp,6,0.7890232678494452
linear,1205,bp,7,0.7582993555698723
linear,1205,bp,8,0.7314916144685907
linear,1205,bp,9,0.7048876823488538
linear,1205,bp,10,0.6800853170668569
linear,1205,bp,11,0.6535778803690849
linear,1205,bp,12,0.627448379314486
linear,1205,bp,13,0.60360902823728
linear,1205,bp,14,0.5822982026396901
linear,1205,bp,15,0.5617202814345571
linear,1205,bp,16,0.5433749707944365
linear,1205,bp,17,0.5266697126040304
linear,1205,bp,18,0.5135397811101637
linear,1205,bp,19,0.5007402519094238
linear,1205,bp,20,0.48952355874400527
linear,1205,bp,21,0.4806034619372305
linear,1205,bp,22,0.46994547176717044
linear,1205,bp,23,0.46185093362420054
linear,1205,bp,24,0.4539464545616941
linear,1205,bp,25,0.44565788930468475
linear,1205,bp,26,0.4402983826258837
linear,1205,bp,27,0.43304239010870577
linear,1205,bp,28,0.42680857716252785
linear,1205,bp,29,0.4219356904782667
linear,1205,bp,30,0.42005392689567306
linear,1205,bp,31,0.4140657156097527
linear,1205,bp,32,0.4116890449947836
linear,1205,bp,33,0.4066524466365338
linear,1205,bp,34,0.40470061972268584
linear,1205,bp,35,0.40103373827306715
linear,1205,bp,36,0.39809239634983024
linear,1205,bp,37,0.39573956275336836
linear,1205,bp,38,0.39472828331996235
linear,1205,bp,39,0.3927215313383297
linear,1205,bp,40,0.39016796020463174
linear,1205,bp,41,0.3892541092239041
linear,1205,bp,42,0.3854609800507111
linear,1205,bp,43,0.38562292961460704
linear,1205,bp,44,0.3833519179516105
linear,1205,bp,45,0.38106343335240817
linear,1205,bp,46,0.3787630185086417
linear,1205,bp,47,0.37795089365450857
linear,1205,bp,48,0.37629243627818054
linear,1205,bp,49,0.3762353487622437
linear,1205,bp,50,0.3731065606179102
linear,1205,bp,51,0.3729499393319949
linear,1205,bp,52,0.37162445476366684
linear,1205,bp,53,0.36812919970845465
linear,1205,bp,54,0.37018746191142293
linear,1205,bp,55,0.3682782777405063
linear,1205,bp,56,0.3693623045653999
linear,1205,bp,57,0.3653540993649595
linear,1205,bp,58,0.3653490004152056
linear,1205,bp,59,0.36789158203630495
linear,1205,bp,60,0.36182972462553603
linear,1206,bp,1,0.9874750690746531
linear,1206,bp,2,0.873961679755935
linear,1206,bp,3,0.805395811120397
linear,1206,bp,4,0.7550358381010666
linear,1206,bp,5,0.7144613415056589
linear,1206,bp,6,0.6748216520166315
linear,1206,bp,7,0.6402766518604927
linear,1206,bp,8,0.6124604328909062
linear,1206,bp,9,0.5880506698589739
linear,1206,bp,10,0.5688268566458284
linear,1206,bp,11,0.5525146283959556
linear,1206,bp,12,0.538270151424288
linear,1206,bp,13,0.522964642319549
linear,1206,bp,14,0.5081635832375443
linear,1206,bp,15,0.49308408987603697
linear,1206,bp,16,0.4794071758326559
linear,1206,bp,17,0.46807875190053244
linear,1206,bp,18,0.45801551912135485
linear,1206,bp,19,0.44805068442730356
linear,1206,bp,20,0.43895463805699153
linear,1206,bp,21,0.43168431348165265
linear,1206,bp,22,0.424023008240068
linear,1206,bp,23,0.4174339431751355
linear,1206,bp,24,0.4120504989732648
linear,1206,bp,25,0.40698533390945063
linear,1206,bp,26,0.4006752868055519
linear,1206,bp,27,0.3961398812397022
linear,1206,bp,28,0.392323733704244
linear,1206,bp,29,0.3891546163186829
linear,1206,bp,30,0.38455023837435126
linear,1206,bp,31,0.38273162410369926
linear,1206,bp,32,0.37748206775490595
linear,1206,bp,33,0.3759293669822545
linear,1206,bp,34,0.37420688742837216
linear,1206,bp,35,0.3709781707200815
linear,1206,bp,36,0.36828502102080485
linear,1206,bp,37,0.3671929345881102
linear,1206,bp,38,0.3669173361089311
linear,1206,bp,39,0.36514365713747826
linear,1206,bp,40,0.362713364870058
linear,1206,bp,41,0.360420359858271
linear,1206,bp,42,0.36301096338679856
linear,1206,bp,43,0.3591031107285901
linear,1206,bp,44,0.3588013390010924
linear,1206,bp,45,0.35540683463568906
linear,1206,bp,46,0.35928636083998106
linear,1206,bp,47,0.3528513932224744
linear,1206,bp,48,0.3533576782127681
linear,1206,bp,49,0.35321903461638254
linear,1206,bp,50,0.351880715291441
linear,1206,bp,51,0.3515582387047987
linear,1206,bp,52,0.34879324086033225
linear,1206,bp,53,0.34903754318149244
linear,1206,bp,54,0.34639768244365515
linear,1206,bp,55,0.34951722674414726
linear,1206,bp,56,0.3441067699742007
linear,1206,bp,57,0.3466392712199983
linear,1206,bp,58,0.3462390389520597
linear,1206,bp,59,0.34447532938129183
linear,1206,bp,60,0.34324269304449756
linear,1207,bp,1,0.9789729967435555
linear,1207,bp,2,0.8769150839471577
linear,1207,bp,3,0.8159047020900353
linear,1207,bp,4,0.7671179111925085
linear,1207,bp,5,0.7267563953930752
linear,1207,bp,6,0.6927435009203945
linear,1207,bp,7,0.6635219320401945
linear,1207,bp,8,0.6396667897779531
linear,1207,bp,9,0.6198700743336509
linear,1207,bp,10,0.6016186454786746
linear,1207,bp,11,0.5877269001529926
linear,1207,bp,12,0.574902292328642
linear,1207,bp,13,0.5632180800442228
linear,1207,bp,14,0.5535109569310789
linear,1207,bp,15,0.5438837153785118
linear,1207,bp,16,0.5344516739556465
linear,1207,bp,17,0.5278568953758288
linear,1207,bp,18,0.5179887861652174
linear,1207,bp,19,0.5103338323923542
linear,1207,bp,20,0.5044278433194731
linear,1207,bp,21,0.49968201894079245
linear,1207,bp,22,0.4920598000583644
linear,1207,bp,23,0.4887260838235365
linear,1207,bp,24,0.4840511252501614
linear,1207,bp,25,0.4795902042674645
linear,1207,bp,26,0.47476207437171586
linear,1207,bp,27,0.47040748238689956
linear,1207,bp,28,0.4697099810535456
linear,1207,bp,29,0.4633351729897182
linear,1207,bp,30,0.4586878110341008
linear,1207,bp,31,0.4551764118188995
linear,1207,bp,32,0.4538814518338025
linear,1207,bp,33,0.4479865923213655
linear,1207,bp,34,0.44427967908110705
linear,1207,bp,35,0.44175808887604867
linear,1207,bp,36,0.4409033879966535
linear,1207,bp,37,0.43479181129966965
linear,1207,bp,38,0.43541714750152277
linear,1207,bp,39,0.43245605769093737
linear,1207,bp,40,0.4308422731445763
linear,1207,bp,41,0.4284366365427106
linear,1207,bp,42,0.42794535084702695
linear,1207,bp,43,0.4256341043802246
linear,1207,bp,44,0.4251074930362368
linear,1207,bp,45,0.4222486316768292
linear,1207,bp,46,0.42115180330306373
linear,1207,bp,47,0.41965204921991345
linear,1207,bp,48,0.4193810809625184
linear,1207,bp,49,0.4181608885746135
linear,1207,bp,50,0.415920561329453
linear,1207,bp,51,0.41716151991655215
linear,1207,bp,52,0.4135343548290262
linear,1207,bp,53,0.41546508372555335
linear,1207,bp,54,0.41350899763076954
linear,1207,bp,55,0.4154592348488045
linear,1207,bp,56,0.41238550572165494
linear,1207,bp,57,0.41124975843650186
linear,1207,bp,58,0.4104586352616905
linear,1207,bp,59,0.4132220661875028
linear,1207,bp,60,0.4081706033336765
linear,1208,bp,1,0.925093938262668
linear,1208,bp,2,0.8241047688668203
linear,1208,bp,3,0.7641820130710103
linear,1208,bp,4,0.7161208004981058
linear,1208,bp,5,0.6737762138147533
linear,1208,bp,6,0.6361965855731707
linear,1208,bp,7,0.607552757940162
linear,1208,bp,8,0.5850307708082763
linear,1208,bp,9,0.565421510769753
linear,1208,bp,10,0.5497621341683162
linear,1208,bp,11,0.5379779749211531
linear,1208,bp,12,0.5255076534366562
linear,1208,bp,13,0.5138171541440442
linear,1208,bp,14,0.5053279178211488
linear,1208,bp,15,0.4951193999152615
linear,1208,bp,16,0.48587822869717084
linear,1208,bp,17,0.4782756676249645
linear,1208,bp,18,0.4697698934727647
linear,1208,bp,19,0.4616115489445445
linear,1208,bp,20,0.45710634501540715
linear,1208,bp,21,0.44800346799460905
linear,1208,bp,22,0.44390847142838724
linear,1208,bp,23,0.43793728110993263
linear,1208,bp,24,0.43425180279728326
linear,1208,bp,25,0.42850709104861306
linear,1208,bp,26,0.42477299888199543
linear,1208,bp,27,0.42070866102054905
linear,1208,bp,28,0.4175295947446764
linear,1208,bp,29,0.4133408257919113
linear,1208,bp,30,0.4092042067808889
linear,1208,bp,31,0.40490254359365335
linear,1208,bp,32,0.40383096385081724
linear,1208,bp,33,0.39907244227327876
linear,1208,bp,34,0.3987943192609946
linear,1208,bp,35,0.3934706153302849
linear,1208,bp,36,0.3923595590330864
linear,1208,bp,37,0.38929289658949057
linear,1208,bp,38,0.39066722275880633
linear,1208,bp,39,0.38434035048995546
linear,1208,bp,40,0.38222035477591226
linear,1208,bp,41,0.3809768178707329
linear,1208,bp,42,0.3805890003475875
linear,1208,bp,43,0.37724815789748806
linear,1208,bp,44,0.37631360496764427
linear,1208,bp,45,0.3744422687352145
linear,1208,bp,46,0.37317893734255553
linear,1208,bp,47,0.3719621160353411
linear,1208,bp,48,0.37211693336116314
linear,1208,bp,49,0.37066936317884625
linear,1208,bp,50,0.3672482082404334
linear,1208,bp,51,0.36918540329484645
linear,1208,bp,52,0.36612615362928835
linear,1208,bp,53,0.3669142277435669
linear,1208,bp,54,0.36368539866488153
linear,1208,bp,55,0.3650573890867507
linear,1208,bp,56,0.3653633226163375
linear,1208,bp,57,0.36469024224109853
linear,1208,bp,58,0.36260747431557583
linear,1208,bp,59,0.36271197734665855
linear,1208,bp,60,0.36315297381264494
linear,1209,bp,1,1.0186409187863916
linear,1209,bp,2,0.8759571584796776
linear,1209,bp,3,0.8006093228075782
linear,1209,bp,4,0.7466438975787543
linear,1209,bp,5,0.7046671272982307
linear,1209,bp,6,0.6695261444971377
linear,1209,bp,7,0.6413092725976061
linear,1209,bp,8,0.6203418712386575
linear,1209,bp,9,0.6043705514108436
linear,1209,bp,10,0.5909122273515703
linear,1209,bp,11,0.578376559045696
linear,1209,bp,12,0.5665672801663959
linear,1209,bp,13,0.5537266180186652
linear,1209,bp,14,0.5420617659751047
linear,1209,bp,15,0.5308307939918623
linear,1209,bp,16,0.5222096249098265
linear,1209,bp,17,0.5136915341540295
linear,1209,bp,18,0.5039611435226053
linear,1209,bp,19,0.49686435929468925
linear,1209,bp,20,0.48872428545841284
linear,1209,bp,21,0.4819054137465571
linear,1209,bp,22,0.47483199184811564
linear,1209,bp,23,0.4693866675243601
linear,1209,bp,24,0.46267718258035534
linear,1209,bp,25,0.45756388419720023
linear,1209,bp,26,0.45052230298185486
linear,1209,bp,27,0.44477251638113674
linear,1209,bp,28,0.4425521719490453
linear,1209,bp,29,0.43668525019724536
linear,1209,bp,30,0.43433056910193635
linear,1209,bp,31,0.43067545613345964
linear,1209,bp,32,0.4262847274833372
linear,1209,bp,33,0.4227047083317379
linear,1209,bp,34,0.42007662444029376
linear,1209,bp,35,0.41713712444203965
linear,1209,bp,36,0.4145156336681837
linear,1209,bp,37,0.41134472645909376
linear,1209,bp,38,0.40921769720736306
linear,1209,bp,39,0.40631623863928484
linear,1209,bp,40,0.4040065759637579
linear,1209,bp,41,0.40201381917998447
linear,1209,bp,42,0.4007122652534422
linear,1209,bp,43,0.3988552535114973
linear,1209,bp,44,0.3956051616908857
linear,1209,bp,45,0.3958443728406295
linear,1209,bp,46,0.39519123840694287
linear,1209,bp,47,0.39303347077699
linear,1209,bp,48,0.3920681437882865
linear,1209,bp,49,0.3892254688451449
linear,1209,bp,50,0.3905704929405453
linear,1209,bp,51,0.3885923219944631
linear,1209,bp,52,0.3878944911033571
linear,1209,bp,53,0.38604333300566923
linear,1209,bp,54,0.38672701447724017
linear,1209,bp,55,0.3831215008388677
linear,1209,bp,56,0.3824198488641473
linear,1209,bp,57,0.38402056045465355
linear,1209,bp,58,0.38173231955959713
linear,1209,bp,59,0.38180104498417267
linear,1209,bp,60,0.380931103389003
linear,1210,bp,1,1.000219924857289
linear,1210,bp,2,0.8970750572353298
linear,1210,bp,3,0.8353977729400693
linear,1210,bp,4,0.7858378465547086
linear,1210,bp,5,0.742658510756585
linear,1210,bp,6,0.7030761236231489
linear,1210,bp,7,0.6718407500572448
linear,1210,bp,8,0.6463641103321299
linear,1210,bp,9,0.6234453945140762
linear,1210,bp,10,0.6025333194491259
linear,1210,bp,11,0.5838163052122889
linear,1210,bp,12,0.5661997304407698
linear,1210,bp,13,0.5495830467923227
linear,1210,bp,14,0.536005006642284
linear,1210,bp,15,0.5227923772111222
linear,1210,bp,16,0.5108072890837272
linear,1210,bp,17,0.4999857635599945
linear,1210,bp,18,0.4898755722716636
linear,1210,bp,19,0.48229376561852694
linear,1210,bp,20,0.47321237931444876
linear,1210,bp,21,0.46737441242502165
linear,1210,bp,22,0.46074111682312346
linear,1210,bp,23,0.45510381913241177
linear,1210,bp,24,0.45161676884571994
linear,1210,bp,25,0.44579804859682975
linear,1210,bp,26,0.44125197107978753
linear,1210,bp,27,0.43715582069021064
linear,1210,bp,28,0.4333295746649894
linear,1210,bp,29,0.4312868058241858
linear,1210,bp,30,0.4271272885485559
linear,1210,bp,31,0.4241579714885651
linear,1210,bp,32,0.42035188322990386
linear,1210,bp,33,0.4173413671418554
linear,1210,bp,34,0.4149861162104531
linear,1210,bp,35,0.41271548765125643
linear,1210,bp,36,0.41178814584656936
linear,1210,bp,37,0.40833306486258075
linear,1210,bp,38,0.4059535950217812
linear,1210,bp,39,0.40466993542296786
linear,1210,bp,40,0.40233589762141514
linear,1210,bp,41,0.40175324005807206
linear,1210,bp,42,0.40019564687110204
linear,1210,bp,43,0.3959256148533943
linear,1210,bp,44,0.3968652688681092
linear,1210,bp,45,0.393983461195613
linear,1210,bp,46,0.39228085743487356
linear,1210,bp,47,0.3901876278484075
linear,1210,bp,48,0.3891967058707509
linear,1210,bp,49,0.3866146372333417
linear,1210,bp,50,0.3870803845238227
linear,1210,bp,51,0.38437786703504234
linear,1210,bp,52,0.3831691350092911
linear,1210,bp,53,0.38168746514025176
linear,1210,bp,54,0.3794811132019668
linear,1210,bp,55,0.3796329727365246
linear,1210,bp,56,0.3768026139047242
linear,1210,bp,57,0.37637709599076113
linear,1210,bp,58,0.37557481418536676
linear,1210,bp,59,0.37258253131261726
linear,1210,bp,60,0.37133406609376113
linear,1211,bp,1,0.9678613257860968
linear,1211,bp,2,0.8669801618655758
linear,1211,bp,3,0.8057888508877632
linear,1211,bp,4,0.7560351530499533
linear,1211,bp,5,0.7144338815072341
linear,1211,bp,6,0.6787042624602956
linear,1211,bp,7,0.6484279716751663
linear,1211,bp,8,0.6219248557576865
linear,1211,bp,9,0.6006633601354787
linear,1211,bp,10,0.5830464921261759
linear,1211,bp,11,0.5675678967254331
linear,1211,bp,12,0.5547759021106639
linear,1211,bp,13,0.5412156389769675
linear,1211,bp,14,0.5287694487661184
linear,1211,bp,15,0.5179955288671186
linear,1211,bp,16,0.5064528533525096
linear,1211,bp,17,0.4949030994512648
linear,1211,bp,18,0.4838152926696024
linear,1211,bp,19,0.47532961455620365
linear,1211,bp,20,0.46604775088126926
linear,1211,bp,21,0.45799400007728486
linear,1211,bp,22,0.4515163683299776
linear,1211,bp,23,0.44445035868433136
linear,1211,bp,24,0.43937109164408833
linear,1211,bp,25,0.43287805789923245
linear,1211,bp,26,0.427898638375821
linear,1211,bp,27,0.42445884632903336
linear,1211,bp,28,0.42091667051549947
linear,1211,bp,29,0.41847906144069924
linear,1211,bp,30,0.4159562777260839
linear,1211,bp,31,0.4134538075930876
linear,1211,bp,32,0.41111277551753994
linear,1211,bp,33,0.41029594107734185
linear,1211,bp,34,0.40773935055855604
linear,1211,bp,35,0.4060138625567898
linear,1211,bp,36,0.40257422541539745
linear,1211,bp,37,0.40096453223057704
linear,1211,bp,38,0.399456093640312
linear,1211,bp,39,0.3978088346197448
linear,1211,bp,40,0.395799545039442
linear,1211,bp,41,0.394870774717405
linear,1211,bp,42,0.39288843612654456
linear,1211,bp,43,0.39158413073725046
linear,1211,bp,44,0.3893791551672978
linear,1211,bp,45,0.386196504639571
linear,1211,bp,46,0.38703081546518875
linear,1211,bp,47,0.38398720143742854
linear,1211,bp,48,0.37995079901055223
linear,1211,bp,49,0.38085230022006966
linear,1211,bp,50,0.37845769891242376
linear,1211,bp,51,0.3759415320241322
linear,1211,bp,52,0.3754051142911899
linear,1211,bp,53,0.37474706534733926
linear,1211,bp,54,0.37083168883589046
linear,1211,bp,55,0.3706891636627703
linear,1211,bp,56,0.3687803842231725
linear,1211,bp,57,0.3673368042086775
linear,1211,bp,58,0.3687254016532049
linear,1211,bp,59,0.3668679142115439
linear,1211,bp,60,0.36632124302371327
linear,1212,bp,1,1.0278163420676891
linear,1212,bp,2,0.923640728099495
linear,1212,bp,3,0.8595771180914925
linear,1212,bp,4,0.8088033212886964
linear,1212,bp,5,0.767965491059103
linear,1212,bp,6,0.7313953157083114
linear,1212,bp,7,0.70054802133197
linear,1212,bp,8,0.6763329783601186
linear,1212,bp,9,0.6543672906467993
linear,1212,bp,10,0.6355127113853793
linear,1212,bp,11,0.6197386012779159
linear,1212,bp,12,0.6043975316930718
linear,1212,bp,13,0.5927435094778448
linear,1212,bp,14,0.5820711555498083
linear,1212,bp,15,0.5716600793840075
linear,1212,bp,16,0.5622892839041138
linear,1212,bp,17,0.5547292704213889
linear,1212,bp,18,0.5465838895791141
linear,1212,bp,19,0.5381334364763827
linear,1212,bp,20,0.5303703154669993
linear,1212,bp,21,0.5233056345240369
linear,1212,bp,22,0.5185915382444984
linear,1212,bp,23,0.5108303153584443
linear,1212,bp,24,0.5048965630972081
linear,1212,bp,25,0.4983227461391511
linear,1212,bp,26,0.49420393333512475
linear,1212,bp,27,0.48667478237296846
linear,1212,bp,28,0.48405649670501977
linear,1212,bp,29,0.4793221879738699
linear,1212,bp,30,0.4752697612928671
linear,1212,bp,31,0.47003861640280226
linear,1212,bp,32,0.4669060619323499
linear,1212,bp,33,0.463956720030756
linear,1212,bp,34,0.4586067673497419
linear,1212,bp,35,0.45722266608388634
linear,1212,bp,36,0.4536983973506477
linear,1212,bp,37,0.44908334635243974
linear,1212,bp,38,0.4482356843845869
linear,1212,bp,39,0.44380761933781104
linear,1212,bp,40,0.44412567813618614
linear,1212,bp,41,0.43880248928672555
linear,1212,bp,42,0.4377783400619215
linear,1212,bp,43,0.43567453601980805
linear,1212,bp,44,0.43246063588647526
linear,1212,bp,45,0.43199874480658274
linear,1212,bp,46,0.4282228023427617
linear,1212,bp,47,0.4279760226962029
linear,1212,bp,48,0.4261758887331313
linear,1212,bp,49,0.4238119310680492
linear,1212,bp,50,0.42315482739049665
linear,1212,bp,51,0.42083697192432207
linear,1212,bp,52,0.41759299863696114
linear,1212,bp,53,0.4203251831254515
linear,1212,bp,54,0.41496162499467165
linear,1212,bp,55,0.4152473703063652
linear,1212,bp,56,0.4156248801984277
linear,1212,bp,57,0.4117377686906451
linear,1212,bp,58,0.4120753382604838
linear,1212,bp,59,0.4093797654360383
linear,1212,bp,60,0.4098256564638986
linear,1213,bp,1,0.9570100602123306
linear,1213,bp,2,0.8433410014606414
linear,1213,bp,3,0.779881237589873
linear,1213,bp,4,0.7364069703126934
linear,1213,bp,5,0.7004958955869087
linear,1213,bp,6,0.6696513630445895
linear,1213,bp,7,0.6417887649179205
linear,1213,bp,8,0.6169036670874277
linear,1213,bp,9,0.5946075123193725
linear,1213,bp,10,0.575363709116576
linear,1213,bp,11,0.5595451874566475
linear,1213,bp,12,0.5457579985448121
linear,1213,bp,13,0.534147725672355
linear,1213,bp,14,0.5228962730946525
linear,1213,bp,15,0.512123349711734
linear,1213,bp,16,0.5040236688799832
linear,1213,bp,17,0.49310286747482185
linear,1213,bp,18,0.484824864108193
linear,1213,bp,19,0.47598980634001337
linear,1213,bp,20,0.4693281366812223
linear,1213,bp,21,0.46199146822394277
linear,1213,bp,22,0.4555637976383687
linear,1213,bp,23,0.448880076691944
linear,1213,bp,24,0.44392322566132014
linear,1213,bp,25,0.43910468360451077
linear,1213,bp,26,0.4339352277184114
linear,1213,bp,27,0.4285753779891839
linear,1213,bp,28,0.4259136747766663
linear,1213,bp,29,0.4203215415379659
linear,1213,bp,30,0.41795932649606465
linear,1213,bp,31,0.4153584173623949
linear,1213,bp,32,0.41060854766751254
linear,1213,bp,33,0.40587027595138697
linear,1213,bp,34,0.40481946374872985
linear,1213,bp,35,0.4019745991210047
linear,1213,bp,36,0.3997920706413203
linear,1213,bp,37,0.39582959179954313
linear,1213,bp,38,0.39450822459721824
linear,1213,bp,39,0.3921345361093631
linear,1213,bp,40,0.3901238071851206
linear,1213,bp,41,0.38788363052225927
linear,1213,bp,42,0.3867006280868736
linear,1213,bp,43,0.38225923853919325
linear,1213,bp,44,0.38167054469029454
linear,1213,bp,45,0.37906333078008253
linear,1213,bp,46,0.3762825220376371
linear,1213,bp,47,0.37556655944414535
linear,1213,bp,48,0.3729125737561831
linear,1213,bp,49,0.36905699789430374
linear,1213,bp,50,0.3694698275375205
linear,1213,bp,51,0.3651086209338108
linear,1213,bp,52,0.3655510877729496
linear,1213,bp,53,0.36105594159810606
linear,1213,bp,54,0.3598632985840215
linear,1213,bp,55,0.35757709419204864
linear,1213,bp,56,0.35529488775960677
linear,1213,bp,57,0.35344268734062245
linear,1213,bp,58,0.35063795015508664
linear,1213,bp,59,0.3473893267145596
linear,1213,bp,60,0.3464079367073721
linear,1214,bp,1,0.9822905310735157
linear,1214,bp,2,0.8899382278486856
linear,1214,bp,3,0.8194561561867003
linear,1214,bp,4,0.7654870145493495
linear,1214,bp,5,0.7197849300732829
linear,1214,bp,6,0.679116943941251
linear,1214,bp,7,0.6438253876961145
linear,1214,bp,8,0.6147229607365685
linear,1214,bp,9,0.5903290616128021
linear,1214,bp,10,0.5709212472580449
linear,1214,bp,11,0.5531982302270458
linear,1214,bp,12,0.538874281886217
linear,1214,bp,13,0.525135741965371
linear,1214,bp,14,0.5126010074582136
linear,1214,bp,15,0.5006740143335963
linear,1214,bp,16,0.49146829703879247
linear,1214,bp,17,0.48256421839647007
linear,1214,bp,18,0.47388024249047217
linear,1214,bp,19,0.4654596736525558
linear,1214,bp,20,0.45929445517365747
linear,1214,bp,21,0.45215184124329055
linear,1214,bp,22,0.44625056425538845
linear,1214,bp,23,0.4393187477243929
linear,1214,bp,24,0.43335841470505004
linear,1214,bp,25,0.4291844433809912
linear,1214,bp,26,0.4241257715299403
linear,1214,bp,27,0.4190224138849253
linear,1214,bp,28,0.41529873858443156
linear,1214,bp,29,0.41073978987529286
linear,1214,bp,30,0.40742932593960085
linear,1214,bp,31,0.40265924625851657
linear,1214,bp,32,0.39980167502004776
linear,1214,bp,33,0.39587177694107084
linear,1214,bp,34,0.3930188587104175
linear,1214,bp,35,0.389777715768534
linear,1214,bp,36,0.3886872757672841
linear,1214,bp,37,0.3850251077971416
linear,1214,bp,38,0.3830084993930267
linear,1214,bp,39,0.3829244652656847
linear,1214,bp,40,0.37810276334114695
linear,1214,bp,41,0.37807665864662904
linear,1214,bp,42,0.37485117753740954
linear,1214,bp,43,0.37261950443873815
linear,1214,bp,44,0.3717400461545976
linear,1214,bp,45,0.36916647529925356
linear,1214,bp,46,0.3690899430725986
linear,1214,bp,47,0.3670629096596582
linear,1214,bp,48,0.3642809006416507
linear,1214,bp,49,0.3655613209001693
linear,1214,bp,50,0.3643875053498542
linear,1214,bp,51,0.36310781219035926
linear,1214,bp,52,0.36196636717105796
linear,1214,bp,53,0.36074028052000157
linear,1214,bp,54,0.3607085410327267
linear,1214,bp,55,0.35784959625513696
linear,1214,bp,56,0.35894596820764574
linear,1214,bp,57,0.3578205007397293
linear,1214,bp,58,0.35476053185968565
linear,1214,bp,59,0.35656295134398913
linear,1214,bp,60,0.3551878213368422
linear,1215,bp,1,1.0678171096545122
linear,1215,bp,2,0.9497669785264545
linear,1215,bp,3,0.8798294537925152
linear,1215,bp,4,0.8243152223191507
linear,1215,bp,5,0.7812583007731838
linear,1215,bp,6,0.7450135150508593
linear,1215,bp,7,0.7137089990913988
linear,1215,bp,8,0.6869480922450041
linear,1215,bp,9,0.6630101045104033
linear,1215,bp,10,0.6402252663063612
linear,1215,bp,11,0.6189741981734107
linear,1215,bp,12,0.600150909545529
linear,1215,bp,13,0.5826758499092723
linear,1215,bp,14,0.5660895678275647
linear,1215,bp,15,0.5500925020167458
linear,1215,bp,16,0.5362117762585409
linear,1215,bp,17,0.5241587840092767
linear,1215,bp,18,0.5108028080137851
linear,1215,bp,19,0.5009688533094693
linear,1215,bp,20,0.49050825273339393
linear,1215,bp,21,0.4829327666392406
linear,1215,bp,22,0.4737801192391553
linear,1215,bp,23,0.4652165584729211
linear,1215,bp,24,0.45709200788611876
linear,1215,bp,25,0.4501567608759293
linear,1215,bp,26,0.4453277828072983
linear,1215,bp,27,0.438393682502035
linear,1215,bp,28,0.43316691737166196
linear,1215,bp,29,0.4273677071961675
linear,1215,bp,30,0.42438763030231136
linear,1215,bp,31,0.4189021805531137
linear,1215,bp,32,0.41545906530277144
linear,1215,bp,33,0.41210535936021647
linear,1215,bp,34,0.40813609252301636
linear,1215,bp,35,0.4031155962411421
linear,1215,bp,36,0.4013870200331348
linear,1215,bp,37,0.39906637848065357
linear,1215,bp,38,0.39577750949012797
linear,1215,bp,39,0.3922792023294872
linear,1215,bp,40,0.3902301685079507
linear,1215,bp,41,0.3870269314624652
linear,1215,bp,42,0.38503657709596756
linear,1215,bp,43,0.3825360563767685
linear,1215,bp,44,0.3809006073170758
linear,1215,bp,45,0.37976620133450306
linear,1215,bp,46,0.37880158992979956
linear,1215,bp,47,0.37476354925155714
linear,1215,bp,48,0.3758349176829394
linear,1215,bp,49,0.3721107250742606
linear,1215,bp,50,0.3704493919674299
linear,1215,bp,51,0.369996939148874
linear,1215,bp,52,0.368851931643988
linear,1215,bp,53,0.36618091372808337
linear,1215,bp,54,0.36727688425334165
linear,1215,bp,55,0.3626809222577947
linear,1215,bp,56,0.36222632210525624
linear,1215,bp,57,0.36103582957091046
linear,1215,bp,58,0.36049003900353277
linear,1215,bp,59,0.36079897946838796
linear,1215,bp,60,0.36189494287326873
linear,1216,bp,1,1.0066734513564428
linear,1216,bp,2,0.8878754613114875
linear,1216,bp,3,0.8234789256985278
linear,1216,bp,4,0.7748816071267614
linear,1216,bp,5,0.7352014454405406
linear,1216,bp,6,0.6994141643626547
linear,1216,bp,7,0.6658151342942759
linear,1216,bp,8,0.6322589060194201
linear,1216,bp,9,0.6029556163435404
linear,1216,bp,10,0.5781714993852339
linear,1216,bp,11,0.5579719220651806
linear,1216,bp,12,0.5392024701948251
linear,1216,bp,13,0.5232494460369582
linear,1216,bp,14,0.511379420352891
linear,1216,bp,15,0.4994110677596934
linear,1216,bp,16,0.48734648746964515
linear,1216,bp,17,0.4772799159689483
linear,1216,bp,18,0.4687714419783018
linear,1216,bp,19,0.4592258989865487
linear,1216,bp,20,0.45357468039756405
linear,1216,bp,21,0.44609218802083433
linear,1216,bp,22,0.4371816524005636
linear,1216,bp,23,0.43305510360636407
linear,1216,bp,24,0.4272133734295324
linear,1216,bp,25,0.4206137737082756
linear,1216,bp,26,0.41564448512495744
linear,1216,bp,27,0.4114942459758258
linear,1216,bp,28,0.4075931107298638
linear,1216,bp,29,0.4020499038812821
linear,1216,bp,30,0.39980636549274956
linear,1216,bp,31,0.395473712406128
linear,1216,bp,32,0.3936819607054913
linear,1216,bp,33,0.3899626211127907
linear,1216,bp,34,0.389833466235725
linear,1216,bp,35,0.3867586030344678
linear,1216,bp,36,0.3821456940416501
linear,1216,bp,37,0.3823405359233769
linear,1216,bp,38,0.3781110911008007
linear,1216,bp,39,0.37791085027313004
linear,1216,bp,40,0.3762596397443696
linear,1216,bp,41,0.37455040266713563
linear,1216,bp,42,0.372015462150498
linear,1216,bp,43,0.36994616847623973
linear,1216,bp,44,0.3711127470716165
linear,1216,bp,45,0.3697203778847505
linear,1216,bp,46,0.36675530374849824
linear,1216,bp,47,0.3679574791659876
linear,1216,bp,48,0.3641428385750944
linear,1216,bp,49,0.3646403471703364
linear,1216,bp,50,0.3630956103432723
linear,1216,bp,51,0.362438630144634
linear,1216,bp,52,0.3614174931909743
linear,1216,bp,53,0.36160946758843154
linear,1216,bp,54,0.3602621683124494
linear,1216,bp,55,0.3604543430599974
linear,1216,bp,56,0.3600447990791995
linear,1216,bp,57,0.3580750021155545
linear,1216,bp,58,0.35698236558030616
linear,1216,bp,59,0.3572719751319009
linear,1216,bp,60,0.35789823839683743
linear,1217,bp,1,0.9412995304801858
linear,1217,bp,2,0.8340597542628352
linear,1217,bp,3,0.7635022135155748
linear,1217,bp,4,0.7140203006698912
linear,1217,bp,5,0.6733635584122936
linear,1217,bp,6,0.6395396786185896
linear,1217,bp,7,0.610879540826608
linear,1217,bp,8,0.5874183070105798
linear,1217,bp,9,0.5654705019453976
linear,1217,bp,10,0.5495341474143903
linear,1217,bp,11,0.5372854934790005
linear,1217,bp,12,0.5245602786195404
linear,1217,bp,13,0.5137436759014006
linear,1217,bp,14,0.5034051182310555
linear,1217,bp,15,0.4945678165912906
linear,1217,bp,16,0.4845856044580828
linear,1217,bp,17,0.47400263895331024
linear,1217,bp,18,0.4646450972854386
linear,1217,bp,19,0.456446072714523
linear,1217,bp,20,0.4484063664256986
linear,1217,bp,21,0.44015965277955965
linear,1217,bp,22,0.4337260323395662
linear,1217,bp,23,0.42787904042183666
linear,1217,bp,24,0.4204719250198224
linear,1217,bp,25,0.41517859481456926
linear,1217,bp,26,0.41014008507445165
linear,1217,bp,27,0.40630946548762314
linear,1217,bp,28,0.40243137567307663
linear,1217,bp,29,0.39901180063844466
linear,1217,bp,30,0.39878313748403754
linear,1217,bp,31,0.3927200799405041
linear,1217,bp,32,0.3908464188297609
linear,1217,bp,33,0.3868925444163474
linear,1217,bp,34,0.3861284659117394
linear,1217,bp,35,0.383812198287744
linear,1217,bp,36,0.3817963043351839
linear,1217,bp,37,0.3812046379343972
linear,1217,bp,38,0.3772895043027651
linear,1217,bp,39,0.3777497833532688
linear,1217,bp,40,0.37583563199729336
linear,1217,bp,41,0.3725889654335057
linear,1217,bp,42,0.37354103145321477
linear,1217,bp,43,0.3717059436490942
linear,1217,bp,44,0.3698697320035939
linear,1217,bp,45,0.3691501497596579
linear,1217,bp,46,0.36817120118325186
linear,1217,bp,47,0.3657829465261768
linear,1217,bp,48,0.3677667064396193
linear,1217,bp,49,0.36550928610819905
linear,1217,bp,50,0.3646868293829231
linear,1217,bp,51,0.3645506406069008
linear,1217,bp,52,0.3626691746885879
linear,1217,bp,53,0.36252131709912555
linear,1217,bp,54,0.3622154745984288
linear,1217,bp,55,0.3602217442530959
linear,1217,bp,56,0.360537154830026
linear,1217,bp,57,0.3598091986201566
linear,1217,bp,58,0.35971762248658773
linear,1217,bp,59,0.3602983496549273
linear,1217,bp,60,0.35689473000161015
linear,1218,bp,1,1.0300940703807182
linear,1218,bp,2,0.915080885272209
linear,1218,bp,3,0.8491691561593658
linear,1218,bp,4,0.8008309174234508
linear,1218,bp,5,0.7606523969731427
linear,1218,bp,6,0.7279152960597867
linear,1218,bp,7,0.6986422159265188
linear,1218,bp,8,0.6750081120583334
linear,1218,bp,9,0.6545132531708274
linear,1218,bp,10,0.6357149797990664
linear,1218,bp,11,0.6192155105383804
linear,1218,bp,12,0.6026533594260067
linear,1218,bp,13,0.588533851474191
linear,1218,bp,14,0.5754717022256975
linear,1218,bp,15,0.5622162696180865
linear,1218,bp,16,0.5512961340590902
linear,1218,bp,17,0.5417871714235213
linear,1218,bp,18,0.5307458187021447
linear,1218,bp,19,0.5228566237380884
linear,1218,bp,20,0.514404339694921
linear,1218,bp,21,0.5063099292973762
linear,1218,bp,22,0.49837360568521927
linear,1218,bp,23,0.4900996877904995
linear,1218,bp,24,0.4843006068069042
linear,1218,bp,25,0.47767024716687473
linear,1218,bp,26,0.4737619947975027
linear,1218,bp,27,0.4686498592174139
linear,1218,bp,28,0.4670681469830807
linear,1218,bp,29,0.46228217171821484
linear,1218,bp,30,0.46046157179104874
linear,1218,bp,31,0.4564748304460248
linear,1218,bp,32,0.4544829181740846
linear,1218,bp,33,0.4525016670674032
linear,1218,bp,34,0.45043616199497577
linear,1218,bp,35,0.45067520375023
linear,1218,bp,36,0.4476573810709099
linear,1218,bp,37,0.4435967688105669
linear,1218,bp,38,0.44197187892744827
linear,1218,bp,39,0.4415294945366776
linear,1218,bp,40,0.43976326155010437
linear,1218,bp,41,0.4372831866201284
linear,1218,bp,42,0.4349201932345084
linear,1218,bp,43,0.43232358332935644
linear,1218,bp,44,0.43013724779913093
linear,1218,bp,45,0.42851473029300813
linear,1218,bp,46,0.42527051110597
linear,1218,bp,47,0.42596196563420125
linear,1218,bp,48,0.42067188044540665
linear,1218,bp,49,0.42200832538268473
linear,1218,bp,50,0.41852171107161906
linear,1218,bp,51,0.41566941275214675
linear,1218,bp,52,0.41510636219872793
linear,1218,bp,53,0.4158549881218731
linear,1218,bp,54,0.4143989189850425
linear,1218,bp,55,0.41161513428419455
linear,1218,bp,56,0.41124118090045964
linear,1218,bp,57,0.40987611497705645
linear,1218,bp,58,0.40840082591800514
linear,1218,bp,59,0.4077217931254631
linear,1218,bp,60,0.4061490423601594
linear,1219,bp,1,1.0374742647475756
linear,1219,bp,2,0.9379599003582547
linear,1219,bp,3,0.8840732889974964
linear,1219,bp,4,0.8403627977641656
linear,1219,bp,5,0.8060552062720839
linear,1219,bp,6,0.7749127161515416
linear,1219,bp,7,0.747054710181288
linear,1219,bp,8,0.7192390951318686
linear,1219,bp,9,0.6916131444398746
linear,1219,bp,10,0.6671773593368987
linear,1219,bp,11,0.644969349418942
linear,1219,bp,12,0.6269021215556269
linear,1219,bp,13,0.6123955934674058
linear,1219,bp,14,0.5992351851659666
linear,1219,bp,15,0.5871134752901056
linear,1219,bp,16,0.5744301784491336
linear,1219,bp,17,0.564088883123239
linear,1219,bp,18,0.5541014605819327
linear,1219,bp,19,0.5432584316504697
linear,1219,bp,20,0.5320841875831747
linear,1219,bp,21,0.5228233753754646
linear,1219,bp,22,0.5140986643773623
linear,1219,bp,23,0.5062335907858271
linear,1219,bp,24,0.4994566435378458
linear,1219,bp,25,0.4931445588165782
linear,1219,bp,26,0.489200761067794
linear,1219,bp,27,0.48486093409292974
linear,1219,bp,28,0.47893751059334405
linear,1219,bp,29,0.4771526126482026
linear,1219,bp,30,0.47372745583159864
linear,1219,bp,31,0.4702690958751266
linear,1219,bp,32,0.46955762569781706
linear,1219,bp,33,0.46638335559971633
linear,1219,bp,34,0.46328768971046724
linear,1219,bp,35,0.4622566413161801
linear,1219,bp,36,0.4595950925913132
linear,1219,bp,37,0.4576654265165292
linear,1219,bp,38,0.45641542756292885
linear,1219,bp,39,0.4549418999269011
linear,1219,bp,40,0.45297786275912894
linear,1219,bp,41,0.4516248062539881
linear,1219,bp,42,0.4497452192052158
linear,1219,bp,43,0.45004760902734864
linear,1219,bp,44,0.44696311857570065
linear,1219,bp,45,0.4464050283966887
linear,1219,bp,46,0.44639569950728
linear,1219,bp,47,0.44471267417340243
linear,1219,bp,48,0.44307104508312767
linear,1219,bp,49,0.44297963589772477
linear,1219,bp,50,0.4416415159036908
linear,1219,bp,51,0.44219506457835084
linear,1219,bp,52,0.4405382860960523
linear,1219,bp,53,0.4413839417849523
linear,1219,bp,54,0.4382188755527676
linear,1219,bp,55,0.4383442816190053
linear,1219,bp,56,0.43599644479473715
linear,1219,bp,57,0.4363594295416151
linear,1219,bp,58,0.432311641931288
linear,1219,bp,59,0.43364489994484523
linear,1219,bp,60,0.4352982994269407
linear,1200,pc,1,1.1220192640059072
linear,1200,pc,2,1.0077600559522972
linear,1200,pc,3,0.9284623430431299
linear,1200,pc,4,0.8677568398348585
linear,1200,pc,5,0.816912932386444
linear,1200,pc,6,0.7738686569926972
linear,1200,pc,7,0.735452123024792
linear,1200,pc,8,0.7027541377273904
linear,1200,pc,9,0.6729381692628538
linear,1200,pc,10,0.6477998802812005
linear,1200,pc,11,0.6287492949089654
linear,1200,pc,12,0.6140961254427176
linear,1200,pc,13,0.6020899210040019
linear,1200,pc,14,0.5906224368594646
linear,1200,pc,15,0.5822651311001329
linear,1200,pc,16,0.5744949366717136
linear,1200,pc,17,0.5654967326054076
linear,1200,pc,18,0.5583568163592343
linear,1200,pc,19,0.5530178277362503
linear,1200,pc,20,0.5463151423277933
linear,1200,pc,21,0.5400577180786587
linear,1200,pc,22,0.5357801293250104
linear,1200,pc,23,0.5300244431274949
linear,1200,pc,24,0.5241517070598071
linear,1200,pc,25,0.5222071258841096
linear,1200,pc,26,0.5176908470145526
linear,1200,pc,27,0.513433506274585
linear,1200,pc,28,0.5114963014672219
linear,1200,pc,29,0.510133001099023
linear,1200,pc,30,0.5068303286170364
linear,1200,pc,31,0.5056571261080501
linear,1200,pc,32,0.5038136171782016
linear,1200,pc,33,0.5048139094427566
linear,1200,pc,34,0.5039301247096768
linear,1200,pc,35,0.5031725038193836
linear,1200,pc,36,0.5027597077840759
linear,1200,pc,37,0.5039908282228186
linear,1200,pc,38,0.5030766109543726
linear,1200,pc,39,0.5042898310517853
linear,1200,pc,40,0.5056478461701883
linear,1200,pc,41,0.5045804862262567
linear,1200,pc,42,0.508535830391667
linear,1200,pc,43,0.5064851829949141
linear,1200,pc,44,0.5078580811918344
linear,1200,pc,45,0.5089101110162175
linear,1200,pc,46,0.5093986259817749
linear,1200,pc,47,0.5103206058985664
linear,1200,pc,48,0.5103625040300352
linear,1200,pc,49,0.5097947061076084
linear,1200,pc,50,0.5148522592788382
linear,1200,pc,51,0.5142908369264235
linear,1200,pc,52,0.5134220139153072
linear,1200,pc,53,0.5136112764158524
linear,1200,pc,54,0.5177017134059726
linear,1200,pc,55,0.51456115390509
linear,1200,pc,56,0.516881042973028
linear,1200,pc,57,0.5207935235818212
linear,1200,pc,58,0.5206203304918748
linear,1200,pc,59,0.5178970352644016
linear,1200,pc,60,0.5223799274376487
linear,1201,pc,1,1.102686668102855
linear,1201,pc,2,0.997371300979208
linear,1201,pc,3,0.9324722557442998
linear,1201,pc,4,0.8873268864277061
linear,1201,pc,5,0.8502489166604112
linear,1201,pc,6,0.8200876537840452
linear,1201,pc,7,0.7926214402211569
linear,1201,pc,8,0.7686173276412221
linear,1201,pc,9,0.7489091943566338
linear,1201,pc,10,0.7314687585002467
linear,1201,pc,11,0.717239842141656
linear,1201,pc,12,0.7040380356009032
linear,1201,pc,13,0.6935341070835589
linear,1201,pc,14,0.6821265910089688
linear,1201,pc,15,0.6756861075242718
linear,1201,pc,16,0.6678781794357705
linear,1201,pc,17,0.6635578601044946
linear,1201,pc,18,0.6563411705958818
linear,1201,pc,19,0.6512741834668249
linear,1201,pc,20,0.6476091398876236
linear,1201,pc,21,0.6434191447765508
linear,1201,pc,22,0.6381456944968561
linear,1201,pc,23,0.6360781653426101
linear,1201,pc,24,0.6316705727076783
linear,1201,pc,25,0.6272401157655465
linear,1201,pc,26,0.6261261085102893
linear,1201,pc,27,0.6228638378863098
linear,1201,pc,28,0.6190984958855976
linear,1201,pc,29,0.618784868401861
linear,1201,pc,30,0.616805416666146
linear,1201,pc,31,0.6159891331697684
linear,1201,pc,32,0.6130425796092761
linear,1201,pc,33,0.6162365469506415
linear,1201,pc,34,0.6142377809392106
linear,1201,pc,35,0.6119349240870163
linear,1201,pc,36,0.6124298207288758
linear,1201,pc,37,0.61348234416882
linear,1201,pc,38,0.6111984165772031
linear,1201,pc,39,0.61084989128699
linear,1201,pc,40,0.6113638690182817
linear,1201,pc,41,0.6139132882490149
linear,1201,pc,42,0.6104292095994627
linear,1201,pc,43,0.6097646555273978
linear,1201,pc,44,0.6140629146826444
linear,1201,pc,45,0.6089962975358136
linear,1201,pc,46,0.6117725356176261
linear,1201,pc,47,0.6150947829271273
linear,1201,pc,48,0.6091101900823537
linear,1201,pc,49,0.6158825613439369
linear,1201,pc,50,0.6141179312728305
linear,1201,pc,51,0.6112630431434741
linear,1201,pc,52,0.6156662708410722
linear,1201,pc,53,0.6138458239394958
linear,1201,pc,54,0.6127299662145078
linear,1201,pc,55,0.6123900882664278
linear,1201,pc,56,0.6148232542759431
linear,1201,pc,57,0.6131702071549285
linear,1201,pc,58,0.6147682290998432
linear,1201,pc,59,0.6175454130745875
linear,1201,pc,60,0.6131462580781671
linear,1202,pc,1,1.2131443059897373
linear,1202,pc,2,1.0592591705139551
linear,1202,pc,3,0.9601348745777587
linear,1202,pc,4,0.8889803642737562
linear,1202,pc,5,0.8379038538961726
linear,1202,pc,6,0.7965195565548818
linear,1202,pc,7,0.7606752996831982
linear,1202,pc,8,0.7335127004234825
linear,1202,pc,9,0.7090252773784597
linear,1202,pc,10,0.6886863931623255
linear,1202,pc,11,0.67135391784264
linear,1202,pc,12,0.6550567299803413
linear,1202,pc,13,0.6426275634171517
linear,1202,pc,14,0.6305644979221633
linear,1202,pc,15,0.6201215746162493
linear,1202,pc,16,0.6117215474874422
linear,1202,pc,17,0.6040602921468264
linear,1202,pc,18,0.5958852045748607
linear,1202,pc,19,0.588781952676465
linear,1202,pc,20,0.5846764221692947
linear,1202,pc,21,0.5782297695094574
linear,1202,pc,22,0.5727220320454934
linear,1202,pc,23,0.5662303431480288
linear,1202,pc,24,0.5621522254427388
linear,1202,pc,25,0.55786255638319
linear,1202,pc,26,0.5541100672595621
linear,1202,pc,27,0.5496674867269408
linear,1202,pc,28,0.5464709909181703
linear,1202,pc,29,0.542603078271087
linear,1202,pc,30,0.5415097150200276
linear,1202,pc,31,0.5382392718190004
linear,1202,pc,32,0.5356407942076594
linear,1202,pc,33,0.5324621642818849
linear,1202,pc,34,0.531148105944659
linear,1202,pc,35,0.5301491663553088
linear,1202,pc,36,0.5270501233379158
linear,1202,pc,37,0.5258599448155029
linear,1202,pc,38,0.5253109794986426
linear,1202,pc,39,0.5238294162138355
linear,1202,pc,40,0.5219545113807226
linear,1202,pc,41,0.5195639496378123
linear,1202,pc,42,0.5209457492019954
linear,1202,pc,43,0.5199563363722928
linear,1202,pc,44,0.5179417399873253
linear,1202,pc,45,0.518205580751948
linear,1202,pc,46,0.5193513522390395
linear,1202,pc,47,0.5194022907528281
linear,1202,pc,48,0.5194875660726392
linear,1202,pc,49,0.5169503772524
linear,1202,pc,50,0.5204793823271575
linear,1202,pc,51,0.5213221321107143
linear,1202,pc,52,0.5208901643569642
linear,1202,pc,53,0.5226015971657997
linear,1202,pc,54,0.519008423304334
linear,1202,pc,55,0.523024094849646
linear,1202,pc,56,0.5223185093381282
linear,1202,pc,57,0.5232379323574231
linear,1202,pc,58,0.5236167567441422
linear,1202,pc,59,0.5246085688229835
linear,1202,pc,60,0.5268408776773824
linear,1203,pc,1,1.0575860952177958
linear,1203,pc,2,0.9359003088428879
linear,1203,pc,3,0.8691909453043466
linear,1203,pc,4,0.8226858283518576
linear,1203,pc,5,0.783235309924159
linear,1203,pc,6,0.7485451942071709
linear,1203,pc,7,0.7241491839659732
linear,1203,pc,8,0.7057705100015651
linear,1203,pc,9,0.689310454686793
linear,1203,pc,10,0.674553478501525
linear,1203,pc,11,0.6616305740650478
linear,1203,pc,12,0.6506697991865208
linear,1203,pc,13,0.6394152397363976
linear,1203,pc,14,0.6277529140564527
linear,1203,pc,15,0.6172406360586268
linear,1203,pc,16,0.6070851721705901
linear,1203,pc,17,0.597840833186228
linear,1203,pc,18,0.5900990342204439
linear,1203,pc,19,0.583216955403477
linear,1203,pc,20,0.5779945613587633
linear,1203,pc,21,0.5725365660429543
linear,1203,pc,22,0.5677680303429403
linear,1203,pc,23,0.5643285684824237
linear,1203,pc,24,0.5603859471282613
linear,1203,pc,25,0.5587114395054872
linear,1203,pc,26,0.5572970137156973
linear,1203,pc,27,0.5566577994687448
linear,1203,pc,28,0.5554367070311242
linear,1203,pc,29,0.5529972734324141
linear,1203,pc,30,0.5516716591560443
linear,1203,pc,31,0.5518380593125506
linear,1203,pc,32,0.5522485048898687
linear,1203,pc,33,0.5522348339852915
linear,1203,pc,34,0.5544738115607505
linear,1203,pc,35,0.5526745899258382
linear,1203,pc,36,0.5523695531205474
linear,1203,pc,37,0.5537565098707034
linear,1203,pc,38,0.5529216641433025
linear,1203,pc,39,0.5523719121711147
linear,1203,pc,40,0.5555022913181433
linear,1203,pc,41,0.552742964711219
linear,1203,pc,42,0.5568147879227314
linear,1203,pc,43,0.5556995315943546
linear,1203,pc,44,0.5537610198816963
linear,1203,pc,45,0.5571386108548182
linear,1203,pc,46,0.55703631357378
linear,1203,pc,47,0.5569160730296954
linear,1203,pc,48,0.5577630797636096
linear,1203,pc,49,0.5573794063560632
linear,1203,pc,50,0.5600307394693642
linear,1203,pc,51,0.557639831091581
linear,1203,pc,52,0.5588473270123637
linear,1203,pc,53,0.5610388188839289
linear,1203,pc,54,0.5616968286959331
linear,1203,pc,55,0.5627148444090955
linear,1203,pc,56,0.5611055733531556
linear,1203,pc,57,0.5615065941835679
linear,1203,pc,58,0.5658283154707368
linear,1203,pc,59,0.5618137703648455
linear,1203,pc,60,0.5664529321611733
linear,1204,pc,1,1.3163263386096606
linear,1204,pc,2,1.1577316584898132
linear,1204,pc,3,1.0403392145620385
linear,1204,pc,4,0.9560634622939443
linear,1204,pc,5,0.8951497024249894
linear,1204,pc,6,0.849020384278457
linear,1204,pc,7,0.8109935292197067
linear,1204,pc,8,0.7805417683826227
linear,1204,pc,9,0.7574467429880555
linear,1204,pc,10,0.739526973948411
linear,1204,pc,11,0.7251465882099056
linear,1204,pc,12,0.7119624540574478
linear,1204,pc,13,0.7000235096142088
linear,1204,pc,14,0.690754620855856
linear,1204,pc,15,0.683094369570617
linear,1204,pc,16,0.6750467436302379
linear,1204,pc,17,0.6686414600419358
linear,1204,pc,18,0.6622983400976938
linear,1204,pc,19,0.6566678761443283
linear,1204,pc,20,0.6499810681634685
linear,1204,pc,21,0.6464073390479023
linear,1204,pc,22,0.642029222519223
linear,1204,pc,23,0.6357168123868703
linear,1204,pc,24,0.633513666068778
linear,1204,pc,25,0.6308777023514686
linear,1204,pc,26,0.6240955272234762
linear,1204,pc,27,0.6237001403425978
linear,1204,pc,28,0.6217823135053658
linear,1204,pc,29,0.6201400120948407
linear,1204,pc,30,0.6188890934993405
linear,1204,pc,31,0.6181600155210315
linear,1204,pc,32,0.6127448319515669
linear,1204,pc,33,0.6125767550597824
linear,1204,pc,34,0.6132010426924852
linear,1204,pc,35,0.6099089280654918
linear,1204,pc,36,0.6104621180085538
linear,1204,pc,37,0.6109283228141409
linear,1204,pc,38,0.6056247800028067
linear,1204,pc,39,0.6049223505731298
linear,1204,pc,40,0.6045945511524574
linear,1204,pc,41,0.6097177979749728
linear,1204,pc,42,0.6028112952608651
linear,1204,pc,43,0.603885418816814
linear,1204,pc,44,0.6055546509894327
linear,1204,pc,45,0.6081115717493591
linear,1204,pc,46,0.6011963094741943
linear,1204,pc,47,0.6044814183792165
linear,1204,pc,48,0.604731401192389
linear,1204,pc,49,0.6004335588907855
linear,1204,pc,50,0.6037218200690946
linear,1204,pc,51,0.6039182840284227
linear,1204,pc,52,0.60408444793577
linear,1204,pc,53,0.6034003435542625
linear,1204,pc,54,0.6043968313419004
linear,1204,pc,55,0.6007978948399225
linear,1204,pc,56,0.5986300241861141
linear,1204,pc,57,0.6037547795127938
linear,1204,pc,58,0.604811823271397
linear,1204,pc,59,0.6024103948771008
linear,1204,pc,60,0.6026728282803386
linear,1205,pc,1,1.2014867081431244
linear,1205,pc,2,1.0850600300183026
linear,1205,pc,3,1.0022013767560873
linear,1205,pc,4,0.9384149012841979
linear,1205,pc,5,0.8899714646970102
linear,1205,pc,6,0.8513743677928933
linear,1205,pc,7,0.82018202810333
linear,1205,pc,8,0.7920484859092558
linear,1205,pc,9,0.7664826221882447
linear,1205,pc,10,0.7444190972932144
linear,1205,pc,11,0.7225030683844675
linear,1205,pc,12,0.7028799304516613
linear,1205,pc,13,0.6851616972991071
linear,1205,pc,14,0.6708306923274808
linear,1205,pc,15,0.6580407735647863
linear,1205,pc,16,0.6464193639929349
linear,1205,pc,17,0.6358710257274328
linear,1205,pc,18,0.6271191427719327
linear,1205,pc,19,0.6165676702254547
linear,1205,pc,20,0.609974879244149
linear,1205,pc,21,0.604637316675555
linear,1205,pc,22,0.5965728810250494
linear,1205,pc,23,0.5918227891711769
linear,1205,pc,24,0.5867471761839639
linear,1205,pc,25,0.5819618160059958
linear,1205,pc,26,0.5803573127565945
linear,1205,pc,27,0.5768732775836328
linear,1205,pc,28,0.5725074467810874
linear,1205,pc,29,0.5694534021798768
linear,1205,pc,30,0.567712723726502
linear,1205,pc,31,0.5655265068151464
linear,1205,pc,32,0.5660417334154199
linear,1205,pc,33,0.5633542847145961
linear,1205,pc,34,0.5626729036653434
linear,1205,pc,35,0.5616321665571155
linear,1205,pc,36,0.5601660491070583
linear,1205,pc,37,0.5582680496135363
linear,1205,pc,38,0.5603720475535998
linear,1205,pc,39,0.5603158978777377
linear,1205,pc,40,0.5606313561470412
linear,1205,pc,41,0.556933518325479
linear,1205,pc,42,0.558707303863018
linear,1205,pc,43,0.5597042664636276
linear,1205,pc,44,0.5596136598952023
linear,1205,pc,45,0.560460022260917
linear,1205,pc,46,0.559136712629411
linear,1205,pc,47,0.5619175518442829
linear,1205,pc,48,0.5624584095167368
linear,1205,pc,49,0.5626640705077793
linear,1205,pc,50,0.5635284702981509
linear,1205,pc,51,0.5656208636074932
linear,1205,pc,52,0.5660360277753713
linear,1205,pc,53,0.566821727440522
linear,1205,pc,54,0.5685632575697506
linear,1205,pc,55,0.5692340607091011
linear,1205,pc,56,0.5685724531507431
linear,1205,pc,57,0.5715901122990119
linear,1205,pc,58,0.5730849853253104
linear,1205,pc,59,0.573903753535221
linear,1205,pc,60,0.5757713812886582
linear,1206,pc,1,1.0830261182433285
linear,1206,pc,2,0.9711260025556294
linear,1206,pc,3,0.8891021810312069
linear,1206,pc,4,0.8293404134659287
linear,1206,pc,5,0.7854824516133242
linear,1206,pc,6,0.7478890403848393
linear,1206,pc,7,0.715053484357469
linear,1206,pc,8,0.6885239896913221
linear,1206,pc,9,0.6638024479144063
linear,1206,pc,10,0.6440605779336265
linear,1206,pc,11,0.6291618923237815
linear,1206,pc,12,0.615648334289905
linear,1206,pc,13,0.6029307456379907
linear,1206,pc,14,0.5918651578671293
linear,1206,pc,15,0.5803530720921279
linear,1206,pc,16,0.5702788396941506
linear,1206,pc,17,0.5621455056768737
linear,1206,pc,18,0.5553393208604587
linear,1206,pc,19,0.5482599224776663
linear,1206,pc,20,0.5427060719308883
linear,1206,pc,21,0.53841192968354
linear,1206,pc,22,0.5322268863028037
linear,1206,pc,23,0.527768485235984
linear,1206,pc,24,0.5239693063980785
linear,1206,pc,25,0.5200124802119648
linear,1206,pc,26,0.5158916733529466
linear,1206,pc,27,0.5126355888759896
linear,1206,pc,28,0.5078607718822298
linear,1206,pc,29,0.5052054586437
linear,1206,pc,30,0.5015230751736555
linear,1206,pc,31,0.4985223036778892
linear,1206,pc,32,0.49568538785838306
linear,1206,pc,33,0.49377409316880866
linear,1206,pc,34,0.49165079226877023
linear,1206,pc,35,0.4898427443245754
linear,1206,pc,36,0.4849239544288368
linear,1206,pc,37,0.48466401449877
linear,1206,pc,38,0.48530878746779793
linear,1206,pc,39,0.4813526858392416
linear,1206,pc,40,0.4816196571418392
linear,1206,pc,41,0.4795098131982736
linear,1206,pc,42,0.4786361338058531
linear,1206,pc,43,0.4772804312829703
linear,1206,pc,44,0.4800566147809646
linear,1206,pc,45,0.4754737849983084
linear,1206,pc,46,0.47548099079124323
linear,1206,pc,47,0.4760529473776571
linear,1206,pc,48,0.4776082373273785
linear,1206,pc,49,0.4761870309913882
linear,1206,pc,50,0.4787030046484116
linear,1206,pc,51,0.4774011154722131
linear,1206,pc,52,0.47620287094736113
linear,1206,pc,53,0.4775193164230431
linear,1206,pc,54,0.48094446671521224
linear,1206,pc,55,0.4812277981987411
linear,1206,pc,56,0.4787277039304807
linear,1206,pc,57,0.4844907807199606
linear,1206,pc,58,0.48562196769051225
linear,1206,pc,59,0.48388228826998575
linear,1206,pc,60,0.48681813727678325
linear,1207,pc,1,1.0844208529331671
linear,1207,pc,2,0.9679715024044683
linear,1207,pc,3,0.894883497859431
linear,1207,pc,4,0.8395530969436115
linear,1207,pc,5,0.7943573113241155
linear,1207,pc,6,0.7573248481074911
linear,1207,pc,7,0.7268720496177844
linear,1207,pc,8,0.701785714694576
linear,1207,pc,9,0.6810526154091422
linear,1207,pc,10,0.6629375212308025
linear,1207,pc,11,0.6472566645305138
linear,1207,pc,12,0.6335278972057212
linear,1207,pc,13,0.6215905127511077
linear,1207,pc,14,0.6113495037429985
linear,1207,pc,15,0.6016640749768315
linear,1207,pc,16,0.5932821305936452
linear,1207,pc,17,0.5869539121214551
linear,1207,pc,18,0.5804679888454746
linear,1207,pc,19,0.5756066946767535
linear,1207,pc,20,0.5705714856898555
linear,1207,pc,21,0.5670602001572163
linear,1207,pc,22,0.5616840861596916
linear,1207,pc,23,0.5576390213535943
linear,1207,pc,24,0.5528247404104752
linear,1207,pc,25,0.5497880607583928
linear,1207,pc,26,0.5449250638093196
linear,1207,pc,27,0.5392891501262709
linear,1207,pc,28,0.5365456658293277
linear,1207,pc,29,0.5334398869208804
linear,1207,pc,30,0.5299168493607386
linear,1207,pc,31,0.5269218633731215
linear,1207,pc,32,0.5254135220936778
linear,1207,pc,33,0.5231209013756076
linear,1207,pc,34,0.5197424545818424
linear,1207,pc,35,0.5180235589730775
linear,1207,pc,36,0.5177334156652783
linear,1207,pc,37,0.5164243156865111
linear,1207,pc,38,0.5145503949200042
linear,1207,pc,39,0.5118752578748084
linear,1207,pc,40,0.5116860281946757
linear,1207,pc,41,0.5129385909840483
linear,1207,pc,42,0.5108830853944258
linear,1207,pc,43,0.5096305115709937
linear,1207,pc,44,0.5089322826775983
linear,1207,pc,45,0.5083929074156294
linear,1207,pc,46,0.5080117651416599
linear,1207,pc,47,0.5077621157246712
linear,1207,pc,48,0.5083050436708848
linear,1207,pc,49,0.5082269899405566
linear,1207,pc,50,0.5064453192247235
linear,1207,pc,51,0.5086046124512077
linear,1207,pc,52,0.5081244426258181
linear,1207,pc,53,0.5090600791331539
linear,1207,pc,54,0.507704021726157
linear,1207,pc,55,0.5093002490268107
linear,1207,pc,56,0.5091916353032336
linear,1207,pc,57,0.5095671795929816
linear,1207,pc,58,0.511472039759778
linear,1207,pc,59,0.5122406242353934
linear,1207,pc,60,0.5124868170504534
linear,1208,pc,1,1.0218814723427512
linear,1208,pc,2,0.9172380678212022
linear,1208,pc,3,0.8462219473607648
linear,1208,pc,4,0.7949404320715171
linear,1208,pc,5,0.75756405147205
linear,1208,pc,6,0.7264353780538896
linear,1208,pc,7,0.6994203524015606
linear,1208,pc,8,0.6758922951668195
linear,1208,pc,9,0.6549622472736104
linear,1208,pc,10,0.6377743877388959
linear,1208,pc,11,0.6243447606429158
linear,1208,pc,12,0.6110946777694298
linear,1208,pc,13,0.600329408172059
linear,1208,pc,14,0.5912235416598566
linear,1208,pc,15,0.5831764103135842
linear,1208,pc,16,0.5752087838854654
linear,1208,pc,17,0.569342185825266
linear,1208,pc,18,0.5634729727690169
linear,1208,pc,19,0.5594332165461292
linear,1208,pc,20,0.5556397590606378
linear,1208,pc,21,0.5534038858250687
linear,1208,pc,22,0.5529210276695079
linear,1208,pc,23,0.5514323711215304
linear,1208,pc,24,0.548593993963781
linear,1208,pc,25,0.5479250147992069
linear,1208,pc,26,0.5484128761307069
linear,1208,pc,27,0.5436276914600723
linear,1208,pc,28,0.5455705777067003
linear,1208,pc,29,0.5435170901392913
linear,1208,pc,30,0.5446176822434424
linear,1208,pc,31,0.5463724944803002
linear,1208,pc,32,0.5451857198538557
linear,1208,pc,33,0.5404043416434772
linear,1208,pc,34,0.5424388293081003
linear,1208,pc,35,0.5440107288521712
linear,1208,pc,36,0.545123255601211
linear,1208,pc,37,0.5423484668074573
linear,1208,pc,38,0.5431871092786419
linear,1208,pc,39,0.54603148703486
linear,1208,pc,40,0.5445717533615951
linear,1208,pc,41,0.5459029745339916
linear,1208,pc,42,0.5473879299630966
linear,1208,pc,43,0.5463570149528967
linear,1208,pc,44,0.5495476346999898
linear,1208,pc,45,0.5492353956963235
linear,1208,pc,46,0.5476131947236008
linear,1208,pc,47,0.5510801188790054
linear,1208,pc,48,0.5554711725508179
linear,1208,pc,49,0.5551910495306324
linear,1208,pc,50,0.5552354842392891
linear,1208,pc,51,0.5581847360781204
linear,1208,pc,52,0.5581550953719755
linear,1208,pc,53,0.5635353154215134
linear,1208,pc,54,0.563629522655812
linear,1208,pc,55,0.5630829325451859
linear,1208,pc,56,0.5685224302533286
linear,1208,pc,57,0.5724074238631188
linear,1208,pc,58,0.5727168701609688
linear,1208,pc,59,0.5736026889803172
linear,1208,pc,60,0.57499101113096
linear,1209,pc,1,1.1554643022721016
linear,1209,pc,2,0.9985002674050527
linear,1209,pc,3,0.8940705494879371
linear,1209,pc,4,0.8206787117924622
linear,1209,pc,5,0.7676668730363726
linear,1209,pc,6,0.7272221640193374
linear,1209,pc,7,0.6965943438370917
linear,1209,pc,8,0.6690477855733975
linear,1209,pc,9,0.6447114919930439
linear,1209,pc,10,0.6256428892773066
linear,1209,pc,11,0.6104064374676335
linear,1209,pc,12,0.596130245283454
linear,1209,pc,13,0.5831541958954412
linear,1209,pc,14,0.5723905530317415
linear,1209,pc,15,0.5626517086752693
linear,1209,pc,16,0.5557211017260718
linear,1209,pc,17,0.5493891672306975
linear,1209,pc,18,0.5429545584786664
linear,1209,pc,19,0.5379324959397039
linear,1209,pc,20,0.532288206746614
linear,1209,pc,21,0.5276686348240365
linear,1209,pc,22,0.5216840621829782
linear,1209,pc,23,0.51809702085115
linear,1209,pc,24,0.5140453009069454
linear,1209,pc,25,0.5106596633944877
linear,1209,pc,26,0.5057342867683102
linear,1209,pc,27,0.5017637228596254
linear,1209,pc,28,0.49908812693694665
linear,1209,pc,29,0.4960303210909336
linear,1209,pc,30,0.4942532488393117
linear,1209,pc,31,0.4913226988298532
linear,1209,pc,32,0.4891752986892452
linear,1209,pc,33,0.4876790394421167
linear,1209,pc,34,0.48540212388165266
linear,1209,pc,35,0.4845591323719058
linear,1209,pc,36,0.48505088984154393
linear,1209,pc,37,0.48268986309571216
linear,1209,pc,38,0.4836705493434414
linear,1209,pc,39,0.48241288652050657
linear,1209,pc,40,0.48066283193552656
linear,1209,pc,41,0.48330175313081397
linear,1209,pc,42,0.48117831933220323
linear,1209,pc,43,0.48256288973021166
linear,1209,pc,44,0.47986229491731214
linear,1209,pc,45,0.48121481897694734
linear,1209,pc,46,0.4832428321252824
linear,1209,pc,47,0.48250228941421486
linear,1209,pc,48,0.4844179979254233
linear,1209,pc,49,0.485300741777537
linear,1209,pc,50,0.48650268232531363
linear,1209,pc,51,0.48821588536898025
linear,1209,pc,52,0.48785195872176157
linear,1209,pc,53,0.491228835727987
linear,1209,pc,54,0.49049770325456654
linear,1209,pc,55,0.497491103197018
linear,1209,pc,56,0.49465881426431163
linear,1209,pc,57,0.497882316728647
linear,1209,pc,58,0.49914045278376884
linear,1209,pc,59,0.502660290699839
linear,1209,pc,60,0.504520420717986
linear,1210,pc,1,1.0852491611297648
linear,1210,pc,2,0.9773263288720049
linear,1210,pc,3,0.9016523469081137
linear,1210,pc,4,0.8481706117168906
linear,1210,pc,5,0.8092976911365913
linear,1210,pc,6,0.7781148652238977
linear,1210,pc,7,0.7519149417622462
linear,1210,pc,8,0.7269373800053085
linear,1210,pc,9,0.7031527718627579
linear,1210,pc,10,0.6830595081510104
linear,1210,pc,11,0.6636349351626987
linear,1210,pc,12,0.64691729224212
linear,1210,pc,13,0.6314478760383654
linear,1210,pc,14,0.6208304268079595
linear,1210,pc,15,0.6112742022704571
linear,1210,pc,16,0.60401399967497
linear,1210,pc,17,0.5983247738602556
linear,1210,pc,18,0.5924787296303627
linear,1210,pc,19,0.5884654662552791
linear,1210,pc,20,0.5839285935572903
linear,1210,pc,21,0.5798798135085216
linear,1210,pc,22,0.5751160046867205
linear,1210,pc,23,0.5703301663008125
linear,1210,pc,24,0.5682220480908424
linear,1210,pc,25,0.5624219972739325
linear,1210,pc,26,0.5597240039349737
linear,1210,pc,27,0.5545230877736341
linear,1210,pc,28,0.5509605123258247
linear,1210,pc,29,0.5482797734990186
linear,1210,pc,30,0.5451317577545208
linear,1210,pc,31,0.5408686739683651
linear,1210,pc,32,0.538708517602272
linear,1210,pc,33,0.5366697303586874
linear,1210,pc,34,0.5338571721270716
linear,1210,pc,35,0.5302131411672958
linear,1210,pc,36,0.5300710188595629
linear,1210,pc,37,0.5309155083070868
linear,1210,pc,38,0.5295747053354324
linear,1210,pc,39,0.5263963129637067
linear,1210,pc,40,0.5251018942782099
linear,1210,pc,41,0.5270182715918343
linear,1210,pc,42,0.5298759258194395
linear,1210,pc,43,0.5264173846966126
linear,1210,pc,44,0.5288950928617807
linear,1210,pc,45,0.5285038884417176
linear,1210,pc,46,0.5305428251154539
linear,1210,pc,47,0.5317704366400269
linear,1210,pc,48,0.5299656640667775
linear,1210,pc,49,0.5362933472569119
linear,1210,pc,50,0.5340588195664108
linear,1210,pc,51,0.5338239311813567
linear,1210,pc,52,0.5379330591351549
linear,1210,pc,53,0.5380246144087523
linear,1210,pc,54,0.5395652951007252
linear,1210,pc,55,0.5395348227675735
linear,1210,pc,56,0.5437272577902282
linear,1210,pc,57,0.5448556296168965
linear,1210,pc,58,0.5482033638378315
linear,1210,pc,59,0.545087071477225
linear,1210,pc,60,0.5493711610217175
linear,1211,pc,1,1.0637455164891094
linear,1211,pc,2,0.9549001701784358
linear,1211,pc,3,0.8843378408074715
linear,1211,pc,4,0.8302211549589579
linear,1211,pc,5,0.7860564542895432
linear,1211,pc,6,0.7487275210629362
linear,1211,pc,7,0.7167550140412904
linear,1211,pc,8,0.6897116992702919
linear,1211,pc,9,0.6656079821553403
linear,1211,pc,10,0.6435781853509978
linear,1211,pc,11,0.6261126811358696
linear,1211,pc,12,0.6112686601407423
linear,1211,pc,13,0.5979407641447777
linear,1211,pc,14,0.5864754931972872
linear,1211,pc,15,0.5776326581240219
linear,1211,pc,16,0.5693051119437492
linear,1211,pc,17,0.5619307137599021
linear,1211,pc,18,0.5563836322571992
linear,1211,pc,19,0.5511231325888138
linear,1211,pc,20,0.5461594558782806
linear,1211,pc,21,0.5414707020870327
linear,1211,pc,22,0.5374934512330037
linear,1211,pc,23,0.5332770272662226
linear,1211,pc,24,0.5301665235467213
linear,1211,pc,25,0.5285311554083905
linear,1211,pc,26,0.5242235700008696
linear,1211,pc,27,0.5210409605638258
linear,1211,pc,28,0.5196717024001399
linear,1211,pc,29,0.5191207342705072
linear,1211,pc,30,0.5162954270129049
linear,1211,pc,31,0.5140667987017676
linear,1211,pc,32,0.5119015768670937
linear,1211,pc,33,0.5112057537252789
linear,1211,pc,34,0.5105283898154099
linear,1211,pc,35,0.5093711751180644
linear,1211,pc,36,0.5084426852668167
linear,1211,pc,37,0.5060301150624755
linear,1211,pc,38,0.5039058099147216
linear,1211,pc,39,0.5077461828255936
linear,1211,pc,40,0.5058272055714902
linear,1211,pc,41,0.5034976881998269
linear,1211,pc,42,0.5022766451030285
linear,1211,pc,43,0.5024403520704354
linear,1211,pc,44,0.503482507911821
linear,1211,pc,45,0.5039310877263142
linear,1211,pc,46,0.5051451948853583
linear,1211,pc,47,0.4995255929775433
linear,1211,pc,48,0.5057511319710156
linear,1211,pc,49,0.5051531212221549
linear,1211,pc,50,0.5034234914927346
linear,1211,pc,51,0.505179793941967
linear,1211,pc,52,0.5033198812956066
linear,1211,pc,53,0.5040749989806305
linear,1211,pc,54,0.506635459720081
linear,1211,pc,55,0.503819718464864
linear,1211,pc,56,0.5033518915913241
linear,1211,pc,57,0.5096460315860364
linear,1211,pc,58,0.5080878192214308
linear,1211,pc,59,0.5055054756706795
linear,1211,pc,60,0.5050758200467736
linear,1212,pc,1,1.110292402957132
linear,1212,pc,2,1.0052991876482416
linear,1212,pc,3,0.9405320558180691
linear,1212,pc,4,0.8886427253597722
linear,1212,pc,5,0.8470215270906621
linear,1212,pc,6,0.8118271220342917
linear,1212,pc,7,0.7817514102829861
linear,1212,pc,8,0.7556553745120876
linear,1212,pc,9,0.7330125759087528
linear,1212,pc,10,0.7131897625794797
linear,1212,pc,11,0.695067932366728
linear,1212,pc,12,0.6796910052161124
linear,1212,pc,13,0.665055987379611
linear,1212,pc,14,0.6504140222345036
linear,1212,pc,15,0.6366115718112374
linear,1212,pc,16,0.6233132234869251
linear,1212,pc,17,0.6129176198531793
linear,1212,pc,18,0.6030817389610053
linear,1212,pc,19,0.59311749093113
linear,1212,pc,20,0.5844051943626629
linear,1212,pc,21,0.5760910387391959
linear,1212,pc,22,0.5708840817824125
linear,1212,pc,23,0.5646201056643222
linear,1212,pc,24,0.5588557664604034
linear,1212,pc,25,0.5530843376287965
linear,1212,pc,26,0.5483546218940162
linear,1212,pc,27,0.5427332498752694
linear,1212,pc,28,0.5393127220580157
linear,1212,pc,29,0.5352226582045922
linear,1212,pc,30,0.5334959477185982
linear,1212,pc,31,0.5293513592452932
linear,1212,pc,32,0.5272127495023854
linear,1212,pc,33,0.5252145403595191
linear,1212,pc,34,0.5221105271523884
linear,1212,pc,35,0.5211612034745097
linear,1212,pc,36,0.519132116651421
linear,1212,pc,37,0.5186867879348845
linear,1212,pc,38,0.5169556830403662
linear,1212,pc,39,0.516360671008164
linear,1212,pc,40,0.5146647602662074
linear,1212,pc,41,0.5145205811572655
linear,1212,pc,42,0.5162696770781574
linear,1212,pc,43,0.5158210840619445
linear,1212,pc,44,0.5138940611047875
linear,1212,pc,45,0.5162591019552597
linear,1212,pc,46,0.516614519358138
linear,1212,pc,47,0.5169811501471328
linear,1212,pc,48,0.5174692153363385
linear,1212,pc,49,0.5171013512165991
linear,1212,pc,50,0.5231195781860039
linear,1212,pc,51,0.5211480311527393
linear,1212,pc,52,0.523087221789318
linear,1212,pc,53,0.5237882178370763
linear,1212,pc,54,0.5268049993740332
linear,1212,pc,55,0.5271854170058256
linear,1212,pc,56,0.5291057688787135
linear,1212,pc,57,0.5319731724734132
linear,1212,pc,58,0.5352319474089441
linear,1212,pc,59,0.53642867908441
linear,1212,pc,60,0.5351591449107219
linear,1213,pc,1,1.0785630407003177
linear,1213,pc,2,0.9343371381705537
linear,1213,pc,3,0.8496240255775939
linear,1213,pc,4,0.7933100610947396
linear,1213,pc,5,0.752798912842319
linear,1213,pc,6,0.7211294145448878
linear,1213,pc,7,0.6939718181707524
linear,1213,pc,8,0.669561685556784
linear,1213,pc,9,0.6498428701598442
linear,1213,pc,10,0.63432574771639
linear,1213,pc,11,0.6230991874862094
linear,1213,pc,12,0.6134892519399933
linear,1213,pc,13,0.6052142889436875
linear,1213,pc,14,0.5986026647883458
linear,1213,pc,15,0.5906663211762391
linear,1213,pc,16,0.5858131303458342
linear,1213,pc,17,0.5795684391382588
linear,1213,pc,18,0.5746062597297275
linear,1213,pc,19,0.5705702256186569
linear,1213,pc,20,0.5672935268354143
linear,1213,pc,21,0.5642399402440658
linear,1213,pc,22,0.5620787064575268
linear,1213,pc,23,0.555550420651292
linear,1213,pc,24,0.5560302593960545
linear,1213,pc,25,0.5571465426087978
linear,1213,pc,26,0.5570710543593925
linear,1213,pc,27,0.552248009823427
linear,1213,pc,28,0.553533530308801
linear,1213,pc,29,0.5522153675601081
linear,1213,pc,30,0.5551438643363742
linear,1213,pc,31,0.5546827974278278
linear,1213,pc,32,0.5546139066331475
linear,1213,pc,33,0.5562924581474314
linear,1213,pc,34,0.555879526516076
linear,1213,pc,35,0.5568764403715787
linear,1213,pc,36,0.558818497958954
linear,1213,pc,37,0.5581997230729647
linear,1213,pc,38,0.5570541468562745
linear,1213,pc,39,0.5619267584338251
linear,1213,pc,40,0.5639767900284934
linear,1213,pc,41,0.5659891551457723
linear,1213,pc,42,0.5655599841901483
linear,1213,pc,43,0.5672833808225777
linear,1213,pc,44,0.5699225974363493
linear,1213,pc,45,0.5703885593957799
linear,1213,pc,46,0.5740754330099369
linear,1213,pc,47,0.5744796554451113
linear,1213,pc,48,0.581603042649784
linear,1213,pc,49,0.5797255786310365
linear,1213,pc,50,0.5787542343220843
linear,1213,pc,51,0.584482571696915
linear,1213,pc,52,0.5874954854587989
linear,1213,pc,53,0.5874322248204534
linear,1213,pc,54,0.5873800712392233
linear,1213,pc,55,0.5902811972729914
linear,1213,pc,56,0.5908757066667469
linear,1213,pc,57,0.5968507502435959
linear,1213,pc,58,0.5928430963093186
linear,1213,pc,59,0.5988118809862134
linear,1213,pc,60,0.598022179028909
linear,1214,pc,1,1.0642244515289272
linear,1214,pc,2,0.9596274420055928
linear,1214,pc,3,0.8965742799602925
linear,1214,pc,4,0.8435366304333797
linear,1214,pc,5,0.7970266458561692
linear,1214,pc,6,0.7578859862900575
linear,1214,pc,7,0.725073045090116
linear,1214,pc,8,0.69534214306728
linear,1214,pc,9,0.6688429289870633
linear,1214,pc,10,0.6468937036252508
linear,1214,pc,11,0.6286515061384441
linear,1214,pc,12,0.6130029155189418
linear,1214,pc,13,0.5986260427854316
linear,1214,pc,14,0.5856799586831296
linear,1214,pc,15,0.575364029525393
linear,1214,pc,16,0.5666479505168679
linear,1214,pc,17,0.5576645299857068
linear,1214,pc,18,0.5509977240248704
linear,1214,pc,19,0.544205766353537
linear,1214,pc,20,0.5383212137009904
linear,1214,pc,21,0.5345020563311486
linear,1214,pc,22,0.5325288170063579
linear,1214,pc,23,0.5285222822615581
linear,1214,pc,24,0.5248851761657597
linear,1214,pc,25,0.5247212285327321
linear,1214,pc,26,0.5252663082165349
linear,1214,pc,27,0.523202881523249
linear,1214,pc,28,0.5202092302539114
linear,1214,pc,29,0.5199245035365885
linear,1214,pc,30,0.520858736366053
linear,1214,pc,31,0.5176011483427123
linear,1214,pc,32,0.5173703876741708
linear,1214,pc,33,0.5171561132156208
linear,1214,pc,34,0.5137226850155799
linear,1214,pc,35,0.514105799290329
linear,1214,pc,36,0.514078440456342
linear,1214,pc,37,0.5126608702222829
linear,1214,pc,38,0.5123806763412948
linear,1214,pc,39,0.5113557425196478
linear,1214,pc,40,0.5114706393831695
linear,1214,pc,41,0.5110054718784819
linear,1214,pc,42,0.5079592129328391
linear,1214,pc,43,0.5096238124124652
linear,1214,pc,44,0.5112298909442555
linear,1214,pc,45,0.5077249030704131
linear,1214,pc,46,0.5090880617035896
linear,1214,pc,47,0.509397216611676
linear,1214,pc,48,0.5080196295955369
linear,1214,pc,49,0.5087745101770725
linear,1214,pc,50,0.5088346680572161
linear,1214,pc,51,0.509600096690944
linear,1214,pc,52,0.5093827814727089
linear,1214,pc,53,0.5095631371553363
linear,1214,pc,54,0.5100734750041168
linear,1214,pc,55,0.5104413015487536
linear,1214,pc,56,0.5106105886210462
linear,1214,pc,57,0.5086026944823866
linear,1214,pc,58,0.5112386119793993
linear,1214,pc,59,0.5108902553496721
linear,1214,pc,60,0.510214176513922
linear,1215,pc,1,1.1878483698534075
linear,1215,pc,2,1.059916879123647
linear,1215,pc,3,0.973400927671397
linear,1215,pc,4,0.9118241899441243
linear,1215,pc,5,0.8630943996547448
linear,1215,pc,6,0.8239370996633942
linear,1215,pc,7,0.7887715141939835
linear,1215,pc,8,0.7591091832176257
linear,1215,pc,9,0.7372876668787715
linear,1215,pc,10,0.7196909152396002
linear,1215,pc,11,0.7045209554551803
linear,1215,pc,12,0.691117629791293
linear,1215,pc,13,0.6794441012252262
linear,1215,pc,14,0.6692975681392396
linear,1215,pc,15,0.6608997181485535
linear,1215,pc,16,0.6533003996173038
linear,1215,pc,17,0.6472223579462714
linear,1215,pc,18,0.6430563139833859
linear,1215,pc,19,0.6381938695347579
linear,1215,pc,20,0.6357800501696904
linear,1215,pc,21,0.6311597372986791
linear,1215,pc,22,0.6251628033969169
linear,1215,pc,23,0.6216098999271193
linear,1215,pc,24,0.6208820332837424
linear,1215,pc,25,0.6158154237604901
linear,1215,pc,26,0.6131963481553181
linear,1215,pc,27,0.6106125402675483
linear,1215,pc,28,0.6073753928489926
linear,1215,pc,29,0.6039773188994139
linear,1215,pc,30,0.6040466608626448
linear,1215,pc,31,0.6000854354823207
linear,1215,pc,32,0.5975947783360916
linear,1215,pc,33,0.5968184590811582
linear,1215,pc,34,0.5944940725179545
linear,1215,pc,35,0.592946515936344
linear,1215,pc,36,0.5871305620051729
linear,1215,pc,37,0.5898283803684936
linear,1215,pc,38,0.5911574890439305
linear,1215,pc,39,0.5819860506077006
linear,1215,pc,40,0.5824063403987095
linear,1215,pc,41,0.5872801575431916
linear,1215,pc,42,0.5785132013310155
linear,1215,pc,43,0.5801832060610385
linear,1215,pc,44,0.580078548986763
linear,1215,pc,45,0.5756124889329645
linear,1215,pc,46,0.572306755233951
linear,1215,pc,47,0.570760891245116
linear,1215,pc,48,0.5684462420333288
linear,1215,pc,49,0.5734556453423899
linear,1215,pc,50,0.5682823430434211
linear,1215,pc,51,0.5653110938332931
linear,1215,pc,52,0.5661428858624654
linear,1215,pc,53,0.5644325277214485
linear,1215,pc,54,0.5636297814950525
linear,1215,pc,55,0.563705864130606
linear,1215,pc,56,0.5585907607672352
linear,1215,pc,57,0.559367479368109
linear,1215,pc,58,0.5590417643352961
linear,1215,pc,59,0.5618361294185097
linear,1215,pc,60,0.5547999475583734
linear,1216,pc,1,1.1330540797466178
linear,1216,pc,2,0.9992633743519838
linear,1216,pc,3,0.9135307763025325
linear,1216,pc,4,0.8543483070131019
linear,1216,pc,5,0.8108721455414704
linear,1216,pc,6,0.774701577268648
linear,1216,pc,7,0.7429025549958751
linear,1216,pc,8,0.7146936726575644
linear,1216,pc,9,0.6902098300262919
linear,1216,pc,10,0.6698156974331942
linear,1216,pc,11,0.6534937239568693
linear,1216,pc,12,0.638142300323148
linear,1216,pc,13,0.6229942173144356
linear,1216,pc,14,0.6125453282922936
linear,1216,pc,15,0.6029462124078587
linear,1216,pc,16,0.5939132009042941
linear,1216,pc,17,0.5873810718012691
linear,1216,pc,18,0.5803924575646469
linear,1216,pc,19,0.5719160732384715
linear,1216,pc,20,0.5683497142719233
linear,1216,pc,21,0.5650659365459638
linear,1216,pc,22,0.560245979219051
linear,1216,pc,23,0.5559763043742741
linear,1216,pc,24,0.5527441834161779
linear,1216,pc,25,0.5501153904456865
linear,1216,pc,26,0.5457589683089408
linear,1216,pc,27,0.5430715850734514
linear,1216,pc,28,0.540122037240358
linear,1216,pc,29,0.5385011234914837
linear,1216,pc,30,0.5384528223863477
linear,1216,pc,31,0.5354717584595905
linear,1216,pc,32,0.5359932677085769
linear,1216,pc,33,0.5305521825610349
linear,1216,pc,34,0.5310028306462952
linear,1216,pc,35,0.5325873438762555
linear,1216,pc,36,0.529851322744144
linear,1216,pc,37,0.5300196547306099
linear,1216,pc,38,0.5259617053302897
linear,1216,pc,39,0.5270748293294579
linear,1216,pc,40,0.527249649859748
linear,1216,pc,41,0.5275698209602024
linear,1216,pc,42,0.5260800901514854
linear,1216,pc,43,0.5269042017449559
linear,1216,pc,44,0.5292811685078086
linear,1216,pc,45,0.5238552351849015
linear,1216,pc,46,0.5249436744425576
linear,1216,pc,47,0.5265826096596625
linear,1216,pc,48,0.524718925202074
linear,1216,pc,49,0.5250046044901951
linear,1216,pc,50,0.5254757499136652
linear,1216,pc,51,0.5245788258550697
linear,1216,pc,52,0.5244468502544813
linear,1216,pc,53,0.5279519814299691
linear,1216,pc,54,0.5243644889078389
linear,1216,pc,55,0.5244390829509163
linear,1216,pc,56,0.5217861908373088
linear,1216,pc,57,0.5222356850514184
linear,1216,pc,58,0.5242047671981654
linear,1216,pc,59,0.5255530035149271
linear,1216,pc,60,0.5231184314294396
linear,1217,pc,1,1.0333949088485141
linear,1217,pc,2,0.9243008097488138
linear,1217,pc,3,0.8475360908515709
linear,1217,pc,4,0.78810452391765
linear,1217,pc,5,0.7374425281482461
linear,1217,pc,6,0.6946440523936229
linear,1217,pc,7,0.6606243677523734
linear,1217,pc,8,0.6318920709186152
linear,1217,pc,9,0.6075354761670618
linear,1217,pc,10,0.5899844908716635
linear,1217,pc,11,0.5762409147639235
linear,1217,pc,12,0.5646671619782657
linear,1217,pc,13,0.5548697429157188
linear,1217,pc,14,0.546094347229654
linear,1217,pc,15,0.5380106641675307
linear,1217,pc,16,0.5304481709870749
linear,1217,pc,17,0.5239457594289688
linear,1217,pc,18,0.5167724766640458
linear,1217,pc,19,0.5111820632420737
linear,1217,pc,20,0.505752849041173
linear,1217,pc,21,0.5003938934586779
linear,1217,pc,22,0.49697278097674974
linear,1217,pc,23,0.49296847273127903
linear,1217,pc,24,0.48792572952856467
linear,1217,pc,25,0.4850849130946489
linear,1217,pc,26,0.4830410215133006
linear,1217,pc,27,0.4812717131647664
linear,1217,pc,28,0.47987620103727596
linear,1217,pc,29,0.4759922186194812
linear,1217,pc,30,0.47508025769740675
linear,1217,pc,31,0.4758251959713688
linear,1217,pc,32,0.4731548628079514
linear,1217,pc,33,0.47126001693559094
linear,1217,pc,34,0.4714965049800745
linear,1217,pc,35,0.4707980106025438
linear,1217,pc,36,0.46869288802955955
linear,1217,pc,37,0.4697885804315745
linear,1217,pc,38,0.467135703550259
linear,1217,pc,39,0.47082115445858747
linear,1217,pc,40,0.46940567827379337
linear,1217,pc,41,0.46679066526556684
linear,1217,pc,42,0.4705035410055835
linear,1217,pc,43,0.4674684998464005
linear,1217,pc,44,0.4673467494672856
linear,1217,pc,45,0.47096339041514956
linear,1217,pc,46,0.467510464795948
linear,1217,pc,47,0.4706381316042505
linear,1217,pc,48,0.46989673684919664
linear,1217,pc,49,0.47195568736810517
linear,1217,pc,50,0.4709166836275422
linear,1217,pc,51,0.47325626550975614
linear,1217,pc,52,0.47043016402306703
linear,1217,pc,53,0.47246668683060583
linear,1217,pc,54,0.47470519873834727
linear,1217,pc,55,0.4732396932272091
linear,1217,pc,56,0.47689382117684787
linear,1217,pc,57,0.47575516154340836
linear,1217,pc,58,0.47888971523332374
linear,1217,pc,59,0.4805867168867624
linear,1217,pc,60,0.47762695841669184
linear,1218,pc,1,1.1459208738267572
linear,1218,pc,2,1.0296250508295073
linear,1218,pc,3,0.9517941749851323
linear,1218,pc,4,0.8902023638106783
linear,1218,pc,5,0.8405098979809195
linear,1218,pc,6,0.8026882611211783
linear,1218,pc,7,0.771669880230944
linear,1218,pc,8,0.7475600625665821
linear,1218,pc,9,0.726846149944782
linear,1218,pc,10,0.7092114326378028
linear,1218,pc,11,0.6945183846334189
linear,1218,pc,12,0.6797728824228401
linear,1218,pc,13,0.665419219376533
linear,1218,pc,14,0.6511476591527249
linear,1218,pc,15,0.638653301233481
linear,1218,pc,16,0.6276818717449014
linear,1218,pc,17,0.6185542717521654
linear,1218,pc,18,0.6087069078659338
linear,1218,pc,19,0.600813290004649
linear,1218,pc,20,0.5929084907156337
linear,1218,pc,21,0.5847761379103126
linear,1218,pc,22,0.5803468575083551
linear,1218,pc,23,0.573763627391539
linear,1218,pc,24,0.5705437936359287
linear,1218,pc,25,0.564970100606868
linear,1218,pc,26,0.5613137055729513
linear,1218,pc,27,0.5579264405008683
linear,1218,pc,28,0.5546769002381772
linear,1218,pc,29,0.5513817597273597
linear,1218,pc,30,0.5514092239671998
linear,1218,pc,31,0.5488994228918759
linear,1218,pc,32,0.5471350874374531
linear,1218,pc,33,0.5449385918076387
linear,1218,pc,34,0.54476439886063
linear,1218,pc,35,0.5426058427434811
linear,1218,pc,36,0.5430602269298731
linear,1218,pc,37,0.5439708583040775
linear,1218,pc,38,0.5412491096124589
linear,1218,pc,39,0.5427637192343971
linear,1218,pc,40,0.543263901136844
linear,1218,pc,41,0.5415075406864223
linear,1218,pc,42,0.5448067531821915
linear,1218,pc,43,0.5430997645548229
linear,1218,pc,44,0.5454096773776959
linear,1218,pc,45,0.5453004741304005
linear,1218,pc,46,0.5479232481446225
linear,1218,pc,47,0.5487169256165232
linear,1218,pc,48,0.5488322315801138
linear,1218,pc,49,0.552536215409119
linear,1218,pc,50,0.5542866680934907
linear,1218,pc,51,0.5550484310468372
linear,1218,pc,52,0.5560341997050938
linear,1218,pc,53,0.5636614162502701
linear,1218,pc,54,0.5609579161766096
linear,1218,pc,55,0.5624525207566999
linear,1218,pc,56,0.5674196091543391
linear,1218,pc,57,0.5716152124365452
linear,1218,pc,58,0.5701784019204763
linear,1218,pc,59,0.5754900789082724
linear,1218,pc,60,0.5796889527458363
linear,1219,pc,1,1.1604082815021717
linear,1219,pc,2,1.0385249579873232
linear,1219,pc,3,0.9704958581900506
linear,1219,pc,4,0.9222362347708049
linear,1219,pc,5,0.8839449378130785
linear,1219,pc,6,0.8513616025992778
linear,1219,pc,7,0.8251526113158141
linear,1219,pc,8,0.8019331329768477
linear,1219,pc,9,0.7801587872264166
linear,1219,pc,10,0.7623221369812675
linear,1219,pc,11,0.7457233386835339
linear,1219,pc,12,0.7341721277708166
linear,1219,pc,13,0.724230459784132
linear,1219,pc,14,0.7139618592041695
linear,1219,pc,15,0.7054791701714866
linear,1219,pc,16,0.7001536744085503
linear,1219,pc,17,0.6937325909073498
linear,1219,pc,18,0.6890177543431083
linear,1219,pc,19,0.6866871986907382
linear,1219,pc,20,0.6792389016186551
linear,1219,pc,21,0.67778428105134
linear,1219,pc,22,0.6729884220447797
linear,1219,pc,23,0.669688350500569
linear,1219,pc,24,0.6670865418056177
linear,1219,pc,25,0.6648840721804893
linear,1219,pc,26,0.6617413463950889
linear,1219,pc,27,0.6602153110240265
linear,1219,pc,28,0.657792959470486
linear,1219,pc,29,0.6588001373661144
linear,1219,pc,30,0.6535674569787999
linear,1219,pc,31,0.6542600238853442
linear,1219,pc,32,0.6574180092138076
linear,1219,pc,33,0.6522743445737471
linear,1219,pc,34,0.6518051888168214
linear,1219,pc,35,0.6518058423955543
linear,1219,pc,36,0.6526487759582245
linear,1219,pc,37,0.650296217682378
linear,1219,pc,38,0.6523824696649084
linear,1219,pc,39,0.6564275824148716
linear,1219,pc,40,0.6539919772448478
linear,1219,pc,41,0.6529008096961558
linear,1219,pc,42,0.6528411947134934
linear,1219,pc,43,0.6562587935414523
linear,1219,pc,44,0.6555907725993434
linear,1219,pc,45,0.6558834531933379
linear,1219,pc,46,0.6599473609357653
linear,1219,pc,47,0.6650192480151026
linear,1219,pc,48,0.6640135196301492
linear,1219,pc,49,0.6639242513862887
linear,1219,pc,50,0.6687701454475689
linear,1219,pc,51,0.6742420139716537
linear,1219,pc,52,0.6728415375890391
linear,1219,pc,53,0.6787069786287256
linear,1219,pc,54,0.6837407481918465
linear,1219,pc,55,0.687923913311872
linear,1219,pc,56,0.6862916079980378
linear,1219,pc,57,0.6948568406737126
linear,1219,pc,58,0.6961237912195669
linear,1219,pc,59,0.6976187232962768
linear,1219,pc,60,0.7114243405321204
linear,1200,pcalm,1,1.2004520536292513
linear,1200,pcalm,2,1.1234337269459986
linear,1200,pcalm,3,1.0612674151253827
linear,1200,pcalm,4,1.0102935130496273
linear,1200,pcalm,5,0.9670418668990894
linear,1200,pcalm,6,0.9296507856874895
linear,1200,pcalm,7,0.8969938519574248
linear,1200,pcalm,8,0.8673896173906485
linear,1200,pcalm,9,0.8396483654433814
linear,1200,pcalm,10,0.8139816821394458
linear,1200,pcalm,11,0.7898727369816584
linear,1200,pcalm,12,0.7673103369126423
linear,1200,pcalm,13,0.7461355978771569
linear,1200,pcalm,14,0.726127196609359
linear,1200,pcalm,15,0.7083143485482939
linear,1200,pcalm,16,0.6918124082281816
linear,1200,pcalm,17,0.6759660891320424
linear,1200,pcalm,18,0.662211090042179
linear,1200,pcalm,19,0.6498681489144317
linear,1200,pcalm,20,0.6382725706459461
linear,1200,pcalm,21,0.6276219953579157
linear,1200,pcalm,22,0.6185448355250467
linear,1200,pcalm,23,0.6105084270429207
linear,1200,pcalm,24,0.602925645090309
linear,1200,pcalm,25,0.5970463335941392
linear,1200,pcalm,26,0.5913148422375577
linear,1200,pcalm,27,0.5856411336695013
linear,1200,pcalm,28,0.5806454479693643
linear,1200,pcalm,29,0.5758289765756254
linear,1200,pcalm,30,0.5708701571124251
linear,1200,pcalm,31,0.5662644869790211
linear,1200,pcalm,32,0.5616218710031141
linear,1200,pcalm,33,0.5576923703744184
linear,1200,pcalm,34,0.5543879264939457
linear,1200,pcalm,35,0.550876944482267
linear,1200,pcalm,36,0.5471263400765388
linear,1200,pcalm,37,0.5439863162458658
linear,1200,pcalm,38,0.5405000890120858
linear,1200,pcalm,39,0.5376370948419533
linear,1200,pcalm,40,0.5349055869319548
linear,1200,pcalm,41,0.5321056408157401
linear,1200,pcalm,42,0.5299779359344885
linear,1200,pcalm,43,0.5274307206862394
linear,1200,pcalm,44,0.5252372919316634
linear,1200,pcalm,45,0.5231448202601983
linear,1200,pcalm,46,0.5208582862799266
linear,1200,pcalm,47,0.5185352713048583
linear,1200,pcalm,48,0.5169606564265355
linear,1200,pcalm,49,0.5148663663531817
linear,1200,pcalm,50,0.5133671413251267
linear,1200,pcalm,51,0.5119637895094743
linear,1200,pcalm,52,0.5100934622614609
linear,1200,pcalm,53,0.5081630374540694
linear,1200,pcalm,54,0.5071645349576136
linear,1200,pcalm,55,0.505450152665114
linear,1200,pcalm,56,0.504854055479186
linear,1200,pcalm,57,0.5043880834612364
linear,1200,pcalm,58,0.503481349680844
linear,1200,pcalm,59,0.5024193417654758
linear,1200,pcalm,60,0.5019182873791834
linear,1201,pcalm,1,1.1779887204458153
linear,1201,pcalm,2,1.1010068594056364
linear,1201,pcalm,3,1.0433941051395623
linear,1201,pcalm,4,0.998348070109239
linear,1201,pcalm,5,0.961515431575341
linear,1201,pcalm,6,0.9314690492854721
linear,1201,pcalm,7,0.9064602188716816
linear,1201,pcalm,8,0.8845341276320094
linear,1201,pcalm,9,0.8646016026984028
linear,1201,pcalm,10,0.8459005633952582
linear,1201,pcalm,11,0.8290447894983825
linear,1201,pcalm,12,0.8127465690760004
linear,1201,pcalm,13,0.798837704375698
linear,1201,pcalm,14,0.7848918571879588
linear,1201,pcalm,15,0.7728573647057186
linear,1201,pcalm,16,0.7611604422861937
linear,1201,pcalm,17,0.75196775018837
linear,1201,pcalm,18,0.7421643580391084
linear,1201,pcalm,19,0.7328567175501265
linear,1201,pcalm,20,0.7249199602250007
linear,1201,pcalm,21,0.7178575271447339
linear,1201,pcalm,22,0.7102362591633055
linear,1201,pcalm,23,0.7043278484667145
linear,1201,pcalm,24,0.6986917904705218
linear,1201,pcalm,25,0.6926097573265994
linear,1201,pcalm,26,0.6878289452852423
linear,1201,pcalm,27,0.682721567237215
linear,1201,pcalm,28,0.6776368996071396
linear,1201,pcalm,29,0.6736015904365473
linear,1201,pcalm,30,0.669972128608136
linear,1201,pcalm,31,0.667450920404646
linear,1201,pcalm,32,0.6637883861519588
linear,1201,pcalm,33,0.6606542953922835
linear,1201,pcalm,34,0.6583838790977938
linear,1201,pcalm,35,0.6551555063930591
linear,1201,pcalm,36,0.6521513625136955
linear,1201,pcalm,37,0.6502604652749086
linear,1201,pcalm,38,0.6485591604650268
linear,1201,pcalm,39,0.646361848357845
linear,1201,pcalm,40,0.6436809226403866
linear,1201,pcalm,41,0.6415082505467983
linear,1201,pcalm,42,0.6397448588105723
linear,1201,pcalm,43,0.6378511936236814
linear,1201,pcalm,44,0.6361358286995066
linear,1201,pcalm,45,0.6329223926211369
linear,1201,pcalm,46,0.6319216198972759
linear,1201,pcalm,47,0.6302555141036511
linear,1201,pcalm,48,0.6275141091912144
linear,1201,pcalm,49,0.6277333228972227
linear,1201,pcalm,50,0.6265006584430436
linear,1201,pcalm,51,0.6238639284916047
linear,1201,pcalm,52,0.6223659936632748
linear,1201,pcalm,53,0.6208335221241995
linear,1201,pcalm,54,0.6199654919523322
linear,1201,pcalm,55,0.6190090281769355
linear,1201,pcalm,56,0.6179321083006674
linear,1201,pcalm,57,0.6167579035797411
linear,1201,pcalm,58,0.6160794337849811
linear,1201,pcalm,59,0.6153828884118463
linear,1201,pcalm,60,0.6140578913629017
linear,1202,pcalm,1,1.3281276977733874
linear,1202,pcalm,2,1.2098850900141234
linear,1202,pcalm,3,1.1237932041227465
linear,1202,pcalm,4,1.058200936703521
linear,1202,pcalm,5,1.006043170622142
linear,1202,pcalm,6,0.9618883753003947
linear,1202,pcalm,7,0.9234553574780326
linear,1202,pcalm,8,0.8901385562675461
linear,1202,pcalm,9,0.8604218643675736
linear,1202,pcalm,10,0.8345296127988089
linear,1202,pcalm,11,0.8123790492723866
linear,1202,pcalm,12,0.7919637384804045
linear,1202,pcalm,13,0.7743691911211599
linear,1202,pcalm,14,0.7580821054221034
linear,1202,pcalm,15,0.7426424474433745
linear,1202,pcalm,16,0.7295605765023804
linear,1202,pcalm,17,0.7176632825568054
linear,1202,pcalm,18,0.705622647486515
linear,1202,pcalm,19,0.6946705263659583
linear,1202,pcalm,20,0.6853403185390908
linear,1202,pcalm,21,0.6761071894336842
linear,1202,pcalm,22,0.6680279904438592
linear,1202,pcalm,23,0.659920207178713
linear,1202,pcalm,24,0.6532365693384925
linear,1202,pcalm,25,0.6465891334083246
linear,1202,pcalm,26,0.6409385450133634
linear,1202,pcalm,27,0.6352902022065464
linear,1202,pcalm,28,0.6302367441199088
linear,1202,pcalm,29,0.6255700009002956
linear,1202,pcalm,30,0.6217172399097695
linear,1202,pcalm,31,0.6176917685994486
linear,1202,pcalm,32,0.6145295283150686
linear,1202,pcalm,33,0.6105995789357025
linear,1202,pcalm,34,0.6064541025528943
linear,1202,pcalm,35,0.6033562977361883
linear,1202,pcalm,36,0.5998732382793546
linear,1202,pcalm,37,0.5969425368128803
linear,1202,pcalm,38,0.5934530432413944
linear,1202,pcalm,39,0.591204971375776
linear,1202,pcalm,40,0.5888780879042274
linear,1202,pcalm,41,0.585268813349139
linear,1202,pcalm,42,0.5827277035767328
linear,1202,pcalm,43,0.580238282286261
linear,1202,pcalm,44,0.5781724605518505
linear,1202,pcalm,45,0.5759386636207479
linear,1202,pcalm,46,0.5739504089047678
linear,1202,pcalm,47,0.5718866331582553
linear,1202,pcalm,48,0.5699401002227363
linear,1202,pcalm,49,0.5668179512946138
linear,1202,pcalm,50,0.5648735203049497
linear,1202,pcalm,51,0.5639384493251711
linear,1202,pcalm,52,0.562432719053172
linear,1202,pcalm,53,0.5608458292983206
linear,1202,pcalm,54,0.5583726745566221
linear,1202,pcalm,55,0.5581949557066728
linear,1202,pcalm,56,0.556518245931186
linear,1202,pcalm,57,0.5553948794430613
linear,1202,pcalm,58,0.5543618205919255
linear,1202,pcalm,59,0.5530308007207716
linear,1202,pcalm,60,0.5533018608417865
linear,1203,pcalm,1,1.1527085444326688
linear,1203,pcalm,2,1.0593765080731068
linear,1203,pcalm,3,0.9911070494843924
linear,1203,pcalm,4,0.9415674677280066
linear,1203,pcalm,5,0.9043821411023547
linear,1203,pcalm,6,0.8723542539790287
linear,1203,pcalm,7,0.8462784466029617
linear,1203,pcalm,8,0.8234499670151124
linear,1203,pcalm,9,0.8019214222063541
linear,1203,pcalm,10,0.7824637155525376
linear,1203,pcalm,11,0.7647425885077301
linear,1203,pcalm,12,0.7490464361869577
linear,1203,pcalm,13,0.734402611318932
linear,1203,pcalm,14,0.721751774288709
linear,1203,pcalm,15,0.7102920111838986
linear,1203,pcalm,16,0.700302175401358
linear,1203,pcalm,17,0.691319710575853
linear,1203,pcalm,18,0.6834076758296875
linear,1203,pcalm,19,0.6759087936429536
linear,1203,pcalm,20,0.669509524766904
linear,1203,pcalm,21,0.6634027886414698
linear,1203,pcalm,22,0.6570298217748742
linear,1203,pcalm,23,0.6513292926806629
linear,1203,pcalm,24,0.6452731523855567
linear,1203,pcalm,25,0.6401580900025431
linear,1203,pcalm,26,0.634611010534862
linear,1203,pcalm,27,0.6290419730402971
linear,1203,pcalm,28,0.624334786764396
linear,1203,pcalm,29,0.6198041358455244
linear,1203,pcalm,30,0.6153220595760327
linear,1203,pcalm,31,0.6113256890253859
linear,1203,pcalm,32,0.6073886597028947
linear,1203,pcalm,33,0.6039413150955727
linear,1203,pcalm,34,0.6007501088100773
linear,1203,pcalm,35,0.5974815855508485
linear,1203,pcalm,36,0.5942387527309516
linear,1203,pcalm,37,0.5914144576208576
linear,1203,pcalm,38,0.588492210583587
linear,1203,pcalm,39,0.5851784476130426
linear,1203,pcalm,40,0.5830124816673246
linear,1203,pcalm,41,0.5803511379568463
linear,1203,pcalm,42,0.5783401027963345
linear,1203,pcalm,43,0.5759257226454519
linear,1203,pcalm,44,0.5731015236351321
linear,1203,pcalm,45,0.5710736371408854
linear,1203,pcalm,46,0.5692105853211036
linear,1203,pcalm,47,0.5674262502840356
linear,1203,pcalm,48,0.5665590618693197
linear,1203,pcalm,49,0.5649715559490659
linear,1203,pcalm,50,0.5640345329069635
linear,1203,pcalm,51,0.5624355329968429
linear,1203,pcalm,52,0.5615033635220762
linear,1203,pcalm,53,0.5604967484918654
linear,1203,pcalm,54,0.559310035653262
linear,1203,pcalm,55,0.5587281246522063
linear,1203,pcalm,56,0.5583231770966105
linear,1203,pcalm,57,0.5577780487177413
linear,1203,pcalm,58,0.5566391940603967
linear,1203,pcalm,59,0.5558818228175267
linear,1203,pcalm,60,0.5555032848950684
linear,1204,pcalm,1,1.4068782404211457
linear,1204,pcalm,2,1.3092747417475066
linear,1204,pcalm,3,1.2243511737927475
linear,1204,pcalm,4,1.1510326727432998
linear,1204,pcalm,5,1.0889587924679403
linear,1204,pcalm,6,1.0369828590311536
linear,1204,pcalm,7,0.9930118721765272
linear,1204,pcalm,8,0.9550920584816049
linear,1204,pcalm,9,0.922926973654217
linear,1204,pcalm,10,0.894407579100556
linear,1204,pcalm,11,0.8694301771202927
linear,1204,pcalm,12,0.8469384709381931
linear,1204,pcalm,13,0.8270739236983342
linear,1204,pcalm,14,0.8091603532833579
linear,1204,pcalm,15,0.7936462740287448
linear,1204,pcalm,16,0.7797172379425076
linear,1204,pcalm,17,0.7668751422077295
linear,1204,pcalm,18,0.756079433449565
linear,1204,pcalm,19,0.7464009948950127
linear,1204,pcalm,20,0.7368270934571252
linear,1204,pcalm,21,0.7287034583634137
linear,1204,pcalm,22,0.7212470289150259
linear,1204,pcalm,23,0.7136795842844226
linear,1204,pcalm,24,0.7077522690221554
linear,1204,pcalm,25,0.7026048876067544
linear,1204,pcalm,26,0.6967584604635212
linear,1204,pcalm,27,0.6921268783171168
linear,1204,pcalm,28,0.6875870653740203
linear,1204,pcalm,29,0.6834863735682694
linear,1204,pcalm,30,0.6792663935501454
linear,1204,pcalm,31,0.6760970635881965
linear,1204,pcalm,32,0.6713353079623529
linear,1204,pcalm,33,0.6673462081345223
linear,1204,pcalm,34,0.6643967871546376
linear,1204,pcalm,35,0.6613542779549452
linear,1204,pcalm,36,0.6577760587576774
linear,1204,pcalm,37,0.6553222298898471
linear,1204,pcalm,38,0.6515863831468315
linear,1204,pcalm,39,0.6481736326704256
linear,1204,pcalm,40,0.6450532160919803
linear,1204,pcalm,41,0.6435199022949872
linear,1204,pcalm,42,0.6411842112494727
linear,1204,pcalm,43,0.6384941216845504
linear,1204,pcalm,44,0.6359271995655899
linear,1204,pcalm,45,0.6354817062891894
linear,1204,pcalm,46,0.6322947103927461
linear,1204,pcalm,47,0.6302229651829313
linear,1204,pcalm,48,0.6284324919288286
linear,1204,pcalm,49,0.6259128702008375
linear,1204,pcalm,50,0.6253017153912955
linear,1204,pcalm,51,0.6250889059433818
linear,1204,pcalm,52,0.6234123557729628
linear,1204,pcalm,53,0.6221424163702626
linear,1204,pcalm,54,0.6212731306000335
linear,1204,pcalm,55,0.62079577546508
linear,1204,pcalm,56,0.6186981060911511
linear,1204,pcalm,57,0.6181106478335266
linear,1204,pcalm,58,0.6187305529627033
linear,1204,pcalm,59,0.6188746877382213
linear,1204,pcalm,60,0.617576886296824
linear,1205,pcalm,1,1.2819213590409764
linear,1205,pcalm,2,1.1992087340083724
linear,1205,pcalm,3,1.135187480761854
linear,1205,pcalm,4,1.082742368316396
linear,1205,pcalm,5,1.0374288896321822
linear,1205,pcalm,6,0.9978100295788485
linear,1205,pcalm,7,0.9637860396094261
linear,1205,pcalm,8,0.9343191539478104
linear,1205,pcalm,9,0.9081390181282624
linear,1205,pcalm,10,0.8858615004055507
linear,1205,pcalm,11,0.8654967675755806
linear,1205,pcalm,12,0.8468235730758056
linear,1205,pcalm,13,0.8294203094936506
linear,1205,pcalm,14,0.8137626869022467
linear,1205,pcalm,15,0.7991643179627358
linear,1205,pcalm,16,0.7845845057958615
linear,1205,pcalm,17,0.7709444565036915
linear,1205,pcalm,18,0.7579963156640872
linear,1205,pcalm,19,0.7452080742123561
linear,1205,pcalm,20,0.7334267620950908
linear,1205,pcalm,21,0.7226416799599904
linear,1205,pcalm,22,0.712435988831083
linear,1205,pcalm,23,0.703175401723795
linear,1205,pcalm,24,0.6940693408341438
linear,1205,pcalm,25,0.6855989741457064
linear,1205,pcalm,26,0.6784179419507645
linear,1205,pcalm,27,0.6713305716337814
linear,1205,pcalm,28,0.6636105416545299
linear,1205,pcalm,29,0.6567933813663343
linear,1205,pcalm,30,0.6508506968499533
linear,1205,pcalm,31,0.6446257490785435
linear,1205,pcalm,32,0.6395169966334363
linear,1205,pcalm,33,0.6341066976421227
linear,1205,pcalm,34,0.6293194289233623
linear,1205,pcalm,35,0.6254677022568799
linear,1205,pcalm,36,0.6210473961447621
linear,1205,pcalm,37,0.6161266608028234
linear,1205,pcalm,38,0.6129414088339039
linear,1205,pcalm,39,0.6100315658281986
linear,1205,pcalm,40,0.6079699410946019
linear,1205,pcalm,41,0.6044743760524628
linear,1205,pcalm,42,0.6012742863174452
linear,1205,pcalm,43,0.5982352818607806
linear,1205,pcalm,44,0.595386863683498
linear,1205,pcalm,45,0.5933756021506619
linear,1205,pcalm,46,0.5907953526975628
linear,1205,pcalm,47,0.5888026261089356
linear,1205,pcalm,48,0.587487411694564
linear,1205,pcalm,49,0.5861176139603735
linear,1205,pcalm,50,0.5837096811083798
linear,1205,pcalm,51,0.5825769756419481
linear,1205,pcalm,52,0.5808342985297991
linear,1205,pcalm,53,0.5796015369265571
linear,1205,pcalm,54,0.5787427628708058
linear,1205,pcalm,55,0.5782051959835376
linear,1205,pcalm,56,0.5764578896340482
linear,1205,pcalm,57,0.5751126905699039
linear,1205,pcalm,58,0.5744432785624319
linear,1205,pcalm,59,0.5745344200283555
linear,1205,pcalm,60,0.5738820257600362
linear,1206,pcalm,1,1.1528655963064016
linear,1206,pcalm,2,1.0820410548946384
linear,1206,pcalm,3,1.0220891134683965
linear,1206,pcalm,4,0.9697855481157672
linear,1206,pcalm,5,0.9253967473337382
linear,1206,pcalm,6,0.8882470992471262
linear,1206,pcalm,7,0.8557919314172239
linear,1206,pcalm,8,0.827597231750462
linear,1206,pcalm,9,0.8016868444763764
linear,1206,pcalm,10,0.7787814037038624
linear,1206,pcalm,11,0.7582398648107339
linear,1206,pcalm,12,0.7394350709265138
linear,1206,pcalm,13,0.7225910037672213
linear,1206,pcalm,14,0.7073037639759132
linear,1206,pcalm,15,0.69286208346506
linear,1206,pcalm,16,0.6799789128703525
linear,1206,pcalm,17,0.6682258418182346
linear,1206,pcalm,18,0.6574794398808691
linear,1206,pcalm,19,0.6473446980884024
linear,1206,pcalm,20,0.6381364086043995
linear,1206,pcalm,21,0.630134721854832
linear,1206,pcalm,22,0.6221684929285956
linear,1206,pcalm,23,0.6151240489136348
linear,1206,pcalm,24,0.6086751058679974
linear,1206,pcalm,25,0.6026176904716584
linear,1206,pcalm,26,0.5968295203052723
linear,1206,pcalm,27,0.5916598104710594
linear,1206,pcalm,28,0.5861527965458013
linear,1206,pcalm,29,0.5811177367525991
linear,1206,pcalm,30,0.576073669472917
linear,1206,pcalm,31,0.5717976101065878
linear,1206,pcalm,32,0.5676456971727691
linear,1206,pcalm,33,0.5638491744035764
linear,1206,pcalm,34,0.5601185607171758
linear,1206,pcalm,35,0.5567975093494427
linear,1206,pcalm,36,0.5526361400998724
linear,1206,pcalm,37,0.5488186556386715
linear,1206,pcalm,38,0.5460402263247323
linear,1206,pcalm,39,0.5433553345890242
linear,1206,pcalm,40,0.540766140422714
linear,1206,pcalm,41,0.5372822560536284
linear,1206,pcalm,42,0.5349924762779238
linear,1206,pcalm,43,0.5325153761178031
linear,1206,pcalm,44,0.5302964778145002
linear,1206,pcalm,45,0.527421563205578
linear,1206,pcalm,46,0.5248359369877186
linear,1206,pcalm,47,0.5220845902046801
linear,1206,pcalm,48,0.520098848866338
linear,1206,pcalm,49,0.5181877574790626
linear,1206,pcalm,50,0.5161012300228872
linear,1206,pcalm,51,0.5141722788430066
linear,1206,pcalm,52,0.5120035403618365
linear,1206,pcalm,53,0.5101068810874388
linear,1206,pcalm,54,0.5088285451986523
linear,1206,pcalm,55,0.507189963208671
linear,1206,pcalm,56,0.5046139749208579
linear,1206,pcalm,57,0.5033613103109528
linear,1206,pcalm,58,0.5025913713149388
linear,1206,pcalm,59,0.5006986188622533
linear,1206,pcalm,60,0.4989593697457097
linear,1207,pcalm,1,1.1701232241079504
linear,1207,pcalm,2,1.0853491278257958
linear,1207,pcalm,3,1.020033485782281
linear,1207,pcalm,4,0.9691095716280267
linear,1207,pcalm,5,0.9285031971564521
linear,1207,pcalm,6,0.8941636955074115
linear,1207,pcalm,7,0.8637982052398961
linear,1207,pcalm,8,0.8372149208317761
linear,1207,pcalm,9,0.813110140104797
linear,1207,pcalm,10,0.791631115461072
linear,1207,pcalm,11,0.7724649253111074
linear,1207,pcalm,12,0.7544861134616969
linear,1207,pcalm,13,0.7379280918588732
linear,1207,pcalm,14,0.7235483163455463
linear,1207,pcalm,15,0.7101587162589874
linear,1207,pcalm,16,0.6973986956439614
linear,1207,pcalm,17,0.6864907809561448
linear,1207,pcalm,18,0.6761113043277841
linear,1207,pcalm,19,0.6665080856827926
linear,1207,pcalm,20,0.6576223675161986
linear,1207,pcalm,21,0.6494596420547235
linear,1207,pcalm,22,0.6417352349342874
linear,1207,pcalm,23,0.634836314913194
linear,1207,pcalm,24,0.628030943285501
linear,1207,pcalm,25,0.6220964281972997
linear,1207,pcalm,26,0.6165624500587475
linear,1207,pcalm,27,0.6111316201902574
linear,1207,pcalm,28,0.6064891882323235
linear,1207,pcalm,29,0.6020485815068106
linear,1207,pcalm,30,0.5981105944290386
linear,1207,pcalm,31,0.5945403051256332
linear,1207,pcalm,32,0.590698771662905
linear,1207,pcalm,33,0.5877753573630558
linear,1207,pcalm,34,0.5847440713608788
linear,1207,pcalm,35,0.581737954155101
linear,1207,pcalm,36,0.5792329137759772
linear,1207,pcalm,37,0.5770812244444575
linear,1207,pcalm,38,0.5747082528910362
linear,1207,pcalm,39,0.5723134238665558
linear,1207,pcalm,40,0.570161689340465
linear,1207,pcalm,41,0.5687869533237617
linear,1207,pcalm,42,0.5664578165660313
linear,1207,pcalm,43,0.5643760964822367
linear,1207,pcalm,44,0.5625557763201406
linear,1207,pcalm,45,0.5606786191978269
linear,1207,pcalm,46,0.5589288368833171
linear,1207,pcalm,47,0.5566955749016266
linear,1207,pcalm,48,0.5551715634481836
linear,1207,pcalm,49,0.5541581572241046
linear,1207,pcalm,50,0.5521941295957853
linear,1207,pcalm,51,0.5506222702843361
linear,1207,pcalm,52,0.5494022267775142
linear,1207,pcalm,53,0.5476862790920521
linear,1207,pcalm,54,0.5458544494414025
linear,1207,pcalm,55,0.5450326415288634
linear,1207,pcalm,56,0.5428263756786077
linear,1207,pcalm,57,0.5414975625834058
linear,1207,pcalm,58,0.5402456088432833
linear,1207,pcalm,59,0.5396114058652779
linear,1207,pcalm,60,0.5385917136698994
linear,1208,pcalm,1,1.095951416989161
linear,1208,pcalm,2,1.0217465759728883
linear,1208,pcalm,3,0.9640822823761285
linear,1208,pcalm,4,0.9175018878855031
linear,1208,pcalm,5,0.8787495300567213
linear,1208,pcalm,6,0.8445079341940729
linear,1208,pcalm,7,0.8160638523074905
linear,1208,pcalm,8,0.7912770842854151
linear,1208,pcalm,9,0.7705730231644171
linear,1208,pcalm,10,0.7518035107105735
linear,1208,pcalm,11,0.7357249796984391
linear,1208,pcalm,12,0.7207162121521847
linear,1208,pcalm,13,0.7067259007960637
linear,1208,pcalm,14,0.6944923084712423
linear,1208,pcalm,15,0.6832354398856678
linear,1208,pcalm,16,0.6724906348865357
linear,1208,pcalm,17,0.662994994956076
linear,1208,pcalm,18,0.6532998433360485
linear,1208,pcalm,19,0.6450105614551896
linear,1208,pcalm,20,0.6368037662648266
linear,1208,pcalm,21,0.6297849213671864
linear,1208,pcalm,22,0.623626631610108
linear,1208,pcalm,23,0.6171173408951982
linear,1208,pcalm,24,0.6108675975121232
linear,1208,pcalm,25,0.6052958815926198
linear,1208,pcalm,26,0.6007756663308065
linear,1208,pcalm,27,0.5950443725275936
linear,1208,pcalm,28,0.5910582595578758
linear,1208,pcalm,29,0.5864291545338897
linear,1208,pcalm,30,0.5825252716262659
linear,1208,pcalm,31,0.5790993380282136
linear,1208,pcalm,32,0.5761250636912355
linear,1208,pcalm,33,0.5723112228926258
linear,1208,pcalm,34,0.5700360173044811
linear,1208,pcalm,35,0.5675615022475536
linear,1208,pcalm,36,0.56492615281066
linear,1208,pcalm,37,0.5624762465618037
linear,1208,pcalm,38,0.5596866928834646
linear,1208,pcalm,39,0.5575897902444441
linear,1208,pcalm,40,0.5561166322145282
linear,1208,pcalm,41,0.5560052815901186
linear,1208,pcalm,42,0.5558080324517379
linear,1208,pcalm,43,0.5544987891445858
linear,1208,pcalm,44,0.5528830881313425
linear,1208,pcalm,45,0.5527537192555607
linear,1208,pcalm,46,0.5522586091606906
linear,1208,pcalm,47,0.5505012410876687
linear,1208,pcalm,48,0.5500662163871896
linear,1208,pcalm,49,0.5495748625896782
linear,1208,pcalm,50,0.5489260632127725
linear,1208,pcalm,51,0.5483333424886959
linear,1208,pcalm,52,0.5465715634015914
linear,1208,pcalm,53,0.5460949709371502
linear,1208,pcalm,54,0.5460322828053134
linear,1208,pcalm,55,0.5452254452227278
linear,1208,pcalm,56,0.545295978358615
linear,1208,pcalm,57,0.5448457284734156
linear,1208,pcalm,58,0.5450564857504164
linear,1208,pcalm,59,0.5452160140361406
linear,1208,pcalm,60,0.5442127438871851
linear,1209,pcalm,1,1.266578999842232
linear,1209,pcalm,2,1.1583016552565963
linear,1209,pcalm,3,1.0716539661442082
linear,1209,pcalm,4,1.0008635080363268
linear,1209,pcalm,5,0.9435494779440332
linear,1209,pcalm,6,0.8974712720265444
linear,1209,pcalm,7,0.8591001235433117
linear,1209,pcalm,8,0.8254315014537271
linear,1209,pcalm,9,0.7957692065366122
linear,1209,pcalm,10,0.7696385388284134
linear,1209,pcalm,11,0.7466859582882058
linear,1209,pcalm,12,0.7263601376504156
linear,1209,pcalm,13,0.7078773230214933
linear,1209,pcalm,14,0.691360078350133
linear,1209,pcalm,15,0.676124958074662
linear,1209,pcalm,16,0.6623391635019261
linear,1209,pcalm,17,0.6501748835352682
linear,1209,pcalm,18,0.6387108093270153
linear,1209,pcalm,19,0.6290329971641263
linear,1209,pcalm,20,0.619410600290646
linear,1209,pcalm,21,0.6108071223735605
linear,1209,pcalm,22,0.6028770657860131
linear,1209,pcalm,23,0.5955783460193417
linear,1209,pcalm,24,0.5892129294766256
linear,1209,pcalm,25,0.5831221717370992
linear,1209,pcalm,26,0.5778404844685515
linear,1209,pcalm,27,0.5725278260668695
linear,1209,pcalm,28,0.5681524651727908
linear,1209,pcalm,29,0.5635429070131653
linear,1209,pcalm,30,0.5599713890067199
linear,1209,pcalm,31,0.556200664201638
linear,1209,pcalm,32,0.5530193380563057
linear,1209,pcalm,33,0.5497477031145769
linear,1209,pcalm,34,0.5465951255787672
linear,1209,pcalm,35,0.5440713850463793
linear,1209,pcalm,36,0.5416078670816787
linear,1209,pcalm,37,0.5390599222231742
linear,1209,pcalm,38,0.5368380516578384
linear,1209,pcalm,39,0.5340042382454051
linear,1209,pcalm,40,0.5314369454368102
linear,1209,pcalm,41,0.5288730990896742
linear,1209,pcalm,42,0.5265975479110275
linear,1209,pcalm,43,0.5245137778695614
linear,1209,pcalm,44,0.5222109317459075
linear,1209,pcalm,45,0.5193085101047719
linear,1209,pcalm,46,0.5173701139871548
linear,1209,pcalm,47,0.5157479611605797
linear,1209,pcalm,48,0.5147060405054001
linear,1209,pcalm,49,0.5127879709001493
linear,1209,pcalm,50,0.5110718868195552
linear,1209,pcalm,51,0.5088367422109504
linear,1209,pcalm,52,0.5072205298691608
linear,1209,pcalm,53,0.5057681334169075
linear,1209,pcalm,54,0.5036599383995858
linear,1209,pcalm,55,0.5027324844097987
linear,1209,pcalm,56,0.5015666368271949
linear,1209,pcalm,57,0.5017176289918355
linear,1209,pcalm,58,0.4995381514611125
linear,1209,pcalm,59,0.49866198580710597
linear,1209,pcalm,60,0.49808434207937696
linear,1210,pcalm,1,1.1561018796553437
linear,1210,pcalm,2,1.0840336091371021
linear,1210,pcalm,3,1.0252676558994989
linear,1210,pcalm,4,0.9767450372528385
linear,1210,pcalm,5,0.9367664242977739
linear,1210,pcalm,6,0.902293532946555
linear,1210,pcalm,7,0.8732439792534524
linear,1210,pcalm,8,0.847913084405783
linear,1210,pcalm,9,0.8263147606286297
linear,1210,pcalm,10,0.8073385401181449
linear,1210,pcalm,11,0.7902821801994849
linear,1210,pcalm,12,0.7749619123200894
linear,1210,pcalm,13,0.7603463025641043
linear,1210,pcalm,14,0.7472230506673606
linear,1210,pcalm,15,0.7338406112110519
linear,1210,pcalm,16,0.7214085983444948
linear,1210,pcalm,17,0.7101664107700447
linear,1210,pcalm,18,0.6985693309274384
linear,1210,pcalm,19,0.6874663777476903
linear,1210,pcalm,20,0.6769884072391482
linear,1210,pcalm,21,0.6667456485616814
linear,1210,pcalm,22,0.6568702325185688
linear,1210,pcalm,23,0.64841295791172
linear,1210,pcalm,24,0.6408767782939919
linear,1210,pcalm,25,0.6333179837267225
linear,1210,pcalm,26,0.6273406854898426
linear,1210,pcalm,27,0.6218197867356721
linear,1210,pcalm,28,0.6166904261073199
linear,1210,pcalm,29,0.6130282314018273
linear,1210,pcalm,30,0.6094897273203393
linear,1210,pcalm,31,0.6057406803655349
linear,1210,pcalm,32,0.60252807973484
linear,1210,pcalm,33,0.6003159790351013
linear,1210,pcalm,34,0.5976080750670056
linear,1210,pcalm,35,0.5949598810378445
linear,1210,pcalm,36,0.5931723713639702
linear,1210,pcalm,37,0.5916126054065524
linear,1210,pcalm,38,0.5899053992850357
linear,1210,pcalm,39,0.5876170294894384
linear,1210,pcalm,40,0.5855706042038002
linear,1210,pcalm,41,0.5838143861576643
linear,1210,pcalm,42,0.5822578699927701
linear,1210,pcalm,43,0.5797723704621075
linear,1210,pcalm,44,0.5782116087631474
linear,1210,pcalm,45,0.5765678755392084
linear,1210,pcalm,46,0.5753838830295093
linear,1210,pcalm,47,0.5740602993124133
linear,1210,pcalm,48,0.5719095432616029
linear,1210,pcalm,49,0.5706158894353792
linear,1210,pcalm,50,0.569346599657241
linear,1210,pcalm,51,0.5679076846332051
linear,1210,pcalm,52,0.5663249293705546
linear,1210,pcalm,53,0.5643609062388862
linear,1210,pcalm,54,0.5630910612767389
linear,1210,pcalm,55,0.5615328372940959
linear,1210,pcalm,56,0.5609930400141702
linear,1210,pcalm,57,0.559445100987129
linear,1210,pcalm,58,0.5591260293893837
linear,1210,pcalm,59,0.5569588133688382
linear,1210,pcalm,60,0.5556056744935721
linear,1211,pcalm,1,1.1444874708379331
linear,1211,pcalm,2,1.065220388250665
linear,1211,pcalm,3,1.0048446337649677
linear,1211,pcalm,4,0.957574502361402
linear,1211,pcalm,5,0.919160133241221
linear,1211,pcalm,6,0.8860725756350284
linear,1211,pcalm,7,0.8565679734755504
linear,1211,pcalm,8,0.830602077375929
linear,1211,pcalm,9,0.806572422679471
linear,1211,pcalm,10,0.7847925434896337
linear,1211,pcalm,11,0.7648527620094248
linear,1211,pcalm,12,0.7462098514350233
linear,1211,pcalm,13,0.7285957409375848
linear,1211,pcalm,14,0.7128382106934404
linear,1211,pcalm,15,0.697720513124258
linear,1211,pcalm,16,0.6833982549685352
linear,1211,pcalm,17,0.669966242782805
linear,1211,pcalm,18,0.6575397564441062
linear,1211,pcalm,19,0.6456492277504883
linear,1211,pcalm,20,0.6347241066638539
linear,1211,pcalm,21,0.6246142378343823
linear,1211,pcalm,22,0.6154775803982845
linear,1211,pcalm,23,0.6071508670373618
linear,1211,pcalm,24,0.5997737257191275
linear,1211,pcalm,25,0.5933503526885362
linear,1211,pcalm,26,0.5874037156879505
linear,1211,pcalm,27,0.5814603855624221
linear,1211,pcalm,28,0.5765393123106997
linear,1211,pcalm,29,0.5724910595089621
linear,1211,pcalm,30,0.5680618403431422
linear,1211,pcalm,31,0.5642121964976113
linear,1211,pcalm,32,0.5604565591795613
linear,1211,pcalm,33,0.5572469789683208
linear,1211,pcalm,34,0.5542203657385514
linear,1211,pcalm,35,0.5513247392756859
linear,1211,pcalm,36,0.5492314242449606
linear,1211,pcalm,37,0.5462645211606657
linear,1211,pcalm,38,0.5434755718906675
linear,1211,pcalm,39,0.5418058076068987
linear,1211,pcalm,40,0.5397760959992511
linear,1211,pcalm,41,0.537396502288088
linear,1211,pcalm,42,0.5354309883374034
linear,1211,pcalm,43,0.5331328840307532
linear,1211,pcalm,44,0.5318730945669138
linear,1211,pcalm,45,0.5304461978242988
linear,1211,pcalm,46,0.5296082997669824
linear,1211,pcalm,47,0.5271576290744301
linear,1211,pcalm,48,0.5262814118296808
linear,1211,pcalm,49,0.5252605619783107
linear,1211,pcalm,50,0.5236123748061109
linear,1211,pcalm,51,0.522848223865567
linear,1211,pcalm,52,0.5217679210486867
linear,1211,pcalm,53,0.5198626009638936
linear,1211,pcalm,54,0.5188744120402359
linear,1211,pcalm,55,0.51861415195268
linear,1211,pcalm,56,0.5173127074512274
linear,1211,pcalm,57,0.5165522054419952
linear,1211,pcalm,58,0.5160291826491835
linear,1211,pcalm,59,0.515758070154341
linear,1211,pcalm,60,0.5144220940238228
linear,1212,pcalm,1,1.193129894954087
linear,1212,pcalm,2,1.111263685655819
linear,1212,pcalm,3,1.0512513261936347
linear,1212,pcalm,4,1.0050316639943677
linear,1212,pcalm,5,0.9684939162670032
linear,1212,pcalm,6,0.9371109145275555
linear,1212,pcalm,7,0.9102355845123019
linear,1212,pcalm,8,0.8862523742683169
linear,1212,pcalm,9,0.8640761756980565
linear,1212,pcalm,10,0.8437628540839199
linear,1212,pcalm,11,0.824394289510226
linear,1212,pcalm,12,0.8068753323369791
linear,1212,pcalm,13,0.7909984172214707
linear,1212,pcalm,14,0.7759143052012871
linear,1212,pcalm,15,0.7617078260929286
linear,1212,pcalm,16,0.7487359202080924
linear,1212,pcalm,17,0.7370788337018421
linear,1212,pcalm,18,0.7260158751412961
linear,1212,pcalm,19,0.7158619792356541
linear,1212,pcalm,20,0.7062081466339373
linear,1212,pcalm,21,0.6961410526577172
linear,1212,pcalm,22,0.6875029088475176
linear,1212,pcalm,23,0.6793509499977407
linear,1212,pcalm,24,0.6717171801034102
linear,1212,pcalm,25,0.6640977081644873
linear,1212,pcalm,26,0.6566037945599139
linear,1212,pcalm,27,0.6488691849950665
linear,1212,pcalm,28,0.641677718420412
linear,1212,pcalm,29,0.6344924986309517
linear,1212,pcalm,30,0.6285537709631096
linear,1212,pcalm,31,0.6222764085463272
linear,1212,pcalm,32,0.6161734790713768
linear,1212,pcalm,33,0.6106834933712367
linear,1212,pcalm,34,0.6050746500686879
linear,1212,pcalm,35,0.6000803632029837
linear,1212,pcalm,36,0.5951284609010394
linear,1212,pcalm,37,0.5910298071427684
linear,1212,pcalm,38,0.5869459548613872
linear,1212,pcalm,39,0.583008245806239
linear,1212,pcalm,40,0.5783603036739081
linear,1212,pcalm,41,0.5756165976474558
linear,1212,pcalm,42,0.5723997190175493
linear,1212,pcalm,43,0.5693792732535111
linear,1212,pcalm,44,0.5668317307719491
linear,1212,pcalm,45,0.5642613300851279
linear,1212,pcalm,46,0.561194336116493
linear,1212,pcalm,47,0.55820250068062
linear,1212,pcalm,48,0.5558542936172572
linear,1212,pcalm,49,0.5533107335780786
linear,1212,pcalm,50,0.5522698750063566
linear,1212,pcalm,51,0.5500620235135774
linear,1212,pcalm,52,0.5482276432673365
linear,1212,pcalm,53,0.5459067105934559
linear,1212,pcalm,54,0.543996540317417
linear,1212,pcalm,55,0.5439562296310808
linear,1212,pcalm,56,0.5417391454097881
linear,1212,pcalm,57,0.5399329748629917
linear,1212,pcalm,58,0.539672465808196
linear,1212,pcalm,59,0.5390189722080275
linear,1212,pcalm,60,0.5376502648498535
linear,1213,pcalm,1,1.1870189984457367
linear,1213,pcalm,2,1.0793695625679074
linear,1213,pcalm,3,0.9967127598250259
linear,1213,pcalm,4,0.9353413660928469
linear,1213,pcalm,5,0.8887147615817099
linear,1213,pcalm,6,0.8513717673140863
linear,1213,pcalm,7,0.8206050281976719
linear,1213,pcalm,8,0.7938881524203524
linear,1213,pcalm,9,0.770296551296236
linear,1213,pcalm,10,0.7494013911770162
linear,1213,pcalm,11,0.7309041654803448
linear,1213,pcalm,12,0.7145457320298702
linear,1213,pcalm,13,0.7000148634523965
linear,1213,pcalm,14,0.6868690777569748
linear,1213,pcalm,15,0.6737814058365356
linear,1213,pcalm,16,0.6624121854808401
linear,1213,pcalm,17,0.6520481623062241
linear,1213,pcalm,18,0.6430660107773368
linear,1213,pcalm,19,0.6346854205699589
linear,1213,pcalm,20,0.627733633502089
linear,1213,pcalm,21,0.6211493949573295
linear,1213,pcalm,22,0.6157292127142192
linear,1213,pcalm,23,0.609184102915784
linear,1213,pcalm,24,0.6049436190118889
linear,1213,pcalm,25,0.6008436707668714
linear,1213,pcalm,26,0.5971697579133247
linear,1213,pcalm,27,0.5933677983214606
linear,1213,pcalm,28,0.5908981657835085
linear,1213,pcalm,29,0.5869887924830084
linear,1213,pcalm,30,0.5848154006821696
linear,1213,pcalm,31,0.5825939707519744
linear,1213,pcalm,32,0.5796182345769821
linear,1213,pcalm,33,0.5775464412243957
linear,1213,pcalm,34,0.5752552841832393
linear,1213,pcalm,35,0.5729483073886333
linear,1213,pcalm,36,0.5721868704377598
linear,1213,pcalm,37,0.5701545762480892
linear,1213,pcalm,38,0.5680763435646027
linear,1213,pcalm,39,0.5668461892785985
linear,1213,pcalm,40,0.5652936739097313
linear,1213,pcalm,41,0.5644474461207176
linear,1213,pcalm,42,0.5627273128903326
linear,1213,pcalm,43,0.5608718605343094
linear,1213,pcalm,44,0.5605421861809021
linear,1213,pcalm,45,0.559917337298301
linear,1213,pcalm,46,0.5597059955040434
linear,1213,pcalm,47,0.5582516392793675
linear,1213,pcalm,48,0.5583267066014566
linear,1213,pcalm,49,0.5579926024471998
linear,1213,pcalm,50,0.5572930816988559
linear,1213,pcalm,51,0.5568902110086836
linear,1213,pcalm,52,0.5572580818517189
linear,1213,pcalm,53,0.5572614053444006
linear,1213,pcalm,54,0.5570546866210014
linear,1213,pcalm,55,0.5571889391774089
linear,1213,pcalm,56,0.5575889395804746
linear,1213,pcalm,57,0.5586801914306169
linear,1213,pcalm,58,0.5582168629159981
linear,1213,pcalm,59,0.5581359364470065
linear,1213,pcalm,60,0.560152728641783
linear,1214,pcalm,1,1.1444605753160029
linear,1214,pcalm,2,1.0651532814864126
linear,1214,pcalm,3,1.0070148626857187
linear,1214,pcalm,4,0.9627121241409103
linear,1214,pcalm,5,0.9268886268256854
linear,1214,pcalm,6,0.8960923670640012
linear,1214,pcalm,7,0.8684002998721411
linear,1214,pcalm,8,0.8422015438436962
linear,1214,pcalm,9,0.8181564954865056
linear,1214,pcalm,10,0.7959485554437608
linear,1214,pcalm,11,0.7753372058569248
linear,1214,pcalm,12,0.7558656182197737
linear,1214,pcalm,13,0.7375856684027985
linear,1214,pcalm,14,0.7200439864546837
linear,1214,pcalm,15,0.7034878579403957
linear,1214,pcalm,16,0.6879606724258576
linear,1214,pcalm,17,0.6737901618486504
linear,1214,pcalm,18,0.6608891423710007
linear,1214,pcalm,19,0.6489240820247025
linear,1214,pcalm,20,0.6379622094147109
linear,1214,pcalm,21,0.6280671321829389
linear,1214,pcalm,22,0.6193540289465682
linear,1214,pcalm,23,0.6114706411045399
linear,1214,pcalm,24,0.6039348462439861
linear,1214,pcalm,25,0.5969486766497644
linear,1214,pcalm,26,0.5909030536142822
linear,1214,pcalm,27,0.5848718648347422
linear,1214,pcalm,28,0.5788789560193778
linear,1214,pcalm,29,0.5732791331291431
linear,1214,pcalm,30,0.5689032136089821
linear,1214,pcalm,31,0.5637035386606993
linear,1214,pcalm,32,0.5587192278021861
linear,1214,pcalm,33,0.554258186127914
linear,1214,pcalm,34,0.5497128759124761
linear,1214,pcalm,35,0.5459556096556949
linear,1214,pcalm,36,0.5425046541173628
linear,1214,pcalm,37,0.5387032340105641
linear,1214,pcalm,38,0.5359712203387591
linear,1214,pcalm,39,0.533547854919444
linear,1214,pcalm,40,0.5314278973873816
linear,1214,pcalm,41,0.5290689671812531
linear,1214,pcalm,42,0.5263818705525871
linear,1214,pcalm,43,0.5241355377918832
linear,1214,pcalm,44,0.5234225236788372
linear,1214,pcalm,45,0.5220347048400896
linear,1214,pcalm,46,0.5208730367724799
linear,1214,pcalm,47,0.5199261289916569
linear,1214,pcalm,48,0.5193824986295746
linear,1214,pcalm,49,0.5183534781531679
linear,1214,pcalm,50,0.5172750517203947
linear,1214,pcalm,51,0.5177008012126749
linear,1214,pcalm,52,0.5164789665926789
linear,1214,pcalm,53,0.5158150866431769
linear,1214,pcalm,54,0.5152305721389419
linear,1214,pcalm,55,0.5150350165478613
linear,1214,pcalm,56,0.5152006902500036
linear,1214,pcalm,57,0.5138292959983333
linear,1214,pcalm,58,0.5131284198673655
linear,1214,pcalm,59,0.5129197324322197
linear,1214,pcalm,60,0.5117741158641779
linear,1215,pcalm,1,1.2709591840250982
linear,1215,pcalm,2,1.1843574437102404
linear,1215,pcalm,3,1.1148742305851551
linear,1215,pcalm,4,1.0600903173780079
linear,1215,pcalm,5,1.0145607254071265
linear,1215,pcalm,6,0.9755100455641412
linear,1215,pcalm,7,0.9410022833336109
linear,1215,pcalm,8,0.9107998807079282
linear,1215,pcalm,9,0.8848222669911511
linear,1215,pcalm,10,0.8613680372674208
linear,1215,pcalm,11,0.8399342824780622
linear,1215,pcalm,12,0.8201364640629123
linear,1215,pcalm,13,0.8012327651960858
linear,1215,pcalm,14,0.7848185467550844
linear,1215,pcalm,15,0.7695938532525037
linear,1215,pcalm,16,0.7557634440185486
linear,1215,pcalm,17,0.7430618401760803
linear,1215,pcalm,18,0.732399513607763
linear,1215,pcalm,19,0.7222891679384306
linear,1215,pcalm,20,0.7137689317767032
linear,1215,pcalm,21,0.7056873234104946
linear,1215,pcalm,22,0.6975956773978567
linear,1215,pcalm,23,0.6904813765620581
linear,1215,pcalm,24,0.6843158896385862
linear,1215,pcalm,25,0.6782897743834555
linear,1215,pcalm,26,0.6728225508079003
linear,1215,pcalm,27,0.6674569565328196
linear,1215,pcalm,28,0.6628556517333677
linear,1215,pcalm,29,0.6583124406108131
linear,1215,pcalm,30,0.6543874461902707
linear,1215,pcalm,31,0.6502801477311221
linear,1215,pcalm,32,0.6465589799340637
linear,1215,pcalm,33,0.6426662963259518
linear,1215,pcalm,34,0.6398391552280646
linear,1215,pcalm,35,0.6373034862276167
linear,1215,pcalm,36,0.6339266810878952
linear,1215,pcalm,37,0.6316450953131837
linear,1215,pcalm,38,0.6305055449957131
linear,1215,pcalm,39,0.6277255790185642
linear,1215,pcalm,40,0.6254411145409505
linear,1215,pcalm,41,0.6243985399944608
linear,1215,pcalm,42,0.6217711346276052
linear,1215,pcalm,43,0.6200413762544407
linear,1215,pcalm,44,0.6195179692208526
linear,1215,pcalm,45,0.6184377462814213
linear,1215,pcalm,46,0.615846067946641
linear,1215,pcalm,47,0.6145836447769404
linear,1215,pcalm,48,0.6122970227300747
linear,1215,pcalm,49,0.6130715285683632
linear,1215,pcalm,50,0.6122961987910533
linear,1215,pcalm,51,0.6116710382985326
linear,1215,pcalm,52,0.6100711543551705
linear,1215,pcalm,53,0.6088107121043799
linear,1215,pcalm,54,0.6074072332537339
linear,1215,pcalm,55,0.6068095696908097
linear,1215,pcalm,56,0.6062746938222802
linear,1215,pcalm,57,0.6056386800766578
linear,1215,pcalm,58,0.603939786749053
linear,1215,pcalm,59,0.6045269889932366
linear,1215,pcalm,60,0.6026623636470034
linear,1216,pcalm,1,1.2230480146685245
linear,1216,pcalm,2,1.131160598785785
linear,1216,pcalm,3,1.0588260716219584
linear,1216,pcalm,4,1.0011860567339756
linear,1216,pcalm,5,0.9545172175972949
linear,1216,pcalm,6,0.9160457143009744
linear,1216,pcalm,7,0.8832100763415264
linear,1216,pcalm,8,0.8553103703572681
linear,1216,pcalm,9,0.8307793778693972
linear,1216,pcalm,10,0.8089780921390793
linear,1216,pcalm,11,0.7894248403744557
linear,1216,pcalm,12,0.7710385247699373
linear,1216,pcalm,13,0.7535708768864143
linear,1216,pcalm,14,0.7384185769787539
linear,1216,pcalm,15,0.7236049585129312
linear,1216,pcalm,16,0.709787777420419
linear,1216,pcalm,17,0.6971026358110491
linear,1216,pcalm,18,0.685521247337002
linear,1216,pcalm,19,0.674068186339215
linear,1216,pcalm,20,0.6642394888974771
linear,1216,pcalm,21,0.6547801095249864
linear,1216,pcalm,22,0.6458879373804707
linear,1216,pcalm,23,0.6376426034617776
linear,1216,pcalm,24,0.6298294387436133
linear,1216,pcalm,25,0.6223711978744769
linear,1216,pcalm,26,0.6159320461974103
linear,1216,pcalm,27,0.6097370190759205
linear,1216,pcalm,28,0.6041096458385282
linear,1216,pcalm,29,0.5990509170502302
linear,1216,pcalm,30,0.5944482214478004
linear,1216,pcalm,31,0.5895112874602277
linear,1216,pcalm,32,0.5860256345464513
linear,1216,pcalm,33,0.5812898943739532
linear,1216,pcalm,34,0.5780552468922754
linear,1216,pcalm,35,0.5758828183705593
linear,1216,pcalm,36,0.5729777804526874
linear,1216,pcalm,37,0.5709735717529624
linear,1216,pcalm,38,0.5679821572992213
linear,1216,pcalm,39,0.5655273352228389
linear,1216,pcalm,40,0.5634792757701408
linear,1216,pcalm,41,0.5619690882085254
linear,1216,pcalm,42,0.5602727412269403
linear,1216,pcalm,43,0.5582130635817135
linear,1216,pcalm,44,0.5569807085844427
linear,1216,pcalm,45,0.5547446570469771
linear,1216,pcalm,46,0.552613856361688
linear,1216,pcalm,47,0.5512195612584608
linear,1216,pcalm,48,0.549672680857913
linear,1216,pcalm,49,0.5483900862763017
linear,1216,pcalm,50,0.5475144065016923
linear,1216,pcalm,51,0.5456923537790717
linear,1216,pcalm,52,0.5441250813822455
linear,1216,pcalm,53,0.5446999529093016
linear,1216,pcalm,54,0.5432892611322311
linear,1216,pcalm,55,0.5431185707117582
linear,1216,pcalm,56,0.5413412256702195
linear,1216,pcalm,57,0.5393810597015581
linear,1216,pcalm,58,0.538242863084719
linear,1216,pcalm,59,0.5383285764600804
linear,1216,pcalm,60,0.5371624821332007
linear,1217,pcalm,1,1.1136483059300948
linear,1217,pcalm,2,1.0350043121151469
linear,1217,pcalm,3,0.9729590817753575
linear,1217,pcalm,4,0.9244474941546725
linear,1217,pcalm,5,0.8838283847014968
linear,1217,pcalm,6,0.848287539360849
linear,1217,pcalm,7,0.8164601000654502
linear,1217,pcalm,8,0.7876550568822518
linear,1217,pcalm,9,0.7607722218277587
linear,1217,pcalm,10,0.7365173615198346
linear,1217,pcalm,11,0.7138312556004731
linear,1217,pcalm,12,0.6929352916045808
linear,1217,pcalm,13,0.6739369154107764
linear,1217,pcalm,14,0.6568747540228195
linear,1217,pcalm,15,0.6417709042694825
linear,1217,pcalm,16,0.62792222399845
linear,1217,pcalm,17,0.6154540028522216
linear,1217,pcalm,18,0.604842628710519
linear,1217,pcalm,19,0.595551582714855
linear,1217,pcalm,20,0.5876116288535286
linear,1217,pcalm,21,0.5803456538689037
linear,1217,pcalm,22,0.5742432859080808
linear,1217,pcalm,23,0.5681727796146846
linear,1217,pcalm,24,0.5628200974230302
linear,1217,pcalm,25,0.5578549666482311
linear,1217,pcalm,26,0.5537733045322067
linear,1217,pcalm,27,0.5491996811199743
linear,1217,pcalm,28,0.5452473835377872
linear,1217,pcalm,29,0.5407084117087994
linear,1217,pcalm,30,0.5369934604380702
linear,1217,pcalm,31,0.5335972809986673
linear,1217,pcalm,32,0.529951464508997
linear,1217,pcalm,33,0.5263339757330355
linear,1217,pcalm,34,0.5229864110923624
linear,1217,pcalm,35,0.5194717860740791
linear,1217,pcalm,36,0.5164762399192976
linear,1217,pcalm,37,0.5136991085867911
linear,1217,pcalm,38,0.5104323368639615
linear,1217,pcalm,39,0.5079984794413696
linear,1217,pcalm,40,0.5055965079290968
linear,1217,pcalm,41,0.502679507624337
linear,1217,pcalm,42,0.5012943240029567
linear,1217,pcalm,43,0.49825690804918416
linear,1217,pcalm,44,0.4955328106356946
linear,1217,pcalm,45,0.49417050864335366
linear,1217,pcalm,46,0.492312724442511
linear,1217,pcalm,47,0.49046138165399733
linear,1217,pcalm,48,0.488428449688544
linear,1217,pcalm,49,0.48703163941714794
linear,1217,pcalm,50,0.4859561047076307
linear,1217,pcalm,51,0.4846557399698464
linear,1217,pcalm,52,0.48314941852505183
linear,1217,pcalm,53,0.4808140970956649
linear,1217,pcalm,54,0.4794499826505267
linear,1217,pcalm,55,0.4778684563532165
linear,1217,pcalm,56,0.47834028593609484
linear,1217,pcalm,57,0.4765227869503486
linear,1217,pcalm,58,0.4764810579715961
linear,1217,pcalm,59,0.4757309542128548
linear,1217,pcalm,60,0.4747964661528954
linear,1218,pcalm,1,1.2242020338927069
linear,1218,pcalm,2,1.143870843991675
linear,1218,pcalm,3,1.0818190952087352
linear,1218,pcalm,4,1.0315021373587137
linear,1218,pcalm,5,0.988740625961927
linear,1218,pcalm,6,0.9525002004966078
linear,1218,pcalm,7,0.9187105711314242
linear,1218,pcalm,8,0.8893837685342323
linear,1218,pcalm,9,0.8629911869641186
linear,1218,pcalm,10,0.8392034258125198
linear,1218,pcalm,11,0.818623958638521
linear,1218,pcalm,12,0.800170623228247
linear,1218,pcalm,13,0.7835694859475769
linear,1218,pcalm,14,0.7683609278752096
linear,1218,pcalm,15,0.7543784520072337
linear,1218,pcalm,16,0.7418827548666691
linear,1218,pcalm,17,0.7310397316145344
linear,1218,pcalm,18,0.7199442940575054
linear,1218,pcalm,19,0.7108396211406807
linear,1218,pcalm,20,0.7022018698802239
linear,1218,pcalm,21,0.6933916676387883
linear,1218,pcalm,22,0.6857059782085564
linear,1218,pcalm,23,0.6775414414275218
linear,1218,pcalm,24,0.670693613663734
linear,1218,pcalm,25,0.6630254198201011
linear,1218,pcalm,26,0.6565720365082969
linear,1218,pcalm,27,0.6496464467826705
linear,1218,pcalm,28,0.6432539727918192
linear,1218,pcalm,29,0.637107811540313
linear,1218,pcalm,30,0.6318640022136602
linear,1218,pcalm,31,0.6267400245260054
linear,1218,pcalm,32,0.6216824036127729
linear,1218,pcalm,33,0.6167191997284028
linear,1218,pcalm,34,0.6127544091594112
linear,1218,pcalm,35,0.608022781236334
linear,1218,pcalm,36,0.6042538240690775
linear,1218,pcalm,37,0.6009734816545501
linear,1218,pcalm,38,0.5968729048187444
linear,1218,pcalm,39,0.5946821239979011
linear,1218,pcalm,40,0.5915434629987951
linear,1218,pcalm,41,0.5883198284964769
linear,1218,pcalm,42,0.586036957322147
linear,1218,pcalm,43,0.5830730324484455
linear,1218,pcalm,44,0.5810864832204455
linear,1218,pcalm,45,0.5777017991171643
linear,1218,pcalm,46,0.5755657813183869
linear,1218,pcalm,47,0.5737795207556264
linear,1218,pcalm,48,0.5714867416393191
linear,1218,pcalm,49,0.5705189601861556
linear,1218,pcalm,50,0.5683265736735787
linear,1218,pcalm,51,0.5660231431559191
linear,1218,pcalm,52,0.563859494022306
linear,1218,pcalm,53,0.5641617249526986
linear,1218,pcalm,54,0.5625160153351473
linear,1218,pcalm,55,0.5617507208200229
linear,1218,pcalm,56,0.5596849461303556
linear,1218,pcalm,57,0.5582080726729629
linear,1218,pcalm,58,0.556761428658294
linear,1218,pcalm,59,0.5563842160375846
linear,1218,pcalm,60,0.5574950767693513
linear,1219,pcalm,1,1.2478278533496072
linear,1219,pcalm,2,1.1592307849150456
linear,1219,pcalm,3,1.092279878577218
linear,1219,pcalm,4,1.0408138078686489
linear,1219,pcalm,5,1.0022106838384515
linear,1219,pcalm,6,0.9699589874005801
linear,1219,pcalm,7,0.9441671341161624
linear,1219,pcalm,8,0.9212711176981104
linear,1219,pcalm,9,0.9004230018378742
linear,1219,pcalm,10,0.8821350767449435
linear,1219,pcalm,11,0.8650343683225213
linear,1219,pcalm,12,0.8501030454540378
linear,1219,pcalm,13,0.8355091180044241
linear,1219,pcalm,14,0.8216950067763676
linear,1219,pcalm,15,0.809081442761976
linear,1219,pcalm,16,0.7968943034180785
linear,1219,pcalm,17,0.7856043156322688
linear,1219,pcalm,18,0.7753654143530376
linear,1219,pcalm,19,0.7661040300616645
linear,1219,pcalm,20,0.7557779591952208
linear,1219,pcalm,21,0.748571158991543
linear,1219,pcalm,22,0.7407304437139999
linear,1219,pcalm,23,0.7341373874058673
linear,1219,pcalm,24,0.7278845589237894
linear,1219,pcalm,25,0.721911216944672
linear,1219,pcalm,26,0.7163766357526905
linear,1219,pcalm,27,0.7120851169086221
linear,1219,pcalm,28,0.7079833103043823
linear,1219,pcalm,29,0.7047185175219223
linear,1219,pcalm,30,0.7004547892659763
linear,1219,pcalm,31,0.6962497024458352
linear,1219,pcalm,32,0.6942876695250999
linear,1219,pcalm,33,0.6911022304325307
linear,1219,pcalm,34,0.688577276882957
linear,1219,pcalm,35,0.6850477266561629
linear,1219,pcalm,36,0.6828605507459357
linear,1219,pcalm,37,0.6794722210833551
linear,1219,pcalm,38,0.6778599269747049
linear,1219,pcalm,39,0.6773026324248953
linear,1219,pcalm,40,0.6759079819434847
linear,1219,pcalm,41,0.6738782709652421
linear,1219,pcalm,42,0.671002775057444
linear,1219,pcalm,43,0.6693310218028253
linear,1219,pcalm,44,0.6679341675573909
linear,1219,pcalm,45,0.6668335258500336
linear,1219,pcalm,46,0.6649309787092365
linear,1219,pcalm,47,0.6622456521770634
linear,1219,pcalm,48,0.6603833376798435
linear,1219,pcalm,49,0.6598601018832769
linear,1219,pcalm,50,0.6590078421784555
linear,1219,pcalm,51,0.6580542512282118
linear,1219,pcalm,52,0.6549305102068694
linear,1219,pcalm,53,0.6552319528703712
linear,1219,pcalm,54,0.654403781337482
linear,1219,pcalm,55,0.6539073479561365
linear,1219,pcalm,56,0.6520349966290592
linear,1219,pcalm,57,0.6525415669772037
linear,1219,pcalm,58,0.651261896944111
linear,1219,pcalm,59,0.6491404906506704
linear,1219,pcalm,60,0.651565976112655
linear,1200,shuffle,1,1.2004468938782027
linear,1200,shuffle,2,1.123641631461889
linear,1200,shuffle,3,1.0615593260423766
linear,1200,shuffle,4,1.010739342706003
linear,1200,shuffle,5,0.9674420546005454
linear,1200,shuffle,6,0.9300504993529856
linear,1200,shuffle,7,0.8975508740239994
linear,1200,shuffle,8,0.8682405978637074
linear,1200,shuffle,9,0.8407598006047549
linear,1200,shuffle,10,0.8155783773495205
linear,1200,shuffle,11,0.7918411639761896
linear,1200,shuffle,12,0.7697606272245024
linear,1200,shuffle,13,0.7490587390824023
linear,1200,shuffle,14,0.7296157361914609
linear,1200,shuffle,15,0.7122666609211302
linear,1200,shuffle,16,0.6962334372960609
linear,1200,shuffle,17,0.6808425100082068
linear,1200,shuffle,18,0.6676367870682621
linear,1200,shuffle,19,0.6560218117678078
linear,1200,shuffle,20,0.6451107686559036
linear,1200,shuffle,21,0.6348832311692955
linear,1200,shuffle,22,0.6259947453102545
linear,1200,shuffle,23,0.6181470259523097
linear,1200,shuffle,24,0.6107854149057138
linear,1200,shuffle,25,0.6051240609540979
linear,1200,shuffle,26,0.5995067960623096
linear,1200,shuffle,27,0.5939815232207631
linear,1200,shuffle,28,0.5890349852438269
linear,1200,shuffle,29,0.5842565342425183
linear,1200,shuffle,30,0.579281866214666
linear,1200,shuffle,31,0.5746691120793783
linear,1200,shuffle,32,0.5700728156649331
linear,1200,shuffle,33,0.565971186225369
linear,1200,shuffle,34,0.5624785477012776
linear,1200,shuffle,35,0.5588742199272715
linear,1200,shuffle,36,0.5550845729770982
linear,1200,shuffle,37,0.5520010426007128
linear,1200,shuffle,38,0.5485379475657313
linear,1200,shuffle,39,0.545468424282882
linear,1200,shuffle,40,0.5426031078649373
linear,1200,shuffle,41,0.5395676213023828
linear,1200,shuffle,42,0.5375348937237776
linear,1200,shuffle,43,0.5346051093299138
linear,1200,shuffle,44,0.532427802296071
linear,1200,shuffle,45,0.5302401511432903
linear,1200,shuffle,46,0.5279090717722211
linear,1200,shuffle,47,0.5254272994394859
linear,1200,shuffle,48,0.5239115483062963
linear,1200,shuffle,49,0.5218175016256444
linear,1200,shuffle,50,0.5204097986269035
linear,1200,shuffle,51,0.5187178249022261
linear,1200,shuffle,52,0.5167508307025582
linear,1200,shuffle,53,0.5149693974104602
linear,1200,shuffle,54,0.5142995864563775
linear,1200,shuffle,55,0.5123719302918804
linear,1200,shuffle,56,0.5117264632742631
linear,1200,shuffle,57,0.51128918080648
linear,1200,shuffle,58,0.5106680751907035
linear,1200,shuffle,59,0.5095395347232631
linear,1200,shuffle,60,0.5090743177876751
linear,1201,shuffle,1,1.1782332652766614
linear,1201,shuffle,2,1.1017533374941137
linear,1201,shuffle,3,1.0444059067035865
linear,1201,shuffle,4,0.9994246429760546
linear,1201,shuffle,5,0.9626010308919476
linear,1201,shuffle,6,0.9324929387708276
linear,1201,shuffle,7,0.9074919131280942
linear,1201,shuffle,8,0.8854697380284994
linear,1201,shuffle,9,0.8654539615936286
linear,1201,shuffle,10,0.8467391662569387
linear,1201,shuffle,11,0.8299514665061003
linear,1201,shuffle,12,0.8137596659246954
linear,1201,shuffle,13,0.7999233404261897
linear,1201,shuffle,14,0.7861002567567557
linear,1201,shuffle,15,0.774348580710388
linear,1201,shuffle,16,0.7628223710405102
linear,1201,shuffle,17,0.7539965873370601
linear,1201,shuffle,18,0.7444588857992186
linear,1201,shuffle,19,0.7353028219595208
linear,1201,shuffle,20,0.7275054450566975
linear,1201,shuffle,21,0.7205250578970505
linear,1201,shuffle,22,0.7130468464355305
linear,1201,shuffle,23,0.7071802238451195
linear,1201,shuffle,24,0.7016862671588612
linear,1201,shuffle,25,0.6952923930129783
linear,1201,shuffle,26,0.6901725909368115
linear,1201,shuffle,27,0.6850373982680401
linear,1201,shuffle,28,0.6805193923746349
linear,1201,shuffle,29,0.6769792256958871
linear,1201,shuffle,30,0.6734084644670496
linear,1201,shuffle,31,0.6708519310907951
linear,1201,shuffle,32,0.6670709175230938
linear,1201,shuffle,33,0.6637460816506336
linear,1201,shuffle,34,0.6614952597769416
linear,1201,shuffle,35,0.6580841194781898
linear,1201,shuffle,36,0.6549115878006835
linear,1201,shuffle,37,0.653070499127084
linear,1201,shuffle,38,0.6512506455891133
linear,1201,shuffle,39,0.6489032092346293
linear,1201,shuffle,40,0.6461300583730107
linear,1201,shuffle,41,0.6439595268179982
linear,1201,shuffle,42,0.6423333907533026
linear,1201,shuffle,43,0.6405094782034411
linear,1201,shuffle,44,0.6387250703484886
linear,1201,shuffle,45,0.635672369882953
linear,1201,shuffle,46,0.6348110385266547
linear,1201,shuffle,47,0.6331128125219033
linear,1201,shuffle,48,0.6303646204400346
linear,1201,shuffle,49,0.6305327518486447
linear,1201,shuffle,50,0.6294589792964254
linear,1201,shuffle,51,0.6268140938184436
linear,1201,shuffle,52,0.6253665872369285
linear,1201,shuffle,53,0.6238897395452943
linear,1201,shuffle,54,0.6230972664336912
linear,1201,shuffle,55,0.6220660013055693
linear,1201,shuffle,56,0.6209289132569603
linear,1201,shuffle,57,0.619709475874395
linear,1201,shuffle,58,0.6189775425434412
linear,1201,shuffle,59,0.6182573721975352
linear,1201,shuffle,60,0.6169950966460324
linear,1202,shuffle,1,1.328205714094649
linear,1202,shuffle,2,1.2101296426725632
linear,1202,shuffle,3,1.1241220807044132
linear,1202,shuffle,4,1.0585862872742104
linear,1202,shuffle,5,1.0064603367043934
linear,1202,shuffle,6,0.9624171298605226
linear,1202,shuffle,7,0.9241229903673046
linear,1202,shuffle,8,0.8909357135902346
linear,1202,shuffle,9,0.8611072746303431
linear,1202,shuffle,10,0.835382498339967
linear,1202,shuffle,11,0.8136262056757202
linear,1202,shuffle,12,0.7934936283512924
linear,1202,shuffle,13,0.7762202179218313
linear,1202,shuffle,14,0.7605433446107522
linear,1202,shuffle,15,0.7456229243370291
linear,1202,shuffle,16,0.7329423076305845
linear,1202,shuffle,17,0.7216208495021652
linear,1202,shuffle,18,0.7101124530851672
linear,1202,shuffle,19,0.6995665306003432
linear,1202,shuffle,20,0.6904054431250309
linear,1202,shuffle,21,0.6810565017814817
linear,1202,shuffle,22,0.6730517131416714
linear,1202,shuffle,23,0.6649323374172839
linear,1202,shuffle,24,0.6580832352350066
linear,1202,shuffle,25,0.6512756294768677
linear,1202,shuffle,26,0.6454655216060616
linear,1202,shuffle,27,0.639570354474894
linear,1202,shuffle,28,0.6343582792905055
linear,1202,shuffle,29,0.6295408770071381
linear,1202,shuffle,30,0.6255226313822129
linear,1202,shuffle,31,0.6212027789657693
linear,1202,shuffle,32,0.618026050640366
linear,1202,shuffle,33,0.6143444154673835
linear,1202,shuffle,34,0.6104219362984997
linear,1202,shuffle,35,0.6075804295242145
linear,1202,shuffle,36,0.6044340252012813
linear,1202,shuffle,37,0.6021092588823108
linear,1202,shuffle,38,0.5990867505420369
linear,1202,shuffle,39,0.597082604248293
linear,1202,shuffle,40,0.5950996175872637
linear,1202,shuffle,41,0.5916881210867008
linear,1202,shuffle,42,0.5895067470401735
linear,1202,shuffle,43,0.5872939033002315
linear,1202,shuffle,44,0.585407618186352
linear,1202,shuffle,45,0.5837881756931458
linear,1202,shuffle,46,0.5820895864304562
linear,1202,shuffle,47,0.5805888946456
linear,1202,shuffle,48,0.579140346381615
linear,1202,shuffle,49,0.5765367078413274
linear,1202,shuffle,50,0.5751205690365174
linear,1202,shuffle,51,0.5749730318151652
linear,1202,shuffle,52,0.574155780187447
linear,1202,shuffle,53,0.573223903314388
linear,1202,shuffle,54,0.5712639168496987
linear,1202,shuffle,55,0.5712485803504096
linear,1202,shuffle,56,0.5699874291632451
linear,1202,shuffle,57,0.569085009275609
linear,1202,shuffle,58,0.5680668313937702
linear,1202,shuffle,59,0.567355133714906
linear,1202,shuffle,60,0.5683517555833909
linear,1203,shuffle,1,1.15306421736815
linear,1203,shuffle,2,1.0599900446758774
linear,1203,shuffle,3,0.9921223482403411
linear,1203,shuffle,4,0.9429980605365618
linear,1203,shuffle,5,0.9062216026811942
linear,1203,shuffle,6,0.8744997706925496
linear,1203,shuffle,7,0.8487784976980524
linear,1203,shuffle,8,0.8259811550564802
linear,1203,shuffle,9,0.8046314075310992
linear,1203,shuffle,10,0.7853554538912713
linear,1203,shuffle,11,0.7676676505468403
linear,1203,shuffle,12,0.75215728530548
linear,1203,shuffle,13,0.7377135985896751
linear,1203,shuffle,14,0.7250933284813552
linear,1203,shuffle,15,0.7135748521872172
linear,1203,shuffle,16,0.7037440636242085
linear,1203,shuffle,17,0.6949104877692639
linear,1203,shuffle,18,0.686961960261101
linear,1203,shuffle,19,0.6794713506843868
linear,1203,shuffle,20,0.6730427736777757
linear,1203,shuffle,21,0.6670966362168728
linear,1203,shuffle,22,0.6606979777800887
linear,1203,shuffle,23,0.6548675593465811
linear,1203,shuffle,24,0.6487271437749343
linear,1203,shuffle,25,0.6437297476011294
linear,1203,shuffle,26,0.6384834862707338
linear,1203,shuffle,27,0.6329438692464718
linear,1203,shuffle,28,0.6284259375475395
linear,1203,shuffle,29,0.6238075558864554
linear,1203,shuffle,30,0.6193523677612607
linear,1203,shuffle,31,0.6155627069814869
linear,1203,shuffle,32,0.6118844489607326
linear,1203,shuffle,33,0.6087018352315116
linear,1203,shuffle,34,0.605965704332768
linear,1203,shuffle,35,0.60303732540024
linear,1203,shuffle,36,0.6002724688720423
linear,1203,shuffle,37,0.597979261239053
linear,1203,shuffle,38,0.5956476223154049
linear,1203,shuffle,39,0.5929036500455852
linear,1203,shuffle,40,0.5913315654818722
linear,1203,shuffle,41,0.5892755717435322
linear,1203,shuffle,42,0.5881123984447825
linear,1203,shuffle,43,0.5864900752129111
linear,1203,shuffle,44,0.5845694286603442
linear,1203,shuffle,45,0.5834975535703283
linear,1203,shuffle,46,0.5826677263979974
linear,1203,shuffle,47,0.5812735110078352
linear,1203,shuffle,48,0.5806953966422115
linear,1203,shuffle,49,0.579178614226786
linear,1203,shuffle,50,0.5788392436669184
linear,1203,shuffle,51,0.577803698248174
linear,1203,shuffle,52,0.576872946431873
linear,1203,shuffle,53,0.5762509782657944
linear,1203,shuffle,54,0.5751552177940383
linear,1203,shuffle,55,0.5747089354971703
linear,1203,shuffle,56,0.5741438714444017
linear,1203,shuffle,57,0.5739493826909031
linear,1203,shuffle,58,0.5727896773604182
linear,1203,shuffle,59,0.5722927041463529
linear,1203,shuffle,60,0.571986641223438
linear,1204,shuffle,1,1.4078082740895599
linear,1204,shuffle,2,1.3110551335410183
linear,1204,shuffle,3,1.2268026178297557
linear,1204,shuffle,4,1.1539486951780757
linear,1204,shuffle,5,1.0920862332854944
linear,1204,shuffle,6,1.0402375725298614
linear,1204,shuffle,7,0.9962692985495266
linear,1204,shuffle,8,0.9583461440340426
linear,1204,shuffle,9,0.9258893784119958
linear,1204,shuffle,10,0.8969987082986886
linear,1204,shuffle,11,0.871782674430778
linear,1204,shuffle,12,0.8491083828642383
linear,1204,shuffle,13,0.8290375666781723
linear,1204,shuffle,14,0.811196555719215
linear,1204,shuffle,15,0.7956032914311898
linear,1204,shuffle,16,0.7816138760742747
linear,1204,shuffle,17,0.7687949842349214
linear,1204,shuffle,18,0.7578959830584019
linear,1204,shuffle,19,0.7481497045350443
linear,1204,shuffle,20,0.738646574466889
linear,1204,shuffle,21,0.7306053784383444
linear,1204,shuffle,22,0.7232950082269939
linear,1204,shuffle,23,0.7158144400780907
linear,1204,shuffle,24,0.7099035786267459
linear,1204,shuffle,25,0.7049280827612732
linear,1204,shuffle,26,0.6991585129176382
linear,1204,shuffle,27,0.6947246083495141
linear,1204,shuffle,28,0.6904671796988766
linear,1204,shuffle,29,0.6865956689389417
linear,1204,shuffle,30,0.6829110017369192
linear,1204,shuffle,31,0.6800496975579474
linear,1204,shuffle,32,0.6756914391471791
linear,1204,shuffle,33,0.672178185671641
linear,1204,shuffle,34,0.6696258607127583
linear,1204,shuffle,35,0.6670349924143256
linear,1204,shuffle,36,0.6639397404163931
linear,1204,shuffle,37,0.6617849498881195
linear,1204,shuffle,38,0.6585267695869016
linear,1204,shuffle,39,0.6554892108115123
linear,1204,shuffle,40,0.6528382811886063
linear,1204,shuffle,41,0.651535977184119
linear,1204,shuffle,42,0.6493626657965111
linear,1204,shuffle,43,0.6470202880776555
linear,1204,shuffle,44,0.6447933603206809
linear,1204,shuffle,45,0.6444276492742037
linear,1204,shuffle,46,0.64125018346666
linear,1204,shuffle,47,0.6393483904122489
linear,1204,shuffle,48,0.637847715411005
linear,1204,shuffle,49,0.635331730047347
linear,1204,shuffle,50,0.6345674739399608
linear,1204,shuffle,51,0.6341362062175754
linear,1204,shuffle,52,0.6326845743074517
linear,1204,shuffle,53,0.6313134315996988
linear,1204,shuffle,54,0.630032609952304
linear,1204,shuffle,55,0.6291798186755134
linear,1204,shuffle,56,0.6270549029174597
linear,1204,shuffle,57,0.6264276811218854
linear,1204,shuffle,58,0.6271685114182303
linear,1204,shuffle,59,0.6270207853920291
linear,1204,shuffle,60,0.625075577489476
linear,1205,shuffle,1,1.2818351866413835
linear,1205,shuffle,2,1.1990513685898414
linear,1205,shuffle,3,1.1351304604037924
linear,1205,shuffle,4,1.0829203649181094
linear,1205,shuffle,5,1.0378078000517776
linear,1205,shuffle,6,0.998281560991679
linear,1205,shuffle,7,0.9644570543543254
linear,1205,shuffle,8,0.9351036536317349
linear,1205,shuffle,9,0.9091564780574513
linear,1205,shuffle,10,0.8870285379058328
linear,1205,shuffle,11,0.8667774843139325
linear,1205,shuffle,12,0.8482580441940177
linear,1205,shuffle,13,0.8308640246819864
linear,1205,shuffle,14,0.8152333264604694
linear,1205,shuffle,15,0.8007065161159815
linear,1205,shuffle,16,0.786140965223169
linear,1205,shuffle,17,0.7724326535797519
linear,1205,shuffle,18,0.7594159201143214
linear,1205,shuffle,19,0.7461897053404934
linear,1205,shuffle,20,0.7337274003315085
linear,1205,shuffle,21,0.7221919366627377
linear,1205,shuffle,22,0.7114367321203999
linear,1205,shuffle,23,0.7013936136188402
linear,1205,shuffle,24,0.6915041333504822
linear,1205,shuffle,25,0.6821848876995217
linear,1205,shuffle,26,0.6741362551739211
linear,1205,shuffle,27,0.6663288795648014
linear,1205,shuffle,28,0.6578625844028635
linear,1205,shuffle,29,0.650481500063194
linear,1205,shuffle,30,0.6438689516362612
linear,1205,shuffle,31,0.6371340620858452
linear,1205,shuffle,32,0.6318988655569003
linear,1205,shuffle,33,0.6262037110953597
linear,1205,shuffle,34,0.6213585993056902
linear,1205,shuffle,35,0.6177511725354804
linear,1205,shuffle,36,0.6139415683310371
linear,1205,shuffle,37,0.6095447431847715
linear,1205,shuffle,38,0.6069102717341441
linear,1205,shuffle,39,0.6043781760267525
linear,1205,shuffle,40,0.6025506076644976
linear,1205,shuffle,41,0.5990832227883435
linear,1205,shuffle,42,0.5962241760845579
linear,1205,shuffle,43,0.5936882567628223
linear,1205,shuffle,44,0.5913420460605385
linear,1205,shuffle,45,0.5896489720009894
linear,1205,shuffle,46,0.5873502755475354
linear,1205,shuffle,47,0.5857241877737717
linear,1205,shuffle,48,0.5848738711780236
linear,1205,shuffle,49,0.5835859099404843
linear,1205,shuffle,50,0.5818794754556039
linear,1205,shuffle,51,0.5808929473213772
linear,1205,shuffle,52,0.5791794652762926
linear,1205,shuffle,53,0.5779095712104235
linear,1205,shuffle,54,0.5772860538814656
linear,1205,shuffle,55,0.5769357332167377
linear,1205,shuffle,56,0.5751057971683461
linear,1205,shuffle,57,0.5735828242465334
linear,1205,shuffle,58,0.5728038152792382
linear,1205,shuffle,59,0.573020606729772
linear,1205,shuffle,60,0.5722660097936935
linear,1206,shuffle,1,1.1527204437741645
linear,1206,shuffle,2,1.0818275965273623
linear,1206,shuffle,3,1.021717151384032
linear,1206,shuffle,4,0.9692018357228301
linear,1206,shuffle,5,0.9245985809034543
linear,1206,shuffle,6,0.8873658757939227
linear,1206,shuffle,7,0.8548439112209728
linear,1206,shuffle,8,0.8267328986608172
linear,1206,shuffle,9,0.8008420376145562
linear,1206,shuffle,10,0.777853575655314
linear,1206,shuffle,11,0.757204599811657
linear,1206,shuffle,12,0.738621349861399
linear,1206,shuffle,13,0.7217408592803839
linear,1206,shuffle,14,0.7063114974655083
linear,1206,shuffle,15,0.6916505322194316
linear,1206,shuffle,16,0.678585446297884
linear,1206,shuffle,17,0.6666118934865811
linear,1206,shuffle,18,0.6557329991236551
linear,1206,shuffle,19,0.6453144765607592
linear,1206,shuffle,20,0.6359597209666014
linear,1206,shuffle,21,0.6277223093825336
linear,1206,shuffle,22,0.6195783809548177
linear,1206,shuffle,23,0.6123888463737708
linear,1206,shuffle,24,0.6057635277115447
linear,1206,shuffle,25,0.5995920877619798
linear,1206,shuffle,26,0.5936282765115587
linear,1206,shuffle,27,0.5880725405244919
linear,1206,shuffle,28,0.5822576020899078
linear,1206,shuffle,29,0.576869164134827
linear,1206,shuffle,30,0.5715023346494578
linear,1206,shuffle,31,0.5668823533820923
linear,1206,shuffle,32,0.5623105857108501
linear,1206,shuffle,33,0.558051177796953
linear,1206,shuffle,34,0.5538434715738106
linear,1206,shuffle,35,0.5499758900807491
linear,1206,shuffle,36,0.5455614546587314
linear,1206,shuffle,37,0.5414220977768978
linear,1206,shuffle,38,0.5382777468851403
linear,1206,shuffle,39,0.5354025739839828
linear,1206,shuffle,40,0.5325904636835322
linear,1206,shuffle,41,0.5289005241762452
linear,1206,shuffle,42,0.5264721369648183
linear,1206,shuffle,43,0.5237954771842551
linear,1206,shuffle,44,0.5215719261974657
linear,1206,shuffle,45,0.5188485762666771
linear,1206,shuffle,46,0.5164097925633963
linear,1206,shuffle,47,0.5137287126294661
linear,1206,shuffle,48,0.5117870099106343
linear,1206,shuffle,49,0.5100811895923034
linear,1206,shuffle,50,0.5080415978803469
linear,1206,shuffle,51,0.5062982518118867
linear,1206,shuffle,52,0.5043946742127613
linear,1206,shuffle,53,0.5025638090947302
linear,1206,shuffle,54,0.501224742190722
linear,1206,shuffle,55,0.49983724002951074
linear,1206,shuffle,56,0.49745562404940497
linear,1206,shuffle,57,0.4962125167078731
linear,1206,shuffle,58,0.49541688493673436
linear,1206,shuffle,59,0.49394829603872753
linear,1206,shuffle,60,0.49258487016223973
linear,1207,shuffle,1,1.169537647396482
linear,1207,shuffle,2,1.0845297453290283
linear,1207,shuffle,3,1.0190311386276178
linear,1207,shuffle,4,0.9680185926546511
linear,1207,shuffle,5,0.9273501467700843
linear,1207,shuffle,6,0.8929962949796284
linear,1207,shuffle,7,0.8626916611935723
linear,1207,shuffle,8,0.8363762835070511
linear,1207,shuffle,9,0.8124809421591809
linear,1207,shuffle,10,0.7912299977877524
linear,1207,shuffle,11,0.7721833716798484
linear,1207,shuffle,12,0.7543275259434697
linear,1207,shuffle,13,0.7379214196264018
linear,1207,shuffle,14,0.7236325424428843
linear,1207,shuffle,15,0.7102614274851531
linear,1207,shuffle,16,0.6975001853959041
linear,1207,shuffle,17,0.6865243948836901
linear,1207,shuffle,18,0.6760392479287095
linear,1207,shuffle,19,0.6663495601368011
linear,1207,shuffle,20,0.6574547811803376
linear,1207,shuffle,21,0.6494505306142079
linear,1207,shuffle,22,0.641931667816318
linear,1207,shuffle,23,0.6351339941989367
linear,1207,shuffle,24,0.6282969765387794
linear,1207,shuffle,25,0.6223010768587901
linear,1207,shuffle,26,0.6167086391908531
linear,1207,shuffle,27,0.6111956520044776
linear,1207,shuffle,28,0.6065241033134977
linear,1207,shuffle,29,0.6023915293202143
linear,1207,shuffle,30,0.5986553269987546
linear,1207,shuffle,31,0.5952071520801034
linear,1207,shuffle,32,0.5914798448419609
linear,1207,shuffle,33,0.5885791894715734
linear,1207,shuffle,34,0.5857381812742118
linear,1207,shuffle,35,0.5826379895421526
linear,1207,shuffle,36,0.5801805982172623
linear,1207,shuffle,37,0.5780111627229317
linear,1207,shuffle,38,0.5756321416706015
linear,1207,shuffle,39,0.5732392002282419
linear,1207,shuffle,40,0.5710371316309937
linear,1207,shuffle,41,0.5695778570868607
linear,1207,shuffle,42,0.5671326072643147
linear,1207,shuffle,43,0.5650506406677296
linear,1207,shuffle,44,0.5632882748534346
linear,1207,shuffle,45,0.5614053568390158
linear,1207,shuffle,46,0.5596428874537615
linear,1207,shuffle,47,0.5574145989717963
linear,1207,shuffle,48,0.5558016319513893
linear,1207,shuffle,49,0.554769814431291
linear,1207,shuffle,50,0.5528834468328171
linear,1207,shuffle,51,0.5512605852517751
linear,1207,shuffle,52,0.5500084360303205
linear,1207,shuffle,53,0.5484476065631226
linear,1207,shuffle,54,0.546665888730763
linear,1207,shuffle,55,0.5458841699692855
linear,1207,shuffle,56,0.5436511291765057
linear,1207,shuffle,57,0.5423335018852294
linear,1207,shuffle,58,0.5410816891639233
linear,1207,shuffle,59,0.5404557780656692
linear,1207,shuffle,60,0.5394618207516575
linear,1208,shuffle,1,1.0965758202052942
linear,1208,shuffle,2,1.0227534689855406
linear,1208,shuffle,3,0.9652749296556863
linear,1208,shuffle,4,0.9186503774200708
linear,1208,shuffle,5,0.8798252224533686
linear,1208,shuffle,6,0.8454755855707451
linear,1208,shuffle,7,0.8168435902193814
linear,1208,shuffle,8,0.7916786646418362
linear,1208,shuffle,9,0.7706268114652648
linear,1208,shuffle,10,0.7515542240364751
linear,1208,shuffle,11,0.735231989055599
linear,1208,shuffle,12,0.7200578015989562
linear,1208,shuffle,13,0.7059977748820024
linear,1208,shuffle,14,0.6933513945899832
linear,1208,shuffle,15,0.6817636929216935
linear,1208,shuffle,16,0.6708770591265091
linear,1208,shuffle,17,0.6613764523387573
linear,1208,shuffle,18,0.6516533304242521
linear,1208,shuffle,19,0.6431959683009327
linear,1208,shuffle,20,0.6350791071489316
linear,1208,shuffle,21,0.6282217527611982
linear,1208,shuffle,22,0.6222276995034957
linear,1208,shuffle,23,0.6158256673975009
linear,1208,shuffle,24,0.6096434249400021
linear,1208,shuffle,25,0.604234848456867
linear,1208,shuffle,26,0.5998109428674865
linear,1208,shuffle,27,0.5942550325939692
linear,1208,shuffle,28,0.5905530913164015
linear,1208,shuffle,29,0.586288999791572
linear,1208,shuffle,30,0.5825918969005875
linear,1208,shuffle,31,0.5791950061225325
linear,1208,shuffle,32,0.576471952034154
linear,1208,shuffle,33,0.5727443747339348
linear,1208,shuffle,34,0.5705913030596265
linear,1208,shuffle,35,0.5680649090447075
linear,1208,shuffle,36,0.5654663734061544
linear,1208,shuffle,37,0.5630842146407528
linear,1208,shuffle,38,0.5603672913853951
linear,1208,shuffle,39,0.5582337790415505
linear,1208,shuffle,40,0.556607825367078
linear,1208,shuffle,41,0.5565164682877374
linear,1208,shuffle,42,0.5563500291238043
linear,1208,shuffle,43,0.5549804578372695
linear,1208,shuffle,44,0.5531986169248002
linear,1208,shuffle,45,0.5527376153207841
linear,1208,shuffle,46,0.5520072021843533
linear,1208,shuffle,47,0.5503580475916653
linear,1208,shuffle,48,0.549567136644451
linear,1208,shuffle,49,0.5488889389066615
linear,1208,shuffle,50,0.5481421059617678
linear,1208,shuffle,51,0.5474099281971189
linear,1208,shuffle,52,0.5458672048874296
linear,1208,shuffle,53,0.5453205610123247
linear,1208,shuffle,54,0.5445186231276294
linear,1208,shuffle,55,0.543202176090528
linear,1208,shuffle,56,0.5432956208433859
linear,1208,shuffle,57,0.5424519423557373
linear,1208,shuffle,58,0.5423997684304117
linear,1208,shuffle,59,0.5421080333215538
linear,1208,shuffle,60,0.5410541290158822
linear,1209,shuffle,1,1.2663000295819993
linear,1209,shuffle,2,1.158239990083976
linear,1209,shuffle,3,1.0719110144921282
linear,1209,shuffle,4,1.0014934015505477
linear,1209,shuffle,5,0.9444384733897087
linear,1209,shuffle,6,0.89862317600103
linear,1209,shuffle,7,0.8605348260070455
linear,1209,shuffle,8,0.8269265930929635
linear,1209,shuffle,9,0.7972124643412309
linear,1209,shuffle,10,0.7711862411140681
linear,1209,shuffle,11,0.7481430241464357
linear,1209,shuffle,12,0.7277034790649153
linear,1209,shuffle,13,0.7090539371514928
linear,1209,shuffle,14,0.692448271218554
linear,1209,shuffle,15,0.6772189123666451
linear,1209,shuffle,16,0.6632961130330882
linear,1209,shuffle,17,0.6509869020893909
linear,1209,shuffle,18,0.6393572927065826
linear,1209,shuffle,19,0.6294628043562536
linear,1209,shuffle,20,0.6195753627646979
linear,1209,shuffle,21,0.6107707224285964
linear,1209,shuffle,22,0.6025163534704868
linear,1209,shuffle,23,0.5950109594768914
linear,1209,shuffle,24,0.5884551666520293
linear,1209,shuffle,25,0.5822336527676956
linear,1209,shuffle,26,0.5768475018308127
linear,1209,shuffle,27,0.5713267311367223
linear,1209,shuffle,28,0.5669361805229135
linear,1209,shuffle,29,0.5623890846172986
linear,1209,shuffle,30,0.5590642788943222
linear,1209,shuffle,31,0.555539270124024
linear,1209,shuffle,32,0.5523904748290661
linear,1209,shuffle,33,0.5490842763629158
linear,1209,shuffle,34,0.5461187555670747
linear,1209,shuffle,35,0.5435977902788998
linear,1209,shuffle,36,0.5413085450489703
linear,1209,shuffle,37,0.5390922346418144
linear,1209,shuffle,38,0.537116020078694
linear,1209,shuffle,39,0.5346666069230314
linear,1209,shuffle,40,0.5324692730241632
linear,1209,shuffle,41,0.5301957710215547
linear,1209,shuffle,42,0.5282077115065048
linear,1209,shuffle,43,0.5263564346294379
linear,1209,shuffle,44,0.5243609891602153
linear,1209,shuffle,45,0.5217263028884574
linear,1209,shuffle,46,0.5199954523883504
linear,1209,shuffle,47,0.5184401582932004
linear,1209,shuffle,48,0.5173811644671239
linear,1209,shuffle,49,0.5153347200854318
linear,1209,shuffle,50,0.5137083959683656
linear,1209,shuffle,51,0.5114978591062552
linear,1209,shuffle,52,0.5100023540237438
linear,1209,shuffle,53,0.50857048611347
linear,1209,shuffle,54,0.5065941062022866
linear,1209,shuffle,55,0.5054827427866577
linear,1209,shuffle,56,0.5042584757188961
linear,1209,shuffle,57,0.5040357655020705
linear,1209,shuffle,58,0.5020060684753233
linear,1209,shuffle,59,0.5012055210586644
linear,1209,shuffle,60,0.5004624005953857
linear,1210,shuffle,1,1.1561486254310251
linear,1210,shuffle,2,1.0839725200846848
linear,1210,shuffle,3,1.0252880499085173
linear,1210,shuffle,4,0.9769743140703296
linear,1210,shuffle,5,0.9372776593200728
linear,1210,shuffle,6,0.90313572129789
linear,1210,shuffle,7,0.8744409767336035
linear,1210,shuffle,8,0.8494841654070086
linear,1210,shuffle,9,0.828137832325652
linear,1210,shuffle,10,0.809391226270181
linear,1210,shuffle,11,0.7924244637533878
linear,1210,shuffle,12,0.7772429549720149
linear,1210,shuffle,13,0.7627621994815628
linear,1210,shuffle,14,0.7497859301106266
linear,1210,shuffle,15,0.7367386158322379
linear,1210,shuffle,16,0.7249686084341653
linear,1210,shuffle,17,0.7143259243507041
linear,1210,shuffle,18,0.7032988618333483
linear,1210,shuffle,19,0.6927458872521944
linear,1210,shuffle,20,0.6828452304695255
linear,1210,shuffle,21,0.6731933501248086
linear,1210,shuffle,22,0.6636582163640153
linear,1210,shuffle,23,0.6554037704263854
linear,1210,shuffle,24,0.6480890965085554
linear,1210,shuffle,25,0.6403703978864669
linear,1210,shuffle,26,0.6340051685447701
linear,1210,shuffle,27,0.6277433838443338
linear,1210,shuffle,28,0.6222967998660277
linear,1210,shuffle,29,0.6181707936970146
linear,1210,shuffle,30,0.6143091331240553
linear,1210,shuffle,31,0.6102169140518539
linear,1210,shuffle,32,0.6065824801440721
linear,1210,shuffle,33,0.603991362520263
linear,1210,shuffle,34,0.6011467566250381
linear,1210,shuffle,35,0.5983307956950806
linear,1210,shuffle,36,0.5962611172128635
linear,1210,shuffle,37,0.5943304351235056
linear,1210,shuffle,38,0.5926856428704896
linear,1210,shuffle,39,0.5904305478274573
linear,1210,shuffle,40,0.5883460881277446
linear,1210,shuffle,41,0.5866451697717884
linear,1210,shuffle,42,0.5851853092268234
linear,1210,shuffle,43,0.5825597506556822
linear,1210,shuffle,44,0.5809522807565273
linear,1210,shuffle,45,0.5792490079606977
linear,1210,shuffle,46,0.5781806274851577
linear,1210,shuffle,47,0.5767120407990368
linear,1210,shuffle,48,0.5744255061046236
linear,1210,shuffle,49,0.5733644470224911
linear,1210,shuffle,50,0.5721499519537083
linear,1210,shuffle,51,0.5706718941836223
linear,1210,shuffle,52,0.5694148072856707
linear,1210,shuffle,53,0.567375382601561
linear,1210,shuffle,54,0.5663997037361593
linear,1210,shuffle,55,0.565186085796414
linear,1210,shuffle,56,0.5648072678826145
linear,1210,shuffle,57,0.5633997948908007
linear,1210,shuffle,58,0.5632489615225483
linear,1210,shuffle,59,0.5608104459627498
linear,1210,shuffle,60,0.5598139855963962
linear,1211,shuffle,1,1.1451576330050157
linear,1211,shuffle,2,1.0663577967190747
linear,1211,shuffle,3,1.0062975266750775
linear,1211,shuffle,4,0.9591755271834392
linear,1211,shuffle,5,0.9205725595320464
linear,1211,shuffle,6,0.887254864021476
linear,1211,shuffle,7,0.8573118350098895
linear,1211,shuffle,8,0.8309175848368359
linear,1211,shuffle,9,0.8066367457938087
linear,1211,shuffle,10,0.7844954821913678
linear,1211,shuffle,11,0.7641881296276548
linear,1211,shuffle,12,0.7452469489502281
linear,1211,shuffle,13,0.7274745530031157
linear,1211,shuffle,14,0.7114813252391557
linear,1211,shuffle,15,0.6961419557718532
linear,1211,shuffle,16,0.681431772566036
linear,1211,shuffle,17,0.6676530443015829
linear,1211,shuffle,18,0.6550941865766512
linear,1211,shuffle,19,0.6432287657643312
linear,1211,shuffle,20,0.6324692119472598
linear,1211,shuffle,21,0.6224774777706301
linear,1211,shuffle,22,0.613515671540119
linear,1211,shuffle,23,0.6053294212059234
linear,1211,shuffle,24,0.5977210500528565
linear,1211,shuffle,25,0.5910236589545942
linear,1211,shuffle,26,0.5846424148787625
linear,1211,shuffle,27,0.5782801158380364
linear,1211,shuffle,28,0.5732196286473922
linear,1211,shuffle,29,0.5690589399349322
linear,1211,shuffle,30,0.5644739307761045
linear,1211,shuffle,31,0.5604661137366546
linear,1211,shuffle,32,0.5566000557488394
linear,1211,shuffle,33,0.5535254942764677
linear,1211,shuffle,34,0.5503982532492724
linear,1211,shuffle,35,0.5477699523673246
linear,1211,shuffle,36,0.5458325211779054
linear,1211,shuffle,37,0.542668165740216
linear,1211,shuffle,38,0.5399470267799964
linear,1211,shuffle,39,0.538041586278429
linear,1211,shuffle,40,0.5358358800323609
linear,1211,shuffle,41,0.5334138968653065
linear,1211,shuffle,42,0.531178528807124
linear,1211,shuffle,43,0.528727727444272
linear,1211,shuffle,44,0.5273586271539316
linear,1211,shuffle,45,0.5259474973983976
linear,1211,shuffle,46,0.5248837893656061
linear,1211,shuffle,47,0.5223174499605819
linear,1211,shuffle,48,0.5212349322961329
linear,1211,shuffle,49,0.519990666585953
linear,1211,shuffle,50,0.5187119114953967
linear,1211,shuffle,51,0.5178774294413419
linear,1211,shuffle,52,0.5168573625387224
linear,1211,shuffle,53,0.5152232648436622
linear,1211,shuffle,54,0.5143311174016763
linear,1211,shuffle,55,0.514266694629006
linear,1211,shuffle,56,0.5130078037014394
linear,1211,shuffle,57,0.5124561169000151
linear,1211,shuffle,58,0.5122372282422042
linear,1211,shuffle,59,0.5118148023978925
linear,1211,shuffle,60,0.5105894459502193
linear,1212,shuffle,1,1.1933403664112154
linear,1212,shuffle,2,1.111609599396547
linear,1212,shuffle,3,1.051704030083555
linear,1212,shuffle,4,1.0054899990844695
linear,1212,shuffle,5,0.9691006951625049
linear,1212,shuffle,6,0.9379961099328836
linear,1212,shuffle,7,0.91130183670495
linear,1212,shuffle,8,0.8873634794546298
linear,1212,shuffle,9,0.8651996851870288
linear,1212,shuffle,10,0.8448412143634099
linear,1212,shuffle,11,0.8253832033042263
linear,1212,shuffle,12,0.8076094215826738
linear,1212,shuffle,13,0.7912451213792843
linear,1212,shuffle,14,0.7759818104274675
linear,1212,shuffle,15,0.7618182793281578
linear,1212,shuffle,16,0.74861564428008
linear,1212,shuffle,17,0.7368924952529935
linear,1212,shuffle,18,0.7261610215005764
linear,1212,shuffle,19,0.715865154787105
linear,1212,shuffle,20,0.7061139483307336
linear,1212,shuffle,21,0.6960611416120752
linear,1212,shuffle,22,0.6876077434282598
linear,1212,shuffle,23,0.6792744850778818
linear,1212,shuffle,24,0.6714910121179587
linear,1212,shuffle,25,0.6637547266429592
linear,1212,shuffle,26,0.6563319839959343
linear,1212,shuffle,27,0.6488276888543107
linear,1212,shuffle,28,0.6417069938064454
linear,1212,shuffle,29,0.6344418612697241
linear,1212,shuffle,30,0.628320549803229
linear,1212,shuffle,31,0.6218898521396866
linear,1212,shuffle,32,0.6159170789485527
linear,1212,shuffle,33,0.6105645179608487
linear,1212,shuffle,34,0.6049392139352633
linear,1212,shuffle,35,0.6000246918070798
linear,1212,shuffle,36,0.595124443737942
linear,1212,shuffle,37,0.590971888532999
linear,1212,shuffle,38,0.5868182606798715
linear,1212,shuffle,39,0.5829049433809242
linear,1212,shuffle,40,0.5784147093911906
linear,1212,shuffle,41,0.5755393595250962
linear,1212,shuffle,42,0.572363713348441
linear,1212,shuffle,43,0.5690774242787678
linear,1212,shuffle,44,0.5664012467389082
linear,1212,shuffle,45,0.5637682018208198
linear,1212,shuffle,46,0.5606443942568978
linear,1212,shuffle,47,0.5576947383213999
linear,1212,shuffle,48,0.5551612339036756
linear,1212,shuffle,49,0.552524469343865
linear,1212,shuffle,50,0.5510695756627019
linear,1212,shuffle,51,0.5488638492469905
linear,1212,shuffle,52,0.5468234427056232
linear,1212,shuffle,53,0.5442820222106182
linear,1212,shuffle,54,0.542181618239478
linear,1212,shuffle,55,0.5418149759568267
linear,1212,shuffle,56,0.5395454166900976
linear,1212,shuffle,57,0.5375443661390195
linear,1212,shuffle,58,0.5371088940493417
linear,1212,shuffle,59,0.5363593458062823
linear,1212,shuffle,60,0.5351524838405785
linear,1213,shuffle,1,1.1870025110247424
linear,1213,shuffle,2,1.0794801960062885
linear,1213,shuffle,3,0.9970503245841534
linear,1213,shuffle,4,0.9358227311695942
linear,1213,shuffle,5,0.8893454184650582
linear,1213,shuffle,6,0.8520367255746025
linear,1213,shuffle,7,0.8213388280414096
linear,1213,shuffle,8,0.794610308792144
linear,1213,shuffle,9,0.7709173903057378
linear,1213,shuffle,10,0.749885948799624
linear,1213,shuffle,11,0.7311940383300538
linear,1213,shuffle,12,0.7147165633298007
linear,1213,shuffle,13,0.6999989143280043
linear,1213,shuffle,14,0.6866935082193376
linear,1213,shuffle,15,0.6735177959304344
linear,1213,shuffle,16,0.6620611061003315
linear,1213,shuffle,17,0.6514033864709919
linear,1213,shuffle,18,0.6422738244037683
linear,1213,shuffle,19,0.6337823920203233
linear,1213,shuffle,20,0.6266922609282856
linear,1213,shuffle,21,0.6200243596257046
linear,1213,shuffle,22,0.6146397761432759
linear,1213,shuffle,23,0.6081304648991603
linear,1213,shuffle,24,0.6039815655698134
linear,1213,shuffle,25,0.6000218010327257
linear,1213,shuffle,26,0.5963353071850293
linear,1213,shuffle,27,0.5925661705524415
linear,1213,shuffle,28,0.5900036393979436
linear,1213,shuffle,29,0.5864222711438173
linear,1213,shuffle,30,0.58452432580868
linear,1213,shuffle,31,0.5825551278776856
linear,1213,shuffle,32,0.5796670459178875
linear,1213,shuffle,33,0.5776205008005139
linear,1213,shuffle,34,0.575203920445628
linear,1213,shuffle,35,0.5727468647469645
linear,1213,shuffle,36,0.5719724400013174
linear,1213,shuffle,37,0.5698569958533787
linear,1213,shuffle,38,0.5676835132476761
linear,1213,shuffle,39,0.5663737319568224
linear,1213,shuffle,40,0.5648682932040495
linear,1213,shuffle,41,0.5641928599621054
linear,1213,shuffle,42,0.5625129786252306
linear,1213,shuffle,43,0.560702882714538
linear,1213,shuffle,44,0.56040845425441
linear,1213,shuffle,45,0.559801281112763
linear,1213,shuffle,46,0.5596151097614679
linear,1213,shuffle,47,0.5581909438832542
linear,1213,shuffle,48,0.5582472390697326
linear,1213,shuffle,49,0.5577695422934401
linear,1213,shuffle,50,0.5569567073208815
linear,1213,shuffle,51,0.5568679800271471
linear,1213,shuffle,52,0.5570504254754022
linear,1213,shuffle,53,0.5568002546156177
linear,1213,shuffle,54,0.5566523084882355
linear,1213,shuffle,55,0.5567732560718739
linear,1213,shuffle,56,0.5574433105305147
linear,1213,shuffle,57,0.5584450778802433
linear,1213,shuffle,58,0.5577791701041857
linear,1213,shuffle,59,0.5574756565129078
linear,1213,shuffle,60,0.5592241591903352
linear,1214,shuffle,1,1.144654472328478
linear,1214,shuffle,2,1.0655610109275722
linear,1214,shuffle,3,1.007638041956468
linear,1214,shuffle,4,0.9635757133622457
linear,1214,shuffle,5,0.9279133774077581
linear,1214,shuffle,6,0.8971088199924974
linear,1214,shuffle,7,0.8694496293077352
linear,1214,shuffle,8,0.8434862557241959
linear,1214,shuffle,9,0.8196538689099185
linear,1214,shuffle,10,0.7976794387126452
linear,1214,shuffle,11,0.7775102191018375
linear,1214,shuffle,12,0.7586256868107956
linear,1214,shuffle,13,0.7407104678384803
linear,1214,shuffle,14,0.7233660317349676
linear,1214,shuffle,15,0.7070384606779875
linear,1214,shuffle,16,0.6917112244198087
linear,1214,shuffle,17,0.6777114475443415
linear,1214,shuffle,18,0.6644950742361102
linear,1214,shuffle,19,0.6525731155846707
linear,1214,shuffle,20,0.6413627193658825
linear,1214,shuffle,21,0.6313384577487281
linear,1214,shuffle,22,0.622171823576973
linear,1214,shuffle,23,0.6136847416470156
linear,1214,shuffle,24,0.6057050471827002
linear,1214,shuffle,25,0.5983644668141775
linear,1214,shuffle,26,0.5919636729376204
linear,1214,shuffle,27,0.5856942012538883
linear,1214,shuffle,28,0.5792704013831496
linear,1214,shuffle,29,0.5736568255437892
linear,1214,shuffle,30,0.5691450793847239
linear,1214,shuffle,31,0.5638106312387644
linear,1214,shuffle,32,0.5589176645344386
linear,1214,shuffle,33,0.5544424880179503
linear,1214,shuffle,34,0.5499529319737365
linear,1214,shuffle,35,0.5460635490299162
linear,1214,shuffle,36,0.5425404759248179
linear,1214,shuffle,37,0.5388423359470187
linear,1214,shuffle,38,0.5363924103727471
linear,1214,shuffle,39,0.5339755139316934
linear,1214,shuffle,40,0.5319649988019891
linear,1214,shuffle,41,0.5299051599335053
linear,1214,shuffle,42,0.5273916211439283
linear,1214,shuffle,43,0.5249762631021008
linear,1214,shuffle,44,0.524158611571384
linear,1214,shuffle,45,0.5226863935375933
linear,1214,shuffle,46,0.521495001979561
linear,1214,shuffle,47,0.5203919614543154
linear,1214,shuffle,48,0.5197638146368987
linear,1214,shuffle,49,0.518707177923441
linear,1214,shuffle,50,0.517589328321279
linear,1214,shuffle,51,0.5179749606205294
linear,1214,shuffle,52,0.5168795350406289
linear,1214,shuffle,53,0.5162593860385539
linear,1214,shuffle,54,0.516069958579907
linear,1214,shuffle,55,0.5160487833183871
linear,1214,shuffle,56,0.5163847891810954
linear,1214,shuffle,57,0.5151603473879622
linear,1214,shuffle,58,0.5148570133739573
linear,1214,shuffle,59,0.5150289867461205
linear,1214,shuffle,60,0.5141738832252362
linear,1215,shuffle,1,1.270893636779638
linear,1215,shuffle,2,1.1841000971406974
linear,1215,shuffle,3,1.1145353581380206
linear,1215,shuffle,4,1.0597191926076093
linear,1215,shuffle,5,1.0141353103725284
linear,1215,shuffle,6,0.975107757780031
linear,1215,shuffle,7,0.9406375248214616
linear,1215,shuffle,8,0.9106335635967157
linear,1215,shuffle,9,0.8846692959109693
linear,1215,shuffle,10,0.8612655038366152
linear,1215,shuffle,11,0.8400192798328799
linear,1215,shuffle,12,0.8202905997261224
linear,1215,shuffle,13,0.8015289649659595
linear,1215,shuffle,14,0.7852878518946858
linear,1215,shuffle,15,0.7701634806869432
linear,1215,shuffle,16,0.7565156682526929
linear,1215,shuffle,17,0.7439023223559458
linear,1215,shuffle,18,0.7333949799932261
linear,1215,shuffle,19,0.7236681995596491
linear,1215,shuffle,20,0.715513518071757
linear,1215,shuffle,21,0.7077962813262095
linear,1215,shuffle,22,0.6999188339881419
linear,1215,shuffle,23,0.6930443726448666
linear,1215,shuffle,24,0.6870712868555954
linear,1215,shuffle,25,0.6813475119252029
linear,1215,shuffle,26,0.6761005679010976
linear,1215,shuffle,27,0.6708763235468185
linear,1215,shuffle,28,0.6665006405996511
linear,1215,shuffle,29,0.6621454921637359
linear,1215,shuffle,30,0.6584976801369539
linear,1215,shuffle,31,0.6546399184142025
linear,1215,shuffle,32,0.65114334209246
linear,1215,shuffle,33,0.6473561144624965
linear,1215,shuffle,34,0.6447213586010095
linear,1215,shuffle,35,0.6425178822637011
linear,1215,shuffle,36,0.6388597061822572
linear,1215,shuffle,37,0.6363758078746957
linear,1215,shuffle,38,0.6354163163370153
linear,1215,shuffle,39,0.6325264149360245
linear,1215,shuffle,40,0.6303379929376152
linear,1215,shuffle,41,0.6293968664262041
linear,1215,shuffle,42,0.626640016474906
linear,1215,shuffle,43,0.6249688953167829
linear,1215,shuffle,44,0.6243893874131974
linear,1215,shuffle,45,0.6232952790894088
linear,1215,shuffle,46,0.6210408832519533
linear,1215,shuffle,47,0.6194989889790988
linear,1215,shuffle,48,0.6175087607821249
linear,1215,shuffle,49,0.6186162812126289
linear,1215,shuffle,50,0.6181132784087318
linear,1215,shuffle,51,0.6173703947846335
linear,1215,shuffle,52,0.6161141856400798
linear,1215,shuffle,53,0.6152727032997071
linear,1215,shuffle,54,0.6140077969424589
linear,1215,shuffle,55,0.6138072796134907
linear,1215,shuffle,56,0.6134462327722768
linear,1215,shuffle,57,0.6131914438543772
linear,1215,shuffle,58,0.6120848518437834
linear,1215,shuffle,59,0.6126680972213938
linear,1215,shuffle,60,0.6115592215290139
linear,1216,shuffle,1,1.2237484150359583
linear,1216,shuffle,2,1.131802121394878
linear,1216,shuffle,3,1.0593764781022454
linear,1216,shuffle,4,1.0018023005569818
linear,1216,shuffle,5,0.9552459648239143
linear,1216,shuffle,6,0.9171128498277176
linear,1216,shuffle,7,0.8846963298025368
linear,1216,shuffle,8,0.8572328669684696
linear,1216,shuffle,9,0.8329252878597483
linear,1216,shuffle,10,0.8114756406470436
linear,1216,shuffle,11,0.7921387410376477
linear,1216,shuffle,12,0.7738251095762058
linear,1216,shuffle,13,0.7563514363814284
linear,1216,shuffle,14,0.7413191040727746
linear,1216,shuffle,15,0.7265420431711339
linear,1216,shuffle,16,0.7125848931131517
linear,1216,shuffle,17,0.6999925137452832
linear,1216,shuffle,18,0.6883387377825958
linear,1216,shuffle,19,0.677066575960385
linear,1216,shuffle,20,0.667445377308542
linear,1216,shuffle,21,0.6582449520491854
linear,1216,shuffle,22,0.6496622714414899
linear,1216,shuffle,23,0.6416968543218408
linear,1216,shuffle,24,0.6342498545330024
linear,1216,shuffle,25,0.6269005082048441
linear,1216,shuffle,26,0.6208526610733984
linear,1216,shuffle,27,0.6149248808165767
linear,1216,shuffle,28,0.6096492394171142
linear,1216,shuffle,29,0.604716208080048
linear,1216,shuffle,30,0.6002953730653168
linear,1216,shuffle,31,0.5953390465517973
linear,1216,shuffle,32,0.591742579941173
linear,1216,shuffle,33,0.5868114655421636
linear,1216,shuffle,34,0.5831755937465558
linear,1216,shuffle,35,0.5807429590158261
linear,1216,shuffle,36,0.5777791717847319
linear,1216,shuffle,37,0.5755779760089031
linear,1216,shuffle,38,0.5724473186302178
linear,1216,shuffle,39,0.569887093384866
linear,1216,shuffle,40,0.5677837968211683
linear,1216,shuffle,41,0.5661449653799457
linear,1216,shuffle,42,0.5642293214402105
linear,1216,shuffle,43,0.5621281181653331
linear,1216,shuffle,44,0.560557964806771
linear,1216,shuffle,45,0.5583452543385866
linear,1216,shuffle,46,0.5561468302978932
linear,1216,shuffle,47,0.5545955763779268
linear,1216,shuffle,48,0.5529955461638953
linear,1216,shuffle,49,0.5516478631480869
linear,1216,shuffle,50,0.5507043046518759
linear,1216,shuffle,51,0.5486285518850101
linear,1216,shuffle,52,0.5469009668345097
linear,1216,shuffle,53,0.5474971430488335
linear,1216,shuffle,54,0.5462355945249631
linear,1216,shuffle,55,0.5459319671295185
linear,1216,shuffle,56,0.5441914309402645
linear,1216,shuffle,57,0.5422927202374951
linear,1216,shuffle,58,0.541530080012828
linear,1216,shuffle,59,0.541750643556748
linear,1216,shuffle,60,0.5409166560698133
linear,1217,shuffle,1,1.1141393588060666
linear,1217,shuffle,2,1.035381620983456
linear,1217,shuffle,3,0.9730744226496179
linear,1217,shuffle,4,0.9242995541656928
linear,1217,shuffle,5,0.8834753217412343
linear,1217,shuffle,6,0.8479400784941654
linear,1217,shuffle,7,0.8161859355241887
linear,1217,shuffle,8,0.7874776914257097
linear,1217,shuffle,9,0.7607362054111956
linear,1217,shuffle,10,0.7365067752547739
linear,1217,shuffle,11,0.7139001931073908
linear,1217,shuffle,12,0.6931758008712224
linear,1217,shuffle,13,0.6744458695897736
linear,1217,shuffle,14,0.6577170774390813
linear,1217,shuffle,15,0.6431329358119204
linear,1217,shuffle,16,0.6297361239737082
linear,1217,shuffle,17,0.6178573824711667
linear,1217,shuffle,18,0.6075669857077429
linear,1217,shuffle,19,0.5984778990332346
linear,1217,shuffle,20,0.5905822306374827
linear,1217,shuffle,21,0.5832730427454439
linear,1217,shuffle,22,0.5771089723085489
linear,1217,shuffle,23,0.5710215546277345
linear,1217,shuffle,24,0.5659289127678407
linear,1217,shuffle,25,0.561117635669638
linear,1217,shuffle,26,0.5571940413085206
linear,1217,shuffle,27,0.5526374207232037
linear,1217,shuffle,28,0.548800056718267
linear,1217,shuffle,29,0.5444688894900964
linear,1217,shuffle,30,0.5408532483313059
linear,1217,shuffle,31,0.5375712224064958
linear,1217,shuffle,32,0.5340128827808893
linear,1217,shuffle,33,0.5304158100763122
linear,1217,shuffle,34,0.527089496331366
linear,1217,shuffle,35,0.5236222594140623
linear,1217,shuffle,36,0.5206272984279393
linear,1217,shuffle,37,0.5179515454096064
linear,1217,shuffle,38,0.51465987976224
linear,1217,shuffle,39,0.5123090427423402
linear,1217,shuffle,40,0.5101298751441051
linear,1217,shuffle,41,0.5074512620528502
linear,1217,shuffle,42,0.5063129869138291
linear,1217,shuffle,43,0.503474790379963
linear,1217,shuffle,44,0.5007784156324769
linear,1217,shuffle,45,0.49965491110741905
linear,1217,shuffle,46,0.49788612377880276
linear,1217,shuffle,47,0.496032824561806
linear,1217,shuffle,48,0.49395660347494913
linear,1217,shuffle,49,0.4926695366901583
linear,1217,shuffle,50,0.4916158629009084
linear,1217,shuffle,51,0.4904636436061179
linear,1217,shuffle,52,0.488899010021877
linear,1217,shuffle,53,0.48681935806177706
linear,1217,shuffle,54,0.48534633517314435
linear,1217,shuffle,55,0.4837658693795753
linear,1217,shuffle,56,0.48428260671651996
linear,1217,shuffle,57,0.48234552492806926
linear,1217,shuffle,58,0.4823118347536169
linear,1217,shuffle,59,0.48185555761257975
linear,1217,shuffle,60,0.481179462267388
linear,1218,shuffle,1,1.2242804074115592
linear,1218,shuffle,2,1.1438768270577873
linear,1218,shuffle,3,1.0817179893792725
linear,1218,shuffle,4,1.0314359469882868
linear,1218,shuffle,5,0.9887578255651986
linear,1218,shuffle,6,0.952596610127323
linear,1218,shuffle,7,0.9189415291004864
linear,1218,shuffle,8,0.8897896613183187
linear,1218,shuffle,9,0.8636040972735396
linear,1218,shuffle,10,0.8399941738269661
linear,1218,shuffle,11,0.8196257488833297
linear,1218,shuffle,12,0.8014148607197074
linear,1218,shuffle,13,0.784989136303255
linear,1218,shuffle,14,0.7698999373850975
linear,1218,shuffle,15,0.7561935517061066
linear,1218,shuffle,16,0.7439896312532227
linear,1218,shuffle,17,0.7334135113719942
linear,1218,shuffle,18,0.7227409887000892
linear,1218,shuffle,19,0.7138394573025589
linear,1218,shuffle,20,0.7051456006261777
linear,1218,shuffle,21,0.6963897297939927
linear,1218,shuffle,22,0.6887679517683916
linear,1218,shuffle,23,0.6807903878059337
linear,1218,shuffle,24,0.6738501964803477
linear,1218,shuffle,25,0.6662150073855838
linear,1218,shuffle,26,0.6598095868283272
linear,1218,shuffle,27,0.6529340165707761
linear,1218,shuffle,28,0.6468726707392806
linear,1218,shuffle,29,0.6410249910551417
linear,1218,shuffle,30,0.6362968249117357
linear,1218,shuffle,31,0.63168274066279
linear,1218,shuffle,32,0.6269845165771378
linear,1218,shuffle,33,0.622534979448626
linear,1218,shuffle,34,0.6189152986396541
linear,1218,shuffle,35,0.6144379545106905
linear,1218,shuffle,36,0.6110186797393319
linear,1218,shuffle,37,0.6079081451299118
linear,1218,shuffle,38,0.604041268381967
linear,1218,shuffle,39,0.6019541279446917
linear,1218,shuffle,40,0.5986199773472144
linear,1218,shuffle,41,0.5954182463716001
linear,1218,shuffle,42,0.5931087474905783
linear,1218,shuffle,43,0.5901727876060522
linear,1218,shuffle,44,0.5883127717908057
linear,1218,shuffle,45,0.5849406615373239
linear,1218,shuffle,46,0.5828083081654153
linear,1218,shuffle,47,0.581198775103242
linear,1218,shuffle,48,0.5789114991103016
linear,1218,shuffle,49,0.5778591882828269
linear,1218,shuffle,50,0.5755229872928846
linear,1218,shuffle,51,0.5731234875307614
linear,1218,shuffle,52,0.5711241020364638
linear,1218,shuffle,53,0.5717503545504076
linear,1218,shuffle,54,0.5702106088042385
linear,1218,shuffle,55,0.5693206826677845
linear,1218,shuffle,56,0.5671608574264319
linear,1218,shuffle,57,0.5655030953069177
linear,1218,shuffle,58,0.563795006073459
linear,1218,shuffle,59,0.5633303497978966
linear,1218,shuffle,60,0.5642435902278614
linear,1219,shuffle,1,1.2480031356496761
linear,1219,shuffle,2,1.1594981477998434
linear,1219,shuffle,3,1.0926656959415793
linear,1219,shuffle,4,1.0411646569118271
linear,1219,shuffle,5,1.0025558084421091
linear,1219,shuffle,6,0.9704537023040117
linear,1219,shuffle,7,0.9449186020590495
linear,1219,shuffle,8,0.922307056698148
linear,1219,shuffle,9,0.9017763042623042
linear,1219,shuffle,10,0.88375741601091
linear,1219,shuffle,11,0.8672455772407032
linear,1219,shuffle,12,0.8526025540317822
linear,1219,shuffle,13,0.8387097813352303
linear,1219,shuffle,14,0.8253871877875486
linear,1219,shuffle,15,0.8132005540022105
linear,1219,shuffle,16,0.8016478199399067
linear,1219,shuffle,17,0.7908375812241175
linear,1219,shuffle,18,0.7811723556831485
linear,1219,shuffle,19,0.7724996812908103
linear,1219,shuffle,20,0.7629143701782045
linear,1219,shuffle,21,0.7560888571194516
linear,1219,shuffle,22,0.7486959664259345
linear,1219,shuffle,23,0.7419747968043694
linear,1219,shuffle,24,0.735936414772764
linear,1219,shuffle,25,0.7306203880298301
linear,1219,shuffle,26,0.7255237444997688
linear,1219,shuffle,27,0.7217106929154475
linear,1219,shuffle,28,0.7181231281795161
linear,1219,shuffle,29,0.7154554332122857
linear,1219,shuffle,30,0.7116920773382572
linear,1219,shuffle,31,0.7081264797090198
linear,1219,shuffle,32,0.7066281192026792
linear,1219,shuffle,33,0.7040856953840762
linear,1219,shuffle,34,0.7020614291371968
linear,1219,shuffle,35,0.6994076164657592
linear,1219,shuffle,36,0.6982211151621996
linear,1219,shuffle,37,0.6958690110053173
linear,1219,shuffle,38,0.6945256389993766
linear,1219,shuffle,39,0.6944423097619218
linear,1219,shuffle,40,0.6931199665787231
linear,1219,shuffle,41,0.691556304561136
linear,1219,shuffle,42,0.6886476181849538
linear,1219,shuffle,43,0.6871958749706971
linear,1219,shuffle,44,0.6855982805955904
linear,1219,shuffle,45,0.6842296456899728
linear,1219,shuffle,46,0.6817409109881738
linear,1219,shuffle,47,0.6786334911144093
linear,1219,shuffle,48,0.6756146844661012
linear,1219,shuffle,49,0.6746623362108982
linear,1219,shuffle,50,0.6733793270302554
linear,1219,shuffle,51,0.6712540123454125
linear,1219,shuffle,52,0.6675956064130961
linear,1219,shuffle,53,0.6668924929149757
linear,1219,shuffle,54,0.6656016877364119
linear,1219,shuffle,55,0.6645196708165344
linear,1219,shuffle,56,0.6618729080945062
linear,1219,shuffle,57,0.6619041809991998
linear,1219,shuffle,58,0.6607255807495765
linear,1219,shuffle,59,0.658382466909312
linear,1219,shuffle,60,0.6603600614795818
linear,1200,tp,1,1.2008729662531807
linear,1200,tp,2,1.1242638423761504
linear,1200,tp,3,1.0623913516004826
linear,1200,tp,4,1.011533903068144
linear,1200,tp,5,0.9684618871658449
linear,1200,tp,6,0.9311398470400469
linear,1200,tp,7,0.8985514989893488
linear,1200,tp,8,0.868885856678086
linear,1200,tp,9,0.8409653738135746
linear,1200,tp,10,0.8151410390885941
linear,1200,tp,11,0.7906669075377168
linear,1200,tp,12,0.7678824699053101
linear,1200,tp,13,0.7464227654753911
linear,1200,tp,14,0.725958192223866
linear,1200,tp,15,0.7078223086575722
linear,1200,tp,16,0.6909273240105165
linear,1200,tp,17,0.6745564274444374
linear,1200,tp,18,0.6605569519726013
linear,1200,tp,19,0.6478946975626995
linear,1200,tp,20,0.6359651068509444
linear,1200,tp,21,0.6250658370596857
linear,1200,tp,22,0.6156612339891239
linear,1200,tp,23,0.6070028501875635
linear,1200,tp,24,0.598969242735734
linear,1200,tp,25,0.5926628718114435
linear,1200,tp,26,0.5865680796582166
linear,1200,tp,27,0.5806838668492068
linear,1200,tp,28,0.575365722861997
linear,1200,tp,29,0.5704800767269784
linear,1200,tp,30,0.5656194401564941
linear,1200,tp,31,0.5611236616938191
linear,1200,tp,32,0.5565892406569003
linear,1200,tp,33,0.5528105037410035
linear,1200,tp,34,0.5497717650058718
linear,1200,tp,35,0.546338207528131
linear,1200,tp,36,0.5424878804200586
linear,1200,tp,37,0.5393506839623784
linear,1200,tp,38,0.5359302241871654
linear,1200,tp,39,0.533176921155546
linear,1200,tp,40,0.5303863046305447
linear,1200,tp,41,0.5275999165800355
linear,1200,tp,42,0.5252355638268819
linear,1200,tp,43,0.522636211376026
linear,1200,tp,44,0.5202435263248888
linear,1200,tp,45,0.5183008741372644
linear,1200,tp,46,0.5157849269147733
linear,1200,tp,47,0.5136493436144046
linear,1200,tp,48,0.5121007189010846
linear,1200,tp,49,0.5099631090006204
linear,1200,tp,50,0.5083961121168428
linear,1200,tp,51,0.5069328915427803
linear,1200,tp,52,0.5050696444628361
linear,1200,tp,53,0.5031302930791356
linear,1200,tp,54,0.50203033924876
linear,1200,tp,55,0.5003775161078506
linear,1200,tp,56,0.4996672743638399
linear,1200,tp,57,0.4990607422564552
linear,1200,tp,58,0.4984760798298182
linear,1200,tp,59,0.49724571921035077
linear,1200,tp,60,0.496320995949771
linear,1201,tp,1,1.1782175496718799
linear,1201,tp,2,1.1014018909387542
linear,1201,tp,3,1.0438372450500262
linear,1201,tp,4,0.998766729809475
linear,1201,tp,5,0.9619812805494865
linear,1201,tp,6,0.9318145209408595
linear,1201,tp,7,0.9066728723162862
linear,1201,tp,8,0.8844189679674765
linear,1201,tp,9,0.8641253465004183
linear,1201,tp,10,0.845154340246241
linear,1201,tp,11,0.8280237747545613
linear,1201,tp,12,0.811546515944087
linear,1201,tp,13,0.797592071283573
linear,1201,tp,14,0.78381206099244
linear,1201,tp,15,0.7721145285091094
linear,1201,tp,16,0.7604873876315671
linear,1201,tp,17,0.7516626866945518
linear,1201,tp,18,0.742300682265236
linear,1201,tp,19,0.7332952363078996
linear,1201,tp,20,0.7256974293166452
linear,1201,tp,21,0.7191917432310905
linear,1201,tp,22,0.7122711329034783
linear,1201,tp,23,0.7071175482528468
linear,1201,tp,24,0.7020389392402798
linear,1201,tp,25,0.6966391003235826
linear,1201,tp,26,0.692523342847217
linear,1201,tp,27,0.6881141628343018
linear,1201,tp,28,0.6835406346067026
linear,1201,tp,29,0.6796164069892279
linear,1201,tp,30,0.6757222356958915
linear,1201,tp,31,0.6730741878783878
linear,1201,tp,32,0.6694296064536784
linear,1201,tp,33,0.6662926631684644
linear,1201,tp,34,0.663866017273569
linear,1201,tp,35,0.6603938677934685
linear,1201,tp,36,0.6572024300665429
linear,1201,tp,37,0.655128518451928
linear,1201,tp,38,0.6530120173370102
linear,1201,tp,39,0.6502436984154176
linear,1201,tp,40,0.6472138663944235
linear,1201,tp,41,0.6448290464594439
linear,1201,tp,42,0.6429055421961234
linear,1201,tp,43,0.6408539048215146
linear,1201,tp,44,0.6390067470879727
linear,1201,tp,45,0.6359440901688137
linear,1201,tp,46,0.6347584037447316
linear,1201,tp,47,0.6331212372129235
linear,1201,tp,48,0.6302750277796445
linear,1201,tp,49,0.6306502369314352
linear,1201,tp,50,0.6292824899099259
linear,1201,tp,51,0.6264267271334136
linear,1201,tp,52,0.6251314126008339
linear,1201,tp,53,0.623193241684064
linear,1201,tp,54,0.6223226040604349
linear,1201,tp,55,0.6210201760643882
linear,1201,tp,56,0.6203917128514004
linear,1201,tp,57,0.6195539189151299
linear,1201,tp,58,0.6189839189165133
linear,1201,tp,59,0.6180992755844482
linear,1201,tp,60,0.6168109263879112
linear,1202,tp,1,1.328187413915008
linear,1202,tp,2,1.210126178024973
linear,1202,tp,3,1.1241469000150373
linear,1202,tp,4,1.0588782922946491
linear,1202,tp,5,1.0071369966308967
linear,1202,tp,6,0.9635173364937168
linear,1202,tp,7,0.9255454126161613
linear,1202,tp,8,0.8927179392102632
linear,1202,tp,9,0.8631444198675187
linear,1202,tp,10,0.837250481267035
linear,1202,tp,11,0.8151721632959846
linear,1202,tp,12,0.7947643487410562
linear,1202,tp,13,0.777087843129925
linear,1202,tp,14,0.7609693457372795
linear,1202,tp,15,0.7456982620687581
linear,1202,tp,16,0.7327095011593775
linear,1202,tp,17,0.7209629973698579
linear,1202,tp,18,0.7091762851952218
linear,1202,tp,19,0.6982870174406656
linear,1202,tp,20,0.6889958624177851
linear,1202,tp,21,0.6797140480455246
linear,1202,tp,22,0.6715338543010465
linear,1202,tp,23,0.6635344126990039
linear,1202,tp,24,0.6567176165870177
linear,1202,tp,25,0.6500524843603456
linear,1202,tp,26,0.6445208047073651
linear,1202,tp,27,0.6393956676928048
linear,1202,tp,28,0.6342987068317659
linear,1202,tp,29,0.6294368079606415
linear,1202,tp,30,0.6253255940870662
linear,1202,tp,31,0.6210163447457148
linear,1202,tp,32,0.617567428877324
linear,1202,tp,33,0.6134143769779022
linear,1202,tp,34,0.6088237634904738
linear,1202,tp,35,0.60546903545919
linear,1202,tp,36,0.6016991450101684
linear,1202,tp,37,0.5985067820828384
linear,1202,tp,38,0.5948430020041301
linear,1202,tp,39,0.5921910818610626
linear,1202,tp,40,0.5894866194295273
linear,1202,tp,41,0.5856729710375811
linear,1202,tp,42,0.5827066825070006
linear,1202,tp,43,0.5797489828850261
linear,1202,tp,44,0.5775037057783066
linear,1202,tp,45,0.5751149593447806
linear,1202,tp,46,0.5728781521273277
linear,1202,tp,47,0.5705868218252089
linear,1202,tp,48,0.5684538557243863
linear,1202,tp,49,0.5652748529589277
linear,1202,tp,50,0.5631548771460325
linear,1202,tp,51,0.5619043530484513
linear,1202,tp,52,0.5598900621672301
linear,1202,tp,53,0.558094422546366
linear,1202,tp,54,0.5553163198167005
linear,1202,tp,55,0.5547168180266658
linear,1202,tp,56,0.5529576633495524
linear,1202,tp,57,0.5513860988849856
linear,1202,tp,58,0.5502047334961188
linear,1202,tp,59,0.5481905632919974
linear,1202,tp,60,0.5482554057203223
linear,1203,tp,1,1.152842367048996
linear,1203,tp,2,1.0597420051684676
linear,1203,tp,3,0.9916623393833056
linear,1203,tp,4,0.9421922758358239
linear,1203,tp,5,0.9050429432041716
linear,1203,tp,6,0.8730115408638754
linear,1203,tp,7,0.8470513706890023
linear,1203,tp,8,0.8243370408769425
linear,1203,tp,9,0.8029087983530482
linear,1203,tp,10,0.7834770193197736
linear,1203,tp,11,0.765744222712505
linear,1203,tp,12,0.7501888889740029
linear,1203,tp,13,0.7357367882098527
linear,1203,tp,14,0.7232245153416734
linear,1203,tp,15,0.7117122521321955
linear,1203,tp,16,0.7018643373056905
linear,1203,tp,17,0.6927675783560634
linear,1203,tp,18,0.6847191725309436
linear,1203,tp,19,0.6772652484421617
linear,1203,tp,20,0.6708977807843395
linear,1203,tp,21,0.6649685967123892
linear,1203,tp,22,0.6587859516310426
linear,1203,tp,23,0.6531909056003241
linear,1203,tp,24,0.6474199813527365
linear,1203,tp,25,0.642722886024032
linear,1203,tp,26,0.6375725438876149
linear,1203,tp,27,0.6322918609631775
linear,1203,tp,28,0.6278394278858452
linear,1203,tp,29,0.6231054706487492
linear,1203,tp,30,0.6184744850113862
linear,1203,tp,31,0.6143557007145389
linear,1203,tp,32,0.6101094753668566
linear,1203,tp,33,0.606383088289101
linear,1203,tp,34,0.6026416612626666
linear,1203,tp,35,0.5986659841533559
linear,1203,tp,36,0.595051093522236
linear,1203,tp,37,0.5921776908846349
linear,1203,tp,38,0.5890866575263
linear,1203,tp,39,0.5863097456203415
linear,1203,tp,40,0.5840744852147018
linear,1203,tp,41,0.5809327391202675
linear,1203,tp,42,0.5791494031134096
linear,1203,tp,43,0.5768157121939107
linear,1203,tp,44,0.5740496453568898
linear,1203,tp,45,0.5723309199484872
linear,1203,tp,46,0.5704697558454458
linear,1203,tp,47,0.5687044632498286
linear,1203,tp,48,0.5678415056036256
linear,1203,tp,49,0.5662712729177897
linear,1203,tp,50,0.5657962494830184
linear,1203,tp,51,0.5638094123143319
linear,1203,tp,52,0.5634018512685769
linear,1203,tp,53,0.5624826372482487
linear,1203,tp,54,0.5612966570560701
linear,1203,tp,55,0.5608814225408655
linear,1203,tp,56,0.5600395171884371
linear,1203,tp,57,0.5600029266679879
linear,1203,tp,58,0.5597566144970266
linear,1203,tp,59,0.5590508611029751
linear,1203,tp,60,0.5585528596151615
linear,1204,tp,1,1.4053164385232642
linear,1204,tp,2,1.3074022588271252
linear,1204,tp,3,1.222544408147793
linear,1204,tp,4,1.1495095571922025
linear,1204,tp,5,1.08781936869316
linear,1204,tp,6,1.0361529866753534
linear,1204,tp,7,0.9923849314332704
linear,1204,tp,8,0.9546645169792415
linear,1204,tp,9,0.9226050552167431
linear,1204,tp,10,0.8941533437077177
linear,1204,tp,11,0.8693730816857074
linear,1204,tp,12,0.8469482268503775
linear,1204,tp,13,0.8270398986397097
linear,1204,tp,14,0.8091864016750705
linear,1204,tp,15,0.7938120472415653
linear,1204,tp,16,0.7800349049204008
linear,1204,tp,17,0.7671115636073678
linear,1204,tp,18,0.7560986440101849
linear,1204,tp,19,0.7461411089657687
linear,1204,tp,20,0.7363464920251556
linear,1204,tp,21,0.7279979236141111
linear,1204,tp,22,0.7202271653032883
linear,1204,tp,23,0.7124729120120676
linear,1204,tp,24,0.7062348442021152
linear,1204,tp,25,0.7009473141042101
linear,1204,tp,26,0.6950274292173186
linear,1204,tp,27,0.6902457384451252
linear,1204,tp,28,0.6856208362235577
linear,1204,tp,29,0.6814573521072314
linear,1204,tp,30,0.6773925103620333
linear,1204,tp,31,0.6741848764852646
linear,1204,tp,32,0.6695179045552431
linear,1204,tp,33,0.6654975749780596
linear,1204,tp,34,0.6625777260452023
linear,1204,tp,35,0.6595277611456011
linear,1204,tp,36,0.6562251406166656
linear,1204,tp,37,0.6538831967773144
linear,1204,tp,38,0.6503393496439765
linear,1204,tp,39,0.6469160174518419
linear,1204,tp,40,0.6438480384405724
linear,1204,tp,41,0.6423416551308966
linear,1204,tp,42,0.6397767220690769
linear,1204,tp,43,0.6370843114928884
linear,1204,tp,44,0.6344534293221598
linear,1204,tp,45,0.6337994871135888
linear,1204,tp,46,0.6305878568690326
linear,1204,tp,47,0.6283645636712066
linear,1204,tp,48,0.6264597831039275
linear,1204,tp,49,0.6237692904877776
linear,1204,tp,50,0.6229823301503555
linear,1204,tp,51,0.622720466979993
linear,1204,tp,52,0.621001600376167
linear,1204,tp,53,0.6198351305160915
linear,1204,tp,54,0.6193095212266883
linear,1204,tp,55,0.6186770577601047
linear,1204,tp,56,0.616552444703614
linear,1204,tp,57,0.6158974206554481
linear,1204,tp,58,0.6162578498413486
linear,1204,tp,59,0.6163765548388759
linear,1204,tp,60,0.6149631141319573
linear,1205,tp,1,1.2822176345661633
linear,1205,tp,2,1.1996550241537238
linear,1205,tp,3,1.1357140693237877
linear,1205,tp,4,1.0832985771817636
linear,1205,tp,5,1.0378928438078348
linear,1205,tp,6,0.9979044396469189
linear,1205,tp,7,0.9634944856096074
linear,1205,tp,8,0.9336650022541625
linear,1205,tp,9,0.9071334800766612
linear,1205,tp,10,0.8847906256430106
linear,1205,tp,11,0.8644692227993739
linear,1205,tp,12,0.8457784018514264
linear,1205,tp,13,0.8283181445830049
linear,1205,tp,14,0.8124853044368034
linear,1205,tp,15,0.7977406880713209
linear,1205,tp,16,0.7831244532994323
linear,1205,tp,17,0.7693400481773272
linear,1205,tp,18,0.7562414099142082
linear,1205,tp,19,0.7430196393632319
linear,1205,tp,20,0.7308381254302961
linear,1205,tp,21,0.7194953734142029
linear,1205,tp,22,0.7087290049086699
linear,1205,tp,23,0.6988703910413054
linear,1205,tp,24,0.6891645560550433
linear,1205,tp,25,0.6799417612779868
linear,1205,tp,26,0.6720103046129565
linear,1205,tp,27,0.6642909065619936
linear,1205,tp,28,0.6561241255295983
linear,1205,tp,29,0.6488966547312733
linear,1205,tp,30,0.6427518200669642
linear,1205,tp,31,0.6362136134552568
linear,1205,tp,32,0.6308499665211112
linear,1205,tp,33,0.6252158265919285
linear,1205,tp,34,0.6202282667809101
linear,1205,tp,35,0.6164085883633795
linear,1205,tp,36,0.6122469407000026
linear,1205,tp,37,0.6076296430860665
linear,1205,tp,38,0.6048743964576667
linear,1205,tp,39,0.6022876369011603
linear,1205,tp,40,0.6005725795520496
linear,1205,tp,41,0.5973413912500212
linear,1205,tp,42,0.5944797834251904
linear,1205,tp,43,0.5917219402358525
linear,1205,tp,44,0.5893263682178703
linear,1205,tp,45,0.5875828830920002
linear,1205,tp,46,0.5853839820364771
linear,1205,tp,47,0.5834907105286721
linear,1205,tp,48,0.5824325067018828
linear,1205,tp,49,0.5810896106773322
linear,1205,tp,50,0.5788794943394407
linear,1205,tp,51,0.5778933203163293
linear,1205,tp,52,0.5761667580928617
linear,1205,tp,53,0.5748882693151861
linear,1205,tp,54,0.5744974417346393
linear,1205,tp,55,0.5736783234028663
linear,1205,tp,56,0.5719448118884288
linear,1205,tp,57,0.5708703864478494
linear,1205,tp,58,0.5700531455693653
linear,1205,tp,59,0.5702546064435667
linear,1205,tp,60,0.5690033143484206
linear,1206,tp,1,1.1527739561120287
linear,1206,tp,2,1.0819697130681132
linear,1206,tp,3,1.0220488221085389
linear,1206,tp,4,0.9697873300455906
linear,1206,tp,5,0.9254582324576326
linear,1206,tp,6,0.8883702348376472
linear,1206,tp,7,0.8559550668451927
linear,1206,tp,8,0.827820020338975
linear,1206,tp,9,0.8019443120203801
linear,1206,tp,10,0.7790486625478289
linear,1206,tp,11,0.7584937126531562
linear,1206,tp,12,0.7401733489913868
linear,1206,tp,13,0.7234658970463763
linear,1206,tp,14,0.7082592006815203
linear,1206,tp,15,0.6940355976005036
linear,1206,tp,16,0.6813672485529478
linear,1206,tp,17,0.6700576660718699
linear,1206,tp,18,0.6596450142785089
linear,1206,tp,19,0.6497645887919902
linear,1206,tp,20,0.6408127441778013
linear,1206,tp,21,0.6332598569616318
linear,1206,tp,22,0.6257638361590847
linear,1206,tp,23,0.6190967991445561
linear,1206,tp,24,0.6130472035831734
linear,1206,tp,25,0.6073640588946708
linear,1206,tp,26,0.6019778156432295
linear,1206,tp,27,0.5971782806561455
linear,1206,tp,28,0.592025880166923
linear,1206,tp,29,0.587474470954772
linear,1206,tp,30,0.5827644592579445
linear,1206,tp,31,0.5789031673376811
linear,1206,tp,32,0.575002945253522
linear,1206,tp,33,0.5714576280212507
linear,1206,tp,34,0.5679213271727702
linear,1206,tp,35,0.5648108817289105
linear,1206,tp,36,0.5608174726219501
linear,1206,tp,37,0.55690422525652
linear,1206,tp,38,0.5542648611607751
linear,1206,tp,39,0.5515848188266991
linear,1206,tp,40,0.5491544080513143
linear,1206,tp,41,0.5459399853070356
linear,1206,tp,42,0.5440645969922414
linear,1206,tp,43,0.5416479401935478
linear,1206,tp,44,0.5397151441998048
linear,1206,tp,45,0.5373706449685954
linear,1206,tp,46,0.5351626325002682
linear,1206,tp,47,0.532937015356933
linear,1206,tp,48,0.5312607072123802
linear,1206,tp,49,0.529555644808816
linear,1206,tp,50,0.5280042397788495
linear,1206,tp,51,0.5266396034175115
linear,1206,tp,52,0.5252789561785537
linear,1206,tp,53,0.5242947024265532
linear,1206,tp,54,0.5232827784420777
linear,1206,tp,55,0.5220663025614739
linear,1206,tp,56,0.5198062222879324
linear,1206,tp,57,0.5189668204862127
linear,1206,tp,58,0.5185203020558345
linear,1206,tp,59,0.5170742891928787
linear,1206,tp,60,0.5158125416820528
linear,1207,tp,1,1.1696032230163842
linear,1207,tp,2,1.084598204610285
linear,1207,tp,3,1.0192256927582175
linear,1207,tp,4,0.9683337533701454
linear,1207,tp,5,0.9276888563093996
linear,1207,tp,6,0.8933446678984908
linear,1207,tp,7,0.8629226547141909
linear,1207,tp,8,0.8363391940038958
linear,1207,tp,9,0.8120926196443709
linear,1207,tp,10,0.7907511861978875
linear,1207,tp,11,0.7714743985533343
linear,1207,tp,12,0.7535144173911505
linear,1207,tp,13,0.7368665782337572
linear,1207,tp,14,0.7224021323294448
linear,1207,tp,15,0.7088114858977348
linear,1207,tp,16,0.6959654345520715
linear,1207,tp,17,0.6849723339416928
linear,1207,tp,18,0.6744850793329116
linear,1207,tp,19,0.6648347199661472
linear,1207,tp,20,0.6560399052102649
linear,1207,tp,21,0.648039148285407
linear,1207,tp,22,0.6405565364335083
linear,1207,tp,23,0.6337846953791421
linear,1207,tp,24,0.6270218567741933
linear,1207,tp,25,0.621219622009003
linear,1207,tp,26,0.6158147781854366
linear,1207,tp,27,0.610528649432685
linear,1207,tp,28,0.6062497230263678
linear,1207,tp,29,0.6023016305351817
linear,1207,tp,30,0.5987163345882078
linear,1207,tp,31,0.5954028466936925
linear,1207,tp,32,0.5917787193444509
linear,1207,tp,33,0.5890577922702765
linear,1207,tp,34,0.5861755901493989
linear,1207,tp,35,0.5831462677495157
linear,1207,tp,36,0.5805133669421926
linear,1207,tp,37,0.5783448862200326
linear,1207,tp,38,0.575827294195848
linear,1207,tp,39,0.5734088376104426
linear,1207,tp,40,0.5710914170227389
linear,1207,tp,41,0.5694478340908665
linear,1207,tp,42,0.5670318320333302
linear,1207,tp,43,0.5647548395362494
linear,1207,tp,44,0.5627240407123159
linear,1207,tp,45,0.5606303527248143
linear,1207,tp,46,0.558563583676034
linear,1207,tp,47,0.5561513047876306
linear,1207,tp,48,0.554401596716931
linear,1207,tp,49,0.5529949020839369
linear,1207,tp,50,0.5505630199369734
linear,1207,tp,51,0.5485184130504007
linear,1207,tp,52,0.5470775845712441
linear,1207,tp,53,0.5451285887363168
linear,1207,tp,54,0.542879057819692
linear,1207,tp,55,0.5417215381624783
linear,1207,tp,56,0.5391893091920134
linear,1207,tp,57,0.5373544166752606
linear,1207,tp,58,0.5357112544304012
linear,1207,tp,59,0.5350044790559628
linear,1207,tp,60,0.5335028114839356
linear,1208,tp,1,1.09581043400501
linear,1208,tp,2,1.0215629282331948
linear,1208,tp,3,0.9639797857408299
linear,1208,tp,4,0.917731687156143
linear,1208,tp,5,0.878876711501797
linear,1208,tp,6,0.8444540369493071
linear,1208,tp,7,0.8158581516748774
linear,1208,tp,8,0.7911484278580586
linear,1208,tp,9,0.7705359628134403
linear,1208,tp,10,0.751845615094748
linear,1208,tp,11,0.7357392399187447
linear,1208,tp,12,0.7207227253409384
linear,1208,tp,13,0.7066425422650796
linear,1208,tp,14,0.6944960394048585
linear,1208,tp,15,0.6833328840367728
linear,1208,tp,16,0.6726545267073364
linear,1208,tp,17,0.6633595390068995
linear,1208,tp,18,0.6538813954009232
linear,1208,tp,19,0.6458244072608653
linear,1208,tp,20,0.6379120035048311
linear,1208,tp,21,0.6311241019716993
linear,1208,tp,22,0.6251832070251837
linear,1208,tp,23,0.6187696649904317
linear,1208,tp,24,0.6126386177343883
linear,1208,tp,25,0.6071442844145367
linear,1208,tp,26,0.6027217544405388
linear,1208,tp,27,0.5971207033274314
linear,1208,tp,28,0.5933139312672151
linear,1208,tp,29,0.5887520264576952
linear,1208,tp,30,0.5847060374392505
linear,1208,tp,31,0.5812788194049375
linear,1208,tp,32,0.578437691979624
linear,1208,tp,33,0.5743989110788875
linear,1208,tp,34,0.5719565885866595
linear,1208,tp,35,0.5692607848654285
linear,1208,tp,36,0.5664342679761395
linear,1208,tp,37,0.5637390168181096
linear,1208,tp,38,0.5606156058784206
linear,1208,tp,39,0.5582869075928544
linear,1208,tp,40,0.5564772665150105
linear,1208,tp,41,0.5559547407454403
linear,1208,tp,42,0.5556703628835248
linear,1208,tp,43,0.5539126067106216
linear,1208,tp,44,0.5516676219318181
linear,1208,tp,45,0.5509892311723493
linear,1208,tp,46,0.5502393322859488
linear,1208,tp,47,0.5483754656605444
linear,1208,tp,48,0.5475408238968216
linear,1208,tp,49,0.5468210930456933
linear,1208,tp,50,0.5460213376597612
linear,1208,tp,51,0.5455971101677793
linear,1208,tp,52,0.5433771685908578
linear,1208,tp,53,0.5425844380266401
linear,1208,tp,54,0.5421180587180188
linear,1208,tp,55,0.5409164842104369
linear,1208,tp,56,0.5405875767155482
linear,1208,tp,57,0.5398502586152918
linear,1208,tp,58,0.5401769668467189
linear,1208,tp,59,0.5401989956478567
linear,1208,tp,60,0.5387150263251893
linear,1209,tp,1,1.2665201198428406
linear,1209,tp,2,1.1582785306020646
linear,1209,tp,3,1.0717359034276261
linear,1209,tp,4,1.00113699425263
linear,1209,tp,5,0.9439771900506013
linear,1209,tp,6,0.8980536665775443
linear,1209,tp,7,0.859804186061945
linear,1209,tp,8,0.8260697245481463
linear,1209,tp,9,0.7962408216746572
linear,1209,tp,10,0.7699436674006863
linear,1209,tp,11,0.7467342103260922
linear,1209,tp,12,0.7260342571833514
linear,1209,tp,13,0.707151040610289
linear,1209,tp,14,0.6904118954115775
linear,1209,tp,15,0.67500103777515
linear,1209,tp,16,0.6610319270974162
linear,1209,tp,17,0.6486039677907216
linear,1209,tp,18,0.6369944687282149
linear,1209,tp,19,0.6270329909020037
linear,1209,tp,20,0.6172271731540825
linear,1209,tp,21,0.6085638881346852
linear,1209,tp,22,0.6006471219856858
linear,1209,tp,23,0.5933104909077601
linear,1209,tp,24,0.5868450761928674
linear,1209,tp,25,0.5807712691452479
linear,1209,tp,26,0.5756297671268872
linear,1209,tp,27,0.5702351374021791
linear,1209,tp,28,0.5660094162997822
linear,1209,tp,29,0.5615483284963315
linear,1209,tp,30,0.5582159549339373
linear,1209,tp,31,0.5545795278744617
linear,1209,tp,32,0.5512520500342143
linear,1209,tp,33,0.5477503433658284
linear,1209,tp,34,0.5447233796803302
linear,1209,tp,35,0.542216651799399
linear,1209,tp,36,0.540021186368636
linear,1209,tp,37,0.5377257201863674
linear,1209,tp,38,0.5358105807385749
linear,1209,tp,39,0.5334141780525252
linear,1209,tp,40,0.5310847054705121
linear,1209,tp,41,0.528718823866113
linear,1209,tp,42,0.5267663500981293
linear,1209,tp,43,0.5249970118757529
linear,1209,tp,44,0.523069019800285
linear,1209,tp,45,0.5201814421918994
linear,1209,tp,46,0.5184490872793189
linear,1209,tp,47,0.51684691468697
linear,1209,tp,48,0.5159882640765431
linear,1209,tp,49,0.5140998723680513
linear,1209,tp,50,0.5126269340343838
linear,1209,tp,51,0.5103773376212245
linear,1209,tp,52,0.5089986392175377
linear,1209,tp,53,0.5080520621468527
linear,1209,tp,54,0.5060803015547485
linear,1209,tp,55,0.5052856927873419
linear,1209,tp,56,0.5040480723878128
linear,1209,tp,57,0.504120018486069
linear,1209,tp,58,0.5023575549882469
linear,1209,tp,59,0.5013895450641503
linear,1209,tp,60,0.5010243041179937
linear,1210,tp,1,1.155549951527863
linear,1210,tp,2,1.0831778739472562
linear,1210,tp,3,1.0242997777357041
linear,1210,tp,4,0.9757519691676174
linear,1210,tp,5,0.9358658800577349
linear,1210,tp,6,0.9015676504825306
linear,1210,tp,7,0.8727405693241707
linear,1210,tp,8,0.8476282833196329
linear,1210,tp,9,0.8261546603337969
linear,1210,tp,10,0.807354863339647
linear,1210,tp,11,0.7904250921468513
linear,1210,tp,12,0.7752021870424454
linear,1210,tp,13,0.7606651284690215
linear,1210,tp,14,0.7476383718720224
linear,1210,tp,15,0.7342449370290738
linear,1210,tp,16,0.7219504118882721
linear,1210,tp,17,0.7108033654635112
linear,1210,tp,18,0.6992734893444258
linear,1210,tp,19,0.6881057406592532
linear,1210,tp,20,0.6774160308430034
linear,1210,tp,21,0.667126204723384
linear,1210,tp,22,0.6571956690883772
linear,1210,tp,23,0.6485087205443155
linear,1210,tp,24,0.640751221306846
linear,1210,tp,25,0.6330179788716875
linear,1210,tp,26,0.627076568337626
linear,1210,tp,27,0.6215496632880175
linear,1210,tp,28,0.6163808456552992
linear,1210,tp,29,0.6127649927040869
linear,1210,tp,30,0.609214794184405
linear,1210,tp,31,0.6054856959418595
linear,1210,tp,32,0.602105819819998
linear,1210,tp,33,0.5995997073174494
linear,1210,tp,34,0.596645071521876
linear,1210,tp,35,0.5934812083701171
linear,1210,tp,36,0.5911974367184948
linear,1210,tp,37,0.5891405517264449
linear,1210,tp,38,0.5871194371109599
linear,1210,tp,39,0.5844654229145635
linear,1210,tp,40,0.5820374319596149
linear,1210,tp,41,0.5801547843468419
linear,1210,tp,42,0.5783665800181429
linear,1210,tp,43,0.5758230861954133
linear,1210,tp,44,0.573995555288398
linear,1210,tp,45,0.5720727328920857
linear,1210,tp,46,0.5706400493463163
linear,1210,tp,47,0.5691868359946328
linear,1210,tp,48,0.5669948258996041
linear,1210,tp,49,0.5651954654732213
linear,1210,tp,50,0.5635643802047552
linear,1210,tp,51,0.5618950169631037
linear,1210,tp,52,0.5603820210405207
linear,1210,tp,53,0.5577380000416408
linear,1210,tp,54,0.5561898927222243
linear,1210,tp,55,0.5544231598249358
linear,1210,tp,56,0.5536450846353148
linear,1210,tp,57,0.5521825687848775
linear,1210,tp,58,0.5516478991291112
linear,1210,tp,59,0.5488698368413869
linear,1210,tp,60,0.5471953707520204
linear,1211,tp,1,1.144477670381349
linear,1211,tp,2,1.0653045276766797
linear,1211,tp,3,1.0051991245713712
linear,1211,tp,4,0.9581240140682342
linear,1211,tp,5,0.9198533450554338
linear,1211,tp,6,0.8868878043651526
linear,1211,tp,7,0.8574217252364816
linear,1211,tp,8,0.8314553950632252
linear,1211,tp,9,0.8075858233416643
linear,1211,tp,10,0.7859709077418625
linear,1211,tp,11,0.7661203615713514
linear,1211,tp,12,0.7475495662609569
linear,1211,tp,13,0.7298667093349355
linear,1211,tp,14,0.7140274821991559
linear,1211,tp,15,0.6987305442684427
linear,1211,tp,16,0.6841265904393365
linear,1211,tp,17,0.6704531055749836
linear,1211,tp,18,0.6579256163592243
linear,1211,tp,19,0.6459533472990392
linear,1211,tp,20,0.6349298703407444
linear,1211,tp,21,0.6248647279082178
linear,1211,tp,22,0.6159428210883989
linear,1211,tp,23,0.6081595557815588
linear,1211,tp,24,0.6011315726506644
linear,1211,tp,25,0.5951345264425776
linear,1211,tp,26,0.5897446635043458
linear,1211,tp,27,0.5844108622732175
linear,1211,tp,28,0.5799889977767071
linear,1211,tp,29,0.5762419614209141
linear,1211,tp,30,0.5723240989061494
linear,1211,tp,31,0.5689941774945154
linear,1211,tp,32,0.5656146511280961
linear,1211,tp,33,0.562906299160056
linear,1211,tp,34,0.5602921228734282
linear,1211,tp,35,0.5580205040838252
linear,1211,tp,36,0.5560979078253855
linear,1211,tp,37,0.5533955189483948
linear,1211,tp,38,0.5509806699683971
linear,1211,tp,39,0.5493675967057148
linear,1211,tp,40,0.5475991275539086
linear,1211,tp,41,0.5453775375778235
linear,1211,tp,42,0.5437546868648204
linear,1211,tp,43,0.5417866978772171
linear,1211,tp,44,0.5408243089707857
linear,1211,tp,45,0.5390869948317415
linear,1211,tp,46,0.5379970194516989
linear,1211,tp,47,0.5352442369823005
linear,1211,tp,48,0.5343780723001653
linear,1211,tp,49,0.5335386082919106
linear,1211,tp,50,0.531273963333421
linear,1211,tp,51,0.5304270647711364
linear,1211,tp,52,0.5292141469915381
linear,1211,tp,53,0.527518326230441
linear,1211,tp,54,0.5264501184421154
linear,1211,tp,55,0.5258823087662475
linear,1211,tp,56,0.5245369574747037
linear,1211,tp,57,0.523784591007504
linear,1211,tp,58,0.523048484111973
linear,1211,tp,59,0.5222617062726167
linear,1211,tp,60,0.5210359810647129
linear,1212,tp,1,1.1935257895573377
linear,1212,tp,2,1.111877222480646
linear,1212,tp,3,1.0519992961072855
linear,1212,tp,4,1.0058500657267306
linear,1212,tp,5,0.9693482643788686
linear,1212,tp,6,0.9379595111650468
linear,1212,tp,7,0.9110728381380649
linear,1212,tp,8,0.8870209182562249
linear,1212,tp,9,0.8649486920327975
linear,1212,tp,10,0.8447006814962329
linear,1212,tp,11,0.8256472692725242
linear,1212,tp,12,0.808510895644892
linear,1212,tp,13,0.7930854971293367
linear,1212,tp,14,0.7786405931277723
linear,1212,tp,15,0.7649980833105077
linear,1212,tp,16,0.7522827831932831
linear,1212,tp,17,0.7408309874270685
linear,1212,tp,18,0.7301700758099269
linear,1212,tp,19,0.7200965961419996
linear,1212,tp,20,0.7107989055936607
linear,1212,tp,21,0.7010831266342424
linear,1212,tp,22,0.6927292631766452
linear,1212,tp,23,0.6844144610345421
linear,1212,tp,24,0.676813741381876
linear,1212,tp,25,0.6693556337347625
linear,1212,tp,26,0.6619839102609509
linear,1212,tp,27,0.6545722715289449
linear,1212,tp,28,0.6477130639098109
linear,1212,tp,29,0.6406781672327193
linear,1212,tp,30,0.6348390763989631
linear,1212,tp,31,0.6285498616363392
linear,1212,tp,32,0.6225453251403562
linear,1212,tp,33,0.6169374457223604
linear,1212,tp,34,0.61094934589602
linear,1212,tp,35,0.6054961510688318
linear,1212,tp,36,0.6002280908903599
linear,1212,tp,37,0.5958346943807857
linear,1212,tp,38,0.5916149988055351
linear,1212,tp,39,0.5872950691345341
linear,1212,tp,40,0.5823657477167069
linear,1212,tp,41,0.5795122423909123
linear,1212,tp,42,0.5761312055265106
linear,1212,tp,43,0.5729967770310594
linear,1212,tp,44,0.570479118364688
linear,1212,tp,45,0.5680989122755403
linear,1212,tp,46,0.5650891121258153
linear,1212,tp,47,0.5622481246313806
linear,1212,tp,48,0.5601523970994488
linear,1212,tp,49,0.5577042180027904
linear,1212,tp,50,0.5568401869036398
linear,1212,tp,51,0.5548204140401338
linear,1212,tp,52,0.5531661297818281
linear,1212,tp,53,0.5511925343228684
linear,1212,tp,54,0.5491592111868171
linear,1212,tp,55,0.5487365287048916
linear,1212,tp,56,0.5467981923282378
linear,1212,tp,57,0.5456097900037981
linear,1212,tp,58,0.5450723593109666
linear,1212,tp,59,0.5444011030348804
linear,1212,tp,60,0.5431744341936356
linear,1213,tp,1,1.1870063284922614
linear,1213,tp,2,1.0794126745318962
linear,1213,tp,3,0.9967790423098407
linear,1213,tp,4,0.9351874069500087
linear,1213,tp,5,0.8883761868319215
linear,1213,tp,6,0.8508015658848375
linear,1213,tp,7,0.819774456959593
linear,1213,tp,8,0.7928204249241384
linear,1213,tp,9,0.7688495409572004
linear,1213,tp,10,0.7476904793314881
linear,1213,tp,11,0.7288645540375223
linear,1213,tp,12,0.7123637907312882
linear,1213,tp,13,0.6975072502593722
linear,1213,tp,14,0.6842402507970086
linear,1213,tp,15,0.6712688087428967
linear,1213,tp,16,0.6600879260650561
linear,1213,tp,17,0.6494596144276675
linear,1213,tp,18,0.6402924289690265
linear,1213,tp,19,0.6323760569536345
linear,1213,tp,20,0.6258178193480491
linear,1213,tp,21,0.619460871860405
linear,1213,tp,22,0.6142498353340134
linear,1213,tp,23,0.6078407999731164
linear,1213,tp,24,0.6036055998609108
linear,1213,tp,25,0.5994896277183984
linear,1213,tp,26,0.5959716755285996
linear,1213,tp,27,0.5922928668323393
linear,1213,tp,28,0.5900260948514735
linear,1213,tp,29,0.5864514442863302
linear,1213,tp,30,0.5845573510564654
linear,1213,tp,31,0.582478894854713
linear,1213,tp,32,0.5798008678280117
linear,1213,tp,33,0.5779193072978477
linear,1213,tp,34,0.5757059652968383
linear,1213,tp,35,0.573481856394095
linear,1213,tp,36,0.5729107613272871
linear,1213,tp,37,0.5712832830953892
linear,1213,tp,38,0.5695069181438653
linear,1213,tp,39,0.568807588073405
linear,1213,tp,40,0.5675679738053492
linear,1213,tp,41,0.5671985124354655
linear,1213,tp,42,0.565560453304416
linear,1213,tp,43,0.5638951269274003
linear,1213,tp,44,0.5639006814871214
linear,1213,tp,45,0.5636573847486345
linear,1213,tp,46,0.5639338338324947
linear,1213,tp,47,0.5626334003038533
linear,1213,tp,48,0.5628781325509137
linear,1213,tp,49,0.5624588576498506
linear,1213,tp,50,0.5625158752220328
linear,1213,tp,51,0.5626398075335347
linear,1213,tp,52,0.5631468846386869
linear,1213,tp,53,0.5631465509322029
linear,1213,tp,54,0.5633931927681878
linear,1213,tp,55,0.5636840907327892
linear,1213,tp,56,0.5644322125350655
linear,1213,tp,57,0.5656233103534517
linear,1213,tp,58,0.565516149373943
linear,1213,tp,59,0.5654831313110197
linear,1213,tp,60,0.567729302943468
linear,1214,tp,1,1.1441596880594656
linear,1214,tp,2,1.064865759709365
linear,1214,tp,3,1.0068410738073108
linear,1214,tp,4,0.9625957360192463
linear,1214,tp,5,0.9267369676339167
linear,1214,tp,6,0.8959289828229927
linear,1214,tp,7,0.8682063054606175
linear,1214,tp,8,0.8420657140038372
linear,1214,tp,9,0.8179796193277418
linear,1214,tp,10,0.7955596931611323
linear,1214,tp,11,0.7746001250914404
linear,1214,tp,12,0.7546885662263344
linear,1214,tp,13,0.7359980181391531
linear,1214,tp,14,0.7180977540195762
linear,1214,tp,15,0.7011465551127095
linear,1214,tp,16,0.6853856225098719
linear,1214,tp,17,0.6710761240049573
linear,1214,tp,18,0.6581834185695105
linear,1214,tp,19,0.6463523133502626
linear,1214,tp,20,0.6355647132285972
linear,1214,tp,21,0.6258937947455449
linear,1214,tp,22,0.6171293353981674
linear,1214,tp,23,0.6086769319357225
linear,1214,tp,24,0.6008293429606946
linear,1214,tp,25,0.5938129619749035
linear,1214,tp,26,0.5877852607929442
linear,1214,tp,27,0.5817247105322042
linear,1214,tp,28,0.5758392135043623
linear,1214,tp,29,0.5703281486384091
linear,1214,tp,30,0.5659353926056305
linear,1214,tp,31,0.5607080968396027
linear,1214,tp,32,0.5559650480281398
linear,1214,tp,33,0.5515273171616272
linear,1214,tp,34,0.547164281902802
linear,1214,tp,35,0.5438525047011455
linear,1214,tp,36,0.540636406690049
linear,1214,tp,37,0.5369748227174123
linear,1214,tp,38,0.5342874952257805
linear,1214,tp,39,0.5318331255324088
linear,1214,tp,40,0.5298373419276983
linear,1214,tp,41,0.5275553600908723
linear,1214,tp,42,0.5249457047689476
linear,1214,tp,43,0.5226411067436537
linear,1214,tp,44,0.521674178036511
linear,1214,tp,45,0.5200174513593337
linear,1214,tp,46,0.5187438616072614
linear,1214,tp,47,0.5174123954473178
linear,1214,tp,48,0.5164635115794934
linear,1214,tp,49,0.5152052528461127
linear,1214,tp,50,0.5139033198419941
linear,1214,tp,51,0.5140093331228953
linear,1214,tp,52,0.5123689297008169
linear,1214,tp,53,0.5113399942405455
linear,1214,tp,54,0.5106662158509526
linear,1214,tp,55,0.5102435831330931
linear,1214,tp,56,0.5103687695789091
linear,1214,tp,57,0.5087695473422781
linear,1214,tp,58,0.5081011178008302
linear,1214,tp,59,0.5079109748094864
linear,1214,tp,60,0.5066859459594538
linear,1215,tp,1,1.2712249945976772
linear,1215,tp,2,1.184919312599186
linear,1215,tp,3,1.1156213302443057
linear,1215,tp,4,1.0611035360656969
linear,1215,tp,5,1.0158707812698067
linear,1215,tp,6,0.9770817553875831
linear,1215,tp,7,0.9426438222077831
linear,1215,tp,8,0.9126577808252311
linear,1215,tp,9,0.8866473980395447
linear,1215,tp,10,0.8631776199958149
linear,1215,tp,11,0.8418051849280319
linear,1215,tp,12,0.8220223026706833
linear,1215,tp,13,0.8030865178606427
linear,1215,tp,14,0.7868244863179065
linear,1215,tp,15,0.7718076261990867
linear,1215,tp,16,0.7581677059327626
linear,1215,tp,17,0.7455000972463518
linear,1215,tp,18,0.7349276767137131
linear,1215,tp,19,0.7248681971825438
linear,1215,tp,20,0.7164009371738779
linear,1215,tp,21,0.7078743242514953
linear,1215,tp,22,0.6993133140165383
linear,1215,tp,23,0.6918189713607926
linear,1215,tp,24,0.6850925296607207
linear,1215,tp,25,0.6784205240554758
linear,1215,tp,26,0.6722621076009409
linear,1215,tp,27,0.6665148540227278
linear,1215,tp,28,0.6617551090498213
linear,1215,tp,29,0.6570362656692053
linear,1215,tp,30,0.6530291665399272
linear,1215,tp,31,0.6491159302369572
linear,1215,tp,32,0.6456026042889641
linear,1215,tp,33,0.6419446872778368
linear,1215,tp,34,0.6391242697974047
linear,1215,tp,35,0.636870567669748
linear,1215,tp,36,0.6337982521331073
linear,1215,tp,37,0.6314413170597698
linear,1215,tp,38,0.6304870658950911
linear,1215,tp,39,0.6278819858333654
linear,1215,tp,40,0.6258861512816921
linear,1215,tp,41,0.624954908788825
linear,1215,tp,42,0.6227602269300264
linear,1215,tp,43,0.6214572576568823
linear,1215,tp,44,0.6207814542049065
linear,1215,tp,45,0.6197017867325039
linear,1215,tp,46,0.6171648844240324
linear,1215,tp,47,0.6166653506851586
linear,1215,tp,48,0.6146260501610518
linear,1215,tp,49,0.6155322526172706
linear,1215,tp,50,0.614303965480393
linear,1215,tp,51,0.6139969456526515
linear,1215,tp,52,0.6126086954608798
linear,1215,tp,53,0.6111798335737852
linear,1215,tp,54,0.6097934727610302
linear,1215,tp,55,0.6093301458124257
linear,1215,tp,56,0.6084674067049486
linear,1215,tp,57,0.6079100665259921
linear,1215,tp,58,0.6061024361886188
linear,1215,tp,59,0.6070055482127766
linear,1215,tp,60,0.604860881722166
linear,1216,tp,1,1.2232871694674279
linear,1216,tp,2,1.1313026153155339
linear,1216,tp,3,1.0587980240612809
linear,1216,tp,4,1.001198033853092
linear,1216,tp,5,0.9545358367413629
linear,1216,tp,6,0.9161687365688472
linear,1216,tp,7,0.8832304345774201
linear,1216,tp,8,0.8551304333545008
linear,1216,tp,9,0.8301983087829344
linear,1216,tp,10,0.8080972539936937
linear,1216,tp,11,0.7881377974236751
linear,1216,tp,12,0.769240992893808
linear,1216,tp,13,0.7512327859785263
linear,1216,tp,14,0.7356496706813586
linear,1216,tp,15,0.7203496560734991
linear,1216,tp,16,0.7060083833240419
linear,1216,tp,17,0.6929929649500598
linear,1216,tp,18,0.6810344144254433
linear,1216,tp,19,0.6691730423419449
linear,1216,tp,20,0.6589824559933221
linear,1216,tp,21,0.649280351894025
linear,1216,tp,22,0.6402218485304321
linear,1216,tp,23,0.631888536130408
linear,1216,tp,24,0.6241199266111859
linear,1216,tp,25,0.6165485644307214
linear,1216,tp,26,0.6100411060186702
linear,1216,tp,27,0.603686973048423
linear,1216,tp,28,0.5979493624604841
linear,1216,tp,29,0.5926437186421974
linear,1216,tp,30,0.5880204702248096
linear,1216,tp,31,0.5830840543296367
linear,1216,tp,32,0.5794560042492894
linear,1216,tp,33,0.5744703324390682
linear,1216,tp,34,0.5711926551134282
linear,1216,tp,35,0.5689154474547556
linear,1216,tp,36,0.5659848007129477
linear,1216,tp,37,0.563911148484605
linear,1216,tp,38,0.5607887419723387
linear,1216,tp,39,0.5582423356643269
linear,1216,tp,40,0.5560509383988511
linear,1216,tp,41,0.554513687665266
linear,1216,tp,42,0.552814601867598
linear,1216,tp,43,0.5507653720452651
linear,1216,tp,44,0.5494512333985186
linear,1216,tp,45,0.5472348047231715
linear,1216,tp,46,0.5450707115162364
linear,1216,tp,47,0.5438533446483503
linear,1216,tp,48,0.542323983802699
linear,1216,tp,49,0.5410828008299914
linear,1216,tp,50,0.5400397972095452
linear,1216,tp,51,0.5381170991072043
linear,1216,tp,52,0.5365126014524435
linear,1216,tp,53,0.5371274383508307
linear,1216,tp,54,0.5359350521629105
linear,1216,tp,55,0.53580285733499
linear,1216,tp,56,0.5340584174653116
linear,1216,tp,57,0.5323216850154346
linear,1216,tp,58,0.5315403716464742
linear,1216,tp,59,0.531784924612707
linear,1216,tp,60,0.5308387218768829
linear,1217,tp,1,1.1134566914462887
linear,1217,tp,2,1.0347765039172419
linear,1217,tp,3,0.9728763457839991
linear,1217,tp,4,0.9245726334710662
linear,1217,tp,5,0.884119238909248
linear,1217,tp,6,0.8487916698465107
linear,1217,tp,7,0.8170447040807488
linear,1217,tp,8,0.7882583647913307
linear,1217,tp,9,0.7613439254518516
linear,1217,tp,10,0.737053949524021
linear,1217,tp,11,0.7145432207723448
linear,1217,tp,12,0.6935621203704859
linear,1217,tp,13,0.6746275802977296
linear,1217,tp,14,0.6577492442819125
linear,1217,tp,15,0.6427786841822534
linear,1217,tp,16,0.6289834475329725
linear,1217,tp,17,0.6167279630778639
linear,1217,tp,18,0.606089768144468
linear,1217,tp,19,0.5969866157601019
linear,1217,tp,20,0.589363589586779
linear,1217,tp,21,0.5823923168121744
linear,1217,tp,22,0.5764518149907035
linear,1217,tp,23,0.5705195957703627
linear,1217,tp,24,0.5653005480405573
linear,1217,tp,25,0.5602600057831287
linear,1217,tp,26,0.5562637849293165
linear,1217,tp,27,0.5517523937133771
linear,1217,tp,28,0.5478300470909169
linear,1217,tp,29,0.5434170747430866
linear,1217,tp,30,0.5399622195231497
linear,1217,tp,31,0.5367930334685256
linear,1217,tp,32,0.5332842416443008
linear,1217,tp,33,0.5297498696842545
linear,1217,tp,34,0.5264521274769306
linear,1217,tp,35,0.522902897409462
linear,1217,tp,36,0.5200032591770593
linear,1217,tp,37,0.5171815756884357
linear,1217,tp,38,0.5138340560187401
linear,1217,tp,39,0.5114673808774582
linear,1217,tp,40,0.5090022250618106
linear,1217,tp,41,0.5061295821764461
linear,1217,tp,42,0.5047493111465262
linear,1217,tp,43,0.501562350421844
linear,1217,tp,44,0.49891983054803096
linear,1217,tp,45,0.4974512109959412
linear,1217,tp,46,0.49514508417634623
linear,1217,tp,47,0.49320389890046057
linear,1217,tp,48,0.49102977486494165
linear,1217,tp,49,0.48931663074570003
linear,1217,tp,50,0.4882114759030783
linear,1217,tp,51,0.48696662599375534
linear,1217,tp,52,0.4853808182493285
linear,1217,tp,53,0.4830399025744878
linear,1217,tp,54,0.4816386443824366
linear,1217,tp,55,0.48000928044784397
linear,1217,tp,56,0.48053408830908456
linear,1217,tp,57,0.4785191212406434
linear,1217,tp,58,0.4784236346520703
linear,1217,tp,59,0.4778094054122035
linear,1217,tp,60,0.47682963685639107
linear,1218,tp,1,1.2237338554287243
linear,1218,tp,2,1.1432869021331054
linear,1218,tp,3,1.0812270455277835
linear,1218,tp,4,1.0309490608080054
linear,1218,tp,5,0.9884788268509693
linear,1218,tp,6,0.952590105573138
linear,1218,tp,7,0.9191009994691003
linear,1218,tp,8,0.8900817940223629
linear,1218,tp,9,0.8639132528488819
linear,1218,tp,10,0.8403438919429944
linear,1218,tp,11,0.8198946213067889
linear,1218,tp,12,0.8014906461144283
linear,1218,tp,13,0.7847753350934862
linear,1218,tp,14,0.7693247274723394
linear,1218,tp,15,0.7551513638820468
linear,1218,tp,16,0.742330220950803
linear,1218,tp,17,0.7310485591913839
linear,1218,tp,18,0.7199198941838283
linear,1218,tp,19,0.7105675901766461
linear,1218,tp,20,0.7015467471083477
linear,1218,tp,21,0.6922584560709645
linear,1218,tp,22,0.6843117541811153
linear,1218,tp,23,0.6758909762407361
linear,1218,tp,24,0.6687524785236683
linear,1218,tp,25,0.6607796795131499
linear,1218,tp,26,0.6539790747058118
linear,1218,tp,27,0.6470805062872218
linear,1218,tp,28,0.6408383249855836
linear,1218,tp,29,0.6345684115456907
linear,1218,tp,30,0.6291090258850548
linear,1218,tp,31,0.6239643187567359
linear,1218,tp,32,0.6189276068285192
linear,1218,tp,33,0.6136816059153185
linear,1218,tp,34,0.6095089997836113
linear,1218,tp,35,0.6045709104034366
linear,1218,tp,36,0.6005688656136311
linear,1218,tp,37,0.596903548720728
linear,1218,tp,38,0.5925860650691009
linear,1218,tp,39,0.5900124177293321
linear,1218,tp,40,0.5865307814112479
linear,1218,tp,41,0.5829714256946741
linear,1218,tp,42,0.5804587232409512
linear,1218,tp,43,0.5773097121350586
linear,1218,tp,44,0.5753506108479925
linear,1218,tp,45,0.5720619957346675
linear,1218,tp,46,0.569774570416799
linear,1218,tp,47,0.5681697753775327
linear,1218,tp,48,0.5656668922522842
linear,1218,tp,49,0.5646154340980903
linear,1218,tp,50,0.5623560278670575
linear,1218,tp,51,0.5603581982140012
linear,1218,tp,52,0.5583920591587226
linear,1218,tp,53,0.558975493920206
linear,1218,tp,54,0.5572861330427835
linear,1218,tp,55,0.5568721249210694
linear,1218,tp,56,0.5544541291328083
linear,1218,tp,57,0.5529968177412673
linear,1218,tp,58,0.5517243920764872
linear,1218,tp,59,0.5514243329184031
linear,1218,tp,60,0.5524116497269502
linear,1219,tp,1,1.2472630608824364
linear,1219,tp,2,1.1583913980002767
linear,1219,tp,3,1.0911447987791771
linear,1219,tp,4,1.039499613163495
linear,1219,tp,5,1.0008467396411083
linear,1219,tp,6,0.9686034959712829
linear,1219,tp,7,0.9427571999906416
linear,1219,tp,8,0.9198136668185071
linear,1219,tp,9,0.8988985992488008
linear,1219,tp,10,0.880597417087651
linear,1219,tp,11,0.8634880892369997
linear,1219,tp,12,0.8484204798603345
linear,1219,tp,13,0.8336986814727111
linear,1219,tp,14,0.8195777742887236
linear,1219,tp,15,0.8066563361308913
linear,1219,tp,16,0.7942369250990303
linear,1219,tp,17,0.7828916892262875
linear,1219,tp,18,0.7726254287945197
linear,1219,tp,19,0.7635343378368667
linear,1219,tp,20,0.75345448427314
linear,1219,tp,21,0.7463261730755134
linear,1219,tp,22,0.7389294967974266
linear,1219,tp,23,0.7323004378409591
linear,1219,tp,24,0.7259680101326254
linear,1219,tp,25,0.720200391685435
linear,1219,tp,26,0.7150719933763844
linear,1219,tp,27,0.7110564012028738
linear,1219,tp,28,0.7070856208711179
linear,1219,tp,29,0.7042522339666109
linear,1219,tp,30,0.7001323164943095
linear,1219,tp,31,0.6960776498082968
linear,1219,tp,32,0.6943727209899581
linear,1219,tp,33,0.691527411305955
linear,1219,tp,34,0.6889927627997011
linear,1219,tp,35,0.6859256009874916
linear,1219,tp,36,0.6840081255268841
linear,1219,tp,37,0.6809131086322185
linear,1219,tp,38,0.6788857178699059
linear,1219,tp,39,0.6782499692763088
linear,1219,tp,40,0.6771476838393243
linear,1219,tp,41,0.6749187844923327
linear,1219,tp,42,0.6721595106587247
linear,1219,tp,43,0.6704536908064244
linear,1219,tp,44,0.6688080598324638
linear,1219,tp,45,0.6681603686314599
linear,1219,tp,46,0.6666530460021648
linear,1219,tp,47,0.6639272877332275
linear,1219,tp,48,0.661992177453905
linear,1219,tp,49,0.6609310291123118
linear,1219,tp,50,0.6600607864429496
linear,1219,tp,51,0.6593466531684251
linear,1219,tp,52,0.6568390803321296
linear,1219,tp,53,0.6563688185000022
linear,1219,tp,54,0.6553833337481417
linear,1219,tp,55,0.6545931198369077
linear,1219,tp,56,0.6519071806261681
linear,1219,tp,57,0.6518122561031744
linear,1219,tp,58,0.6504923070190229
linear,1219,tp,59,0.6483692213823442
linear,1219,tp,60,0.6510601222392453
nonlinear,1200,bp,1,0.22100373966584352
nonlinear,1200,bp,2,0.1427434860837942
nonlinear,1200,bp,3,0.10626257858880579
nonlinear,1200,bp,4,0.08089573210124745
nonlinear,1200,bp,5,0.06131872984758233
nonlinear,1200,bp,6,0.04581180172590723
nonlinear,1200,bp,7,0.036389763712546576
nonlinear,1200,bp,8,0.03119400669320194
nonlinear,1200,bp,9,0.027708337539969086
nonlinear,1200,bp,10,0.024983481849037047
nonlinear,1200,bp,11,0.023044809060946022
nonlinear,1200,bp,12,0.02082948983736549
nonlinear,1200,bp,13,0.019182174405090454
nonlinear,1200,bp,14,0.0176244567364493
nonlinear,1200,bp,15,0.016401154415314204
nonlinear,1200,bp,16,0.01508132161746388
nonlinear,1200,bp,17,0.014072028297574812
nonlinear,1200,bp,18,0.013166514831018683
nonlinear,1200,bp,19,0.012423439964765715
nonlinear,1200,bp,20,0.011783109814327545
nonlinear,1200,bp,21,0.011153880935365226
nonlinear,1200,bp,22,0.010589818893965519
nonlinear,1200,bp,23,0.010261515023761563
nonlinear,1200,bp,24,0.009751463315672101
nonlinear,1200,bp,25,0.00945064233641525
nonlinear,1200,bp,26,0.009116409067941459
nonlinear,1200,bp,27,0.008746635996200881
nonlinear,1200,bp,28,0.008565422127917789
nonlinear,1200,bp,29,0.008341612844823452
nonlinear,1200,bp,30,0.00796685693950856
nonlinear,1200,bp,31,0.007771835396711627
nonlinear,1200,bp,32,0.007475569470985981
nonlinear,1200,bp,33,0.007299365543637454
nonlinear,1200,bp,34,0.007196770722313631
nonlinear,1200,bp,35,0.006844568800299426
nonlinear,1200,bp,36,0.0067330491871501865
nonlinear,1200,bp,37,0.006522633791972134
nonlinear,1200,bp,38,0.006341067177720749
nonlinear,1200,bp,39,0.006211270045658281
nonlinear,1200,bp,40,0.005978412301368059
nonlinear,1200,bp,41,0.005888648814414893
nonlinear,1200,bp,42,0.005752919175726279
nonlinear,1200,bp,43,0.005633056047775378
nonlinear,1200,bp,44,0.005545235819207562
nonlinear,1200,bp,45,0.00537876668950319
nonlinear,1200,bp,46,0.0052639905803478935
nonlinear,1200,bp,47,0.005143401389454239
nonlinear,1200,bp,48,0.0051400670342252016
nonlinear,1200,bp,49,0.00494201627224769
nonlinear,1200,bp,50,0.0049036925864317455
nonlinear,1200,bp,51,0.004737081648365163
nonlinear,1200,bp,52,0.004746341659409747
nonlinear,1200,bp,53,0.004587361189536034
nonlinear,1200,bp,54,0.0046156599910119585
nonlinear,1200,bp,55,0.004493626339013311
nonlinear,1200,bp,56,0.004439873923734057
nonlinear,1200,bp,57,0.004444264809972471
nonlinear,1200,bp,58,0.004228504426598923
nonlinear,1200,bp,59,0.004203628092622065
nonlinear,1200,bp,60,0.004087579976413983
nonlinear,1201,bp,1,0.20335988121498375
nonlinear,1201,bp,2,0.1250899237739719
nonlinear,1201,bp,3,0.09130784506415947
nonlinear,1201,bp,4,0.06876285084722106
nonlinear,1201,bp,5,0.054182360521910576
nonlinear,1201,bp,6,0.04494237876553536
nonlinear,1201,bp,7,0.03804791644090339
nonlinear,1201,bp,8,0.0336931237913815
nonlinear,1201,bp,9,0.0307243068727651
nonlinear,1201,bp,10,0.028251883087008836
nonlinear,1201,bp,11,0.02641834475689546
nonlinear,1201,bp,12,0.02490250618314284
nonlinear,1201,bp,13,0.023712799698311613
nonlinear,1201,bp,14,0.02267765664371446
nonlinear,1201,bp,15,0.021927483941681748
nonlinear,1201,bp,16,0.020934836096078078
nonlinear,1201,bp,17,0.020105824170895955
nonlinear,1201,bp,18,0.01941410314222655
nonlinear,1201,bp,19,0.018780005863279693
nonlinear,1201,bp,20,0.018001921704756008
nonlinear,1201,bp,21,0.017660855767181863
nonlinear,1201,bp,22,0.01716111818837407
nonlinear,1201,bp,23,0.016536822177960864
nonlinear,1201,bp,24,0.016288047392178165
nonlinear,1201,bp,25,0.015663443690970075
nonlinear,1201,bp,26,0.015451897597960326
nonlinear,1201,bp,27,0.01503844978486954
nonlinear,1201,bp,28,0.014672830008857406
nonlinear,1201,bp,29,0.014390856488507056
nonlinear,1201,bp,30,0.014104647894128549
nonlinear,1201,bp,31,0.013779689970501517
nonlinear,1201,bp,32,0.013529394701956058
nonlinear,1201,bp,33,0.01340682302147339
nonlinear,1201,bp,34,0.013240718719599592
nonlinear,1201,bp,35,0.012799279161805413
nonlinear,1201,bp,36,0.012633960905007955
nonlinear,1201,bp,37,0.012436880539136703
nonlinear,1201,bp,38,0.012113643882518161
nonlinear,1201,bp,39,0.011858889513801147
nonlinear,1201,bp,40,0.011986966566757814
nonlinear,1201,bp,41,0.011544512638272532
nonlinear,1201,bp,42,0.01150466580829571
nonlinear,1201,bp,43,0.011464550520302855
nonlinear,1201,bp,44,0.011123148567017583
nonlinear,1201,bp,45,0.010913320622444095
nonlinear,1201,bp,46,0.01081843118251393
nonlinear,1201,bp,47,0.01070969178707877
nonlinear,1201,bp,48,0.010622973203275772
nonlinear,1201,bp,49,0.010352616000345663
nonlinear,1201,bp,50,0.010467670706101726
nonlinear,1201,bp,51,0.009895303374622988
nonlinear,1201,bp,52,0.01017126409549639
nonlinear,1201,bp,53,0.009703206457225841
nonlinear,1201,bp,54,0.00970033816150939
nonlinear,1201,bp,55,0.009432730245324598
nonlinear,1201,bp,56,0.009175148237666306
nonlinear,1201,bp,57,0.009099330996183163
nonlinear,1201,bp,58,0.009057613261941906
nonlinear,1201,bp,59,0.009027936071856528
nonlinear,1201,bp,60,0.00847336334515969
nonlinear,1202,bp,1,0.2136243450706686
nonlinear,1202,bp,2,0.13026463865377638
nonlinear,1202,bp,3,0.094913015439906
nonlinear,1202,bp,4,0.07352034986415486
nonlinear,1202,bp,5,0.059892296105064635
nonlinear,1202,bp,6,0.05148760383028848
nonlinear,1202,bp,7,0.045074759229470074
nonlinear,1202,bp,8,0.04057282381795023
nonlinear,1202,bp,9,0.03700998087622349
nonlinear,1202,bp,10,0.03468158818723641
nonlinear,1202,bp,11,0.032761824733459434
nonlinear,1202,bp,12,0.031107299397829358
nonlinear,1202,bp,13,0.029335110259700817
nonlinear,1202,bp,14,0.02837081212722917
nonlinear,1202,bp,15,0.027007942088456652
nonlinear,1202,bp,16,0.025658514674502707
nonlinear,1202,bp,17,0.025236092839485566
nonlinear,1202,bp,18,0.023698020233166476
nonlinear,1202,bp,19,0.023275613612555795
nonlinear,1202,bp,20,0.02225341973362102
nonlinear,1202,bp,21,0.02197950155395446
nonlinear,1202,bp,22,0.020740125533227367
nonlinear,1202,bp,23,0.020319317327397623
nonlinear,1202,bp,24,0.01972985890024007
nonlinear,1202,bp,25,0.018788167643982893
nonlinear,1202,bp,26,0.017906418695286853
nonlinear,1202,bp,27,0.01724007757185486
nonlinear,1202,bp,28,0.016025460251664594
nonlinear,1202,bp,29,0.01510274848274131
nonlinear,1202,bp,30,0.014283098738518804
nonlinear,1202,bp,31,0.012960345669901034
nonlinear,1202,bp,32,0.012198016861393933
nonlinear,1202,bp,33,0.011197062310000068
nonlinear,1202,bp,34,0.010460770378344494
nonlinear,1202,bp,35,0.009739994971465537
nonlinear,1202,bp,36,0.009558950565511344
nonlinear,1202,bp,37,0.00886992488692881
nonlinear,1202,bp,38,0.008843374675761516
nonlinear,1202,bp,39,0.008161181665299333
nonlinear,1202,bp,40,0.008023582917789355
nonlinear,1202,bp,41,0.007781724767630974
nonlinear,1202,bp,42,0.0076552758164379064
nonlinear,1202,bp,43,0.007302094822369963
nonlinear,1202,bp,44,0.0070883226054351545
nonlinear,1202,bp,45,0.006985483742308844
nonlinear,1202,bp,46,0.006717965007052854
nonlinear,1202,bp,47,0.006546847280844022
nonlinear,1202,bp,48,0.006616344524600974
nonlinear,1202,bp,49,0.006260955883859657
nonlinear,1202,bp,50,0.006233297784867135
nonlinear,1202,bp,51,0.006030143926039715
nonlinear,1202,bp,52,0.0059634050597790955
nonlinear,1202,bp,53,0.005856440411005952
nonlinear,1202,bp,54,0.005770045699548359
nonlinear,1202,bp,55,0.005624546438621268
nonlinear,1202,bp,56,0.005583522305631313
nonlinear,1202,bp,57,0.005563781163905938
nonlinear,1202,bp,58,0.005406114401487162
nonlinear,1202,bp,59,0.0052839169657094434
nonlinear,1202,bp,60,0.0053551314795665765
nonlinear,1203,bp,1,0.19039439183801707
nonlinear,1203,bp,2,0.13017952351614437
nonlinear,1203,bp,3,0.09688004772664971
nonlinear,1203,bp,4,0.07673884071069687
nonlinear,1203,bp,5,0.06115117424553699
nonlinear,1203,bp,6,0.049526660599175265
nonlinear,1203,bp,7,0.04207459439094748
nonlinear,1203,bp,8,0.037394345544928285
nonlinear,1203,bp,9,0.033192294757866246
nonlinear,1203,bp,10,0.030036863720572942
nonlinear,1203,bp,11,0.027863209315269487
nonlinear,1203,bp,12,0.026086683361659976
nonlinear,1203,bp,13,0.0245484037065474
nonlinear,1203,bp,14,0.023521668712233743
nonlinear,1203,bp,15,0.022305739177268
nonlinear,1203,bp,16,0.021131150909930188
nonlinear,1203,bp,17,0.020047213154974125
nonlinear,1203,bp,18,0.019535009195024933
nonlinear,1203,bp,19,0.01866769880024548
nonlinear,1203,bp,20,0.017656941846862756
nonlinear,1203,bp,21,0.01732680544843958
nonlinear,1203,bp,22,0.016440237016761516
nonlinear,1203,bp,23,0.015918814579917204
nonlinear,1203,bp,24,0.015437443176482012
nonlinear,1203,bp,25,0.015011706697613222
nonlinear,1203,bp,26,0.014398946783315783
nonlinear,1203,bp,27,0.014161309194715109
nonlinear,1203,bp,28,0.013773718835562082
nonlinear,1203,bp,29,0.013201972775255982
nonlinear,1203,bp,30,0.0133668286038483
nonlinear,1203,bp,31,0.01246678337024302
nonlinear,1203,bp,32,0.012524363568999516
nonlinear,1203,bp,33,0.011939035532441319
nonlinear,1203,bp,34,0.011924527364373173
nonlinear,1203,bp,35,0.011465629634521616
nonlinear,1203,bp,36,0.011383967047700227
nonlinear,1203,bp,37,0.011204519415799663
nonlinear,1203,bp,38,0.01082878150931616
nonlinear,1203,bp,39,0.010621054642499109
nonlinear,1203,bp,40,0.010596382158004842
nonlinear,1203,bp,41,0.010347948744361748
nonlinear,1203,bp,42,0.01013070041104016
nonlinear,1203,bp,43,0.010133433947297427
nonlinear,1203,bp,44,0.009876736353260373
nonlinear,1203,bp,45,0.009807560671071669
nonlinear,1203,bp,46,0.009842737577021888
nonlinear,1203,bp,47,0.009383346065206804
nonlinear,1203,bp,48,0.009291717847641155
nonlinear,1203,bp,49,0.009203176616483425
nonlinear,1203,bp,50,0.008972268520680036
nonlinear,1203,bp,51,0.008935848316288105
nonlinear,1203,bp,52,0.008746922639420153
nonlinear,1203,bp,53,0.008484764735324883
nonlinear,1203,bp,54,0.008480629913744406
nonlinear,1203,bp,55,0.008182892696327914
nonlinear,1203,bp,56,0.008164939823387068
nonlinear,1203,bp,57,0.008164337718534382
nonlinear,1203,bp,58,0.00791974277576246
nonlinear,1203,bp,59,0.00799615369836803
nonlinear,1203,bp,60,0.007703700720114626
nonlinear,1204,bp,1,0.15765472511340883
nonlinear,1204,bp,2,0.09744829305490939
nonlinear,1204,bp,3,0.07024410196833536
nonlinear,1204,bp,4,0.05360867113705534
nonlinear,1204,bp,5,0.04411134669488281
nonlinear,1204,bp,6,0.0379034152302124
nonlinear,1204,bp,7,0.03276832846638678
nonlinear,1204,bp,8,0.02878079757704305
nonlinear,1204,bp,9,0.02635746909347211
nonlinear,1204,bp,10,0.02465594706754833
nonlinear,1204,bp,11,0.02271894821154354
nonlinear,1204,bp,12,0.021545693602351385
nonlinear,1204,bp,13,0.020470237319304405
nonlinear,1204,bp,14,0.01908090608184187
nonlinear,1204,bp,15,0.01849764444467029
nonlinear,1204,bp,16,0.01742319570910815
nonlinear,1204,bp,17,0.016785835371813173
nonlinear,1204,bp,18,0.015932448699852945
nonlinear,1204,bp,19,0.015294557535809924
nonlinear,1204,bp,20,0.014532374333505021
nonlinear,1204,bp,21,0.013961448528103186
nonlinear,1204,bp,22,0.013400488627561677
nonlinear,1204,bp,23,0.012936540536734717
nonlinear,1204,bp,24,0.01232920057815357
nonlinear,1204,bp,25,0.011810889989384907
nonlinear,1204,bp,26,0.011534534660131221
nonlinear,1204,bp,27,0.011019371453222737
nonlinear,1204,bp,28,0.010620080544629323
nonlinear,1204,bp,29,0.010240123801943175
nonlinear,1204,bp,30,0.009767967392318494
nonlinear,1204,bp,31,0.00942767057439195
nonlinear,1204,bp,32,0.009196948001597642
nonlinear,1204,bp,33,0.008782532094151158
nonlinear,1204,bp,34,0.008477538882415567
nonlinear,1204,bp,35,0.008130914569476773
nonlinear,1204,bp,36,0.007983721834954223
nonlinear,1204,bp,37,0.007545031957022307
nonlinear,1204,bp,38,0.007237821940712322
nonlinear,1204,bp,39,0.0070115265063822
nonlinear,1204,bp,40,0.007137573149022351
nonlinear,1204,bp,41,0.006611269306304107
nonlinear,1204,bp,42,0.006337081924533104
nonlinear,1204,bp,43,0.006134584762101806
nonlinear,1204,bp,44,0.006011317699514709
nonlinear,1204,bp,45,0.0057189719944818924
nonlinear,1204,bp,46,0.0056208684135184974
nonlinear,1204,bp,47,0.005495459054207906
nonlinear,1204,bp,48,0.005470923159738563
nonlinear,1204,bp,49,0.005143521518880831
nonlinear,1204,bp,50,0.0052623465904641465
nonlinear,1204,bp,51,0.004968384179793781
nonlinear,1204,bp,52,0.004920304198312265
nonlinear,1204,bp,53,0.004852675960179277
nonlinear,1204,bp,54,0.004804584320999017
nonlinear,1204,bp,55,0.004632368182419646
nonlinear,1204,bp,56,0.004616048675845779
nonlinear,1204,bp,57,0.004457626226979247
nonlinear,1204,bp,58,0.0043979634831903345
nonlinear,1204,bp,59,0.0042871425256468775
nonlinear,1204,bp,60,0.004302982438010499
nonlinear,1205,bp,1,0.1841311389314928
nonlinear,1205,bp,2,0.10633328357551326
nonlinear,1205,bp,3,0.06963726640667073
nonlinear,1205,bp,4,0.052228734855988584
nonlinear,1205,bp,5,0.041360197130430355
nonlinear,1205,bp,6,0.034369512869468634
nonlinear,1205,bp,7,0.02985066799004719
nonlinear,1205,bp,8,0.026828489177117682
nonlinear,1205,bp,9,0.02444424768312255
nonlinear,1205,bp,10,0.023127500607380252
nonlinear,1205,bp,11,0.021485442001635935
nonlinear,1205,bp,12,0.020512773054579807
nonlinear,1205,bp,13,0.019340808532001822
nonlinear,1205,bp,14,0.018382769284600822
nonlinear,1205,bp,15,0.017592015494339076
nonlinear,1205,bp,16,0.016948964655677745
nonlinear,1205,bp,17,0.016087545752545583
nonlinear,1205,bp,18,0.01563615948924689
nonlinear,1205,bp,19,0.015204469541655224
nonlinear,1205,bp,20,0.014504485742424503
nonlinear,1205,bp,21,0.01392066864071074
nonlinear,1205,bp,22,0.01348951441891976
nonlinear,1205,bp,23,0.013044790555834998
nonlinear,1205,bp,24,0.012672011919832605
nonlinear,1205,bp,25,0.012248297014089159
nonlinear,1205,bp,26,0.012048264415126334
nonlinear,1205,bp,27,0.01146258291381596
nonlinear,1205,bp,28,0.011207561839664417
nonlinear,1205,bp,29,0.010925171285382305
nonlinear,1205,bp,30,0.010672527636739917
nonlinear,1205,bp,31,0.010287183490848903
nonlinear,1205,bp,32,0.010066431431743655
nonlinear,1205,bp,33,0.009660157719577643
nonlinear,1205,bp,34,0.009506651744562649
nonlinear,1205,bp,35,0.009026062564672066
nonlinear,1205,bp,36,0.00899102975351414
nonlinear,1205,bp,37,0.008517610965322544
nonlinear,1205,bp,38,0.008319189176407553
nonlinear,1205,bp,39,0.007993402865618185
nonlinear,1205,bp,40,0.007977346881496464
nonlinear,1205,bp,41,0.007568268490721612
nonlinear,1205,bp,42,0.007256324901882649
nonlinear,1205,bp,43,0.007312251425917867
nonlinear,1205,bp,44,0.006829017435927311
nonlinear,1205,bp,45,0.00676685098792882
nonlinear,1205,bp,46,0.006589875427120621
nonlinear,1205,bp,47,0.0064688645544798236
nonlinear,1205,bp,48,0.006172380181819353
nonlinear,1205,bp,49,0.006067579979388955
nonlinear,1205,bp,50,0.005888520675610219
nonlinear,1205,bp,51,0.0056749429962523355
nonlinear,1205,bp,52,0.005600115576242687
nonlinear,1205,bp,53,0.0054073769686030755
nonlinear,1205,bp,54,0.005375676051092255
nonlinear,1205,bp,55,0.005108402591115791
nonlinear,1205,bp,56,0.005083461139192611
nonlinear,1205,bp,57,0.004881299980401209
nonlinear,1205,bp,58,0.004758253157352184
nonlinear,1205,bp,59,0.004595479342478034
nonlinear,1205,bp,60,0.004606847524170599
nonlinear,1206,bp,1,0.24420587581929895
nonlinear,1206,bp,2,0.15882771931650605
nonlinear,1206,bp,3,0.11522570297838212
nonlinear,1206,bp,4,0.0889155652816473
nonlinear,1206,bp,5,0.07134493067023702
nonlinear,1206,bp,6,0.058695723338316685
nonlinear,1206,bp,7,0.04948881510093522
nonlinear,1206,bp,8,0.0429080857065943
nonlinear,1206,bp,9,0.03793063129928436
nonlinear,1206,bp,10,0.034094742467161925
nonlinear,1206,bp,11,0.03125839534759826
nonlinear,1206,bp,12,0.02908984447656267
nonlinear,1206,bp,13,0.027373188897617445
nonlinear,1206,bp,14,0.025972082202757308
nonlinear,1206,bp,15,0.02486609931025721
nonlinear,1206,bp,16,0.023655534994201862
nonlinear,1206,bp,17,0.022681431793087153
nonlinear,1206,bp,18,0.021842766935469094
nonlinear,1206,bp,19,0.021217949518238983
nonlinear,1206,bp,20,0.020414913189556783
nonlinear,1206,bp,21,0.019665229178386475
nonlinear,1206,bp,22,0.019226760798449552
nonlinear,1206,bp,23,0.018426071284512582
nonlinear,1206,bp,24,0.018008800993059387
nonlinear,1206,bp,25,0.017321507492598313
nonlinear,1206,bp,26,0.016784003192397708
nonlinear,1206,bp,27,0.016243506492609843
nonlinear,1206,bp,28,0.0156611864557254
nonlinear,1206,bp,29,0.015173512507523017
nonlinear,1206,bp,30,0.01480798838033679
nonlinear,1206,bp,31,0.014159670814343252
nonlinear,1206,bp,32,0.013761680303746892
nonlinear,1206,bp,33,0.013290827384075969
nonlinear,1206,bp,34,0.012817015660909066
nonlinear,1206,bp,35,0.012548977579584073
nonlinear,1206,bp,36,0.011935289747118301
nonlinear,1206,bp,37,0.011731556728284784
nonlinear,1206,bp,38,0.011337132696860888
nonlinear,1206,bp,39,0.011096266914086314
nonlinear,1206,bp,40,0.0107962767831416
nonlinear,1206,bp,41,0.010579379244063424
nonlinear,1206,bp,42,0.010091196358985328
nonlinear,1206,bp,43,0.010081747709250554
nonlinear,1206,bp,44,0.009917724577670475
nonlinear,1206,bp,45,0.009749460998109085
nonlinear,1206,bp,46,0.00937810814835125
nonlinear,1206,bp,47,0.009231587850220624
nonlinear,1206,bp,48,0.009123858051253117
nonlinear,1206,bp,49,0.008900651804635699
nonlinear,1206,bp,50,0.00874611109595271
nonlinear,1206,bp,51,0.008648309955663147
nonlinear,1206,bp,52,0.0087257402778025
nonlinear,1206,bp,53,0.008404832409451694
nonlinear,1206,bp,54,0.008307058924117377
nonlinear,1206,bp,55,0.008096927399708092
nonlinear,1206,bp,56,0.008053375649145086
nonlinear,1206,bp,57,0.00796968885383184
nonlinear,1206,bp,58,0.007825125172531077
nonlinear,1206,bp,59,0.007744279429120464
nonlinear,1206,bp,60,0.007671958408734789
nonlinear,1207,bp,1,0.15916048816896203
nonlinear,1207,bp,2,0.0989613269238379
nonlinear,1207,bp,3,0.07184577148667887
nonlinear,1207,bp,4,0.055262452812494554
nonlinear,1207,bp,5,0.043123483838056954
nonlinear,1207,bp,6,0.03500965151327235
nonlinear,1207,bp,7,0.030030001243570238
nonlinear,1207,bp,8,0.026370952398842948
nonlinear,1207,bp,9,0.024118196744788923
nonlinear,1207,bp,10,0.022258525436563887
nonlinear,1207,bp,11,0.020558002929821923
nonlinear,1207,bp,12,0.01947222543350825
nonlinear,1207,bp,13,0.018517597263165403
nonlinear,1207,bp,14,0.01751496622760707
nonlinear,1207,bp,15,0.01646712035339988
nonlinear,1207,bp,16,0.015776632536502404
nonlinear,1207,bp,17,0.01480548067858109
nonlinear,1207,bp,18,0.014361307523218186
nonlinear,1207,bp,19,0.013421660469318678
nonlinear,1207,bp,20,0.012800578922806121
nonlinear,1207,bp,21,0.012277913446642278
nonlinear,1207,bp,22,0.011519027933405132
nonlinear,1207,bp,23,0.010987433486811244
nonlinear,1207,bp,24,0.010458187814255641
nonlinear,1207,bp,25,0.009877160840600273
nonlinear,1207,bp,26,0.009552265421894328
nonlinear,1207,bp,27,0.009054024417702982
nonlinear,1207,bp,28,0.008674021639515425
nonlinear,1207,bp,29,0.00841088488511837
nonlinear,1207,bp,30,0.00811265965984901
nonlinear,1207,bp,31,0.0077904914459939675
nonlinear,1207,bp,32,0.007618996281228888
nonlinear,1207,bp,33,0.007289229032580628
nonlinear,1207,bp,34,0.007272898706257576
nonlinear,1207,bp,35,0.006997186057711112
nonlinear,1207,bp,36,0.006678229428792315
nonlinear,1207,bp,37,0.006550726207187864
nonlinear,1207,bp,38,0.006463422165190362
nonlinear,1207,bp,39,0.00626621813162433
nonlinear,1207,bp,40,0.006053167145245314
nonlinear,1207,bp,41,0.005889680349717319
nonlinear,1207,bp,42,0.0056682046393266745
nonlinear,1207,bp,43,0.005574923267857006
nonlinear,1207,bp,44,0.005398451074774674
nonlinear,1207,bp,45,0.005333938017793689
nonlinear,1207,bp,46,0.0052703623798410005
nonlinear,1207,bp,47,0.004996065654378551
nonlinear,1207,bp,48,0.004996563034471747
nonlinear,1207,bp,49,0.004882562701550485
nonlinear,1207,bp,50,0.00487475649099841
nonlinear,1207,bp,51,0.004638017023859498
nonlinear,1207,bp,52,0.004568756656088742
nonlinear,1207,bp,53,0.004477799476122873
nonlinear,1207,bp,54,0.004394021326739838
nonlinear,1207,bp,55,0.00431792876034903
nonlinear,1207,bp,56,0.004324128640964698
nonlinear,1207,bp,57,0.004171053694254215
nonlinear,1207,bp,58,0.004119882750621719
nonlinear,1207,bp,59,0.004059597667927739
nonlinear,1207,bp,60,0.004035733295649734
nonlinear,1208,bp,1,0.20501279634391
nonlinear,1208,bp,2,0.13219142740903803
nonlinear,1208,bp,3,0.09130151039820651
nonlinear,1208,bp,4,0.06959051677750855
nonlinear,1208,bp,5,0.05491611897957391
nonlinear,1208,bp,6,0.043769727710557295
nonlinear,1208,bp,7,0.03602709026030941
nonlinear,1208,bp,8,0.03131980586925296
nonlinear,1208,bp,9,0.027971587422431155
nonlinear,1208,bp,10,0.025124399211635326
nonlinear,1208,bp,11,0.023267840805675285
nonlinear,1208,bp,12,0.02171725170913218
nonlinear,1208,bp,13,0.020297353714774567
nonlinear,1208,bp,14,0.01897643981105247
nonlinear,1208,bp,15,0.01790762851518347
nonlinear,1208,bp,16,0.016995022701261017
nonlinear,1208,bp,17,0.016126987696914914
nonlinear,1208,bp,18,0.015364301862112004
nonlinear,1208,bp,19,0.014900643241052813
nonlinear,1208,bp,20,0.014093647784525085
nonlinear,1208,bp,21,0.013885432302581616
nonlinear,1208,bp,22,0.013070215844858304
nonlinear,1208,bp,23,0.012642081848490602
nonlinear,1208,bp,24,0.012008534348018213
nonlinear,1208,bp,25,0.011519149329991459
nonlinear,1208,bp,26,0.011052470119819623
nonlinear,1208,bp,27,0.010673629506197655
nonlinear,1208,bp,28,0.010095936636546239
nonlinear,1208,bp,29,0.009656261632060875
nonlinear,1208,bp,30,0.009323733590732521
nonlinear,1208,bp,31,0.008935601950786562
nonlinear,1208,bp,32,0.008495211036951455
nonlinear,1208,bp,33,0.008178595827124472
nonlinear,1208,bp,34,0.007773978244061842
nonlinear,1208,bp,35,0.007536942579687213
nonlinear,1208,bp,36,0.007206530246407322
nonlinear,1208,bp,37,0.0068633365229530605
nonlinear,1208,bp,38,0.00669145691315088
nonlinear,1208,bp,39,0.00642272692291028
nonlinear,1208,bp,40,0.006140182888284142
nonlinear,1208,bp,41,0.005937289786502248
nonlinear,1208,bp,42,0.0058064053452579175
nonlinear,1208,bp,43,0.005561899001008039
nonlinear,1208,bp,44,0.005347491058650321
nonlinear,1208,bp,45,0.005204607443520325
nonlinear,1208,bp,46,0.004984092423904056
nonlinear,1208,bp,47,0.004935317502649996
nonlinear,1208,bp,48,0.004763806039594143
nonlinear,1208,bp,49,0.004606574576042415
nonlinear,1208,bp,50,0.00473253311017471
nonlinear,1208,bp,51,0.004407627607003764
nonlinear,1208,bp,52,0.004361835758133877
nonlinear,1208,bp,53,0.004295115242800838
nonlinear,1208,bp,54,0.004114296899534803
nonlinear,1208,bp,55,0.004108057214141594
nonlinear,1208,bp,56,0.004064092344514543
nonlinear,1208,bp,57,0.003868915512577727
nonlinear,1208,bp,58,0.0038705103699143684
nonlinear,1208,bp,59,0.003778950699975397
nonlinear,1208,bp,60,0.003726801466515578
nonlinear,1209,bp,1,0.18891246477111912
nonlinear,1209,bp,2,0.11018968935149537
nonlinear,1209,bp,3,0.07348679216394653
nonlinear,1209,bp,4,0.053079591052147455
nonlinear,1209,bp,5,0.0424692227866032
nonlinear,1209,bp,6,0.03627653614495536
nonlinear,1209,bp,7,0.032498858131285245
nonlinear,1209,bp,8,0.0297436731220448
nonlinear,1209,bp,9,0.027568869606985586
nonlinear,1209,bp,10,0.026225002473229102
nonlinear,1209,bp,11,0.02462672576584604
nonlinear,1209,bp,12,0.02367578465088012
nonlinear,1209,bp,13,0.02254178410287384
nonlinear,1209,bp,14,0.021890225902207544
nonlinear,1209,bp,15,0.02105821328741624
nonlinear,1209,bp,16,0.02033376760261965
nonlinear,1209,bp,17,0.01964799564056562
nonlinear,1209,bp,18,0.01892712680624641
nonlinear,1209,bp,19,0.01865516553656465
nonlinear,1209,bp,20,0.017837618451329407
nonlinear,1209,bp,21,0.01747154160557519
nonlinear,1209,bp,22,0.016912080960604578
nonlinear,1209,bp,23,0.016749351324168382
nonlinear,1209,bp,24,0.016463512057894713
nonlinear,1209,bp,25,0.015798964920088702
nonlinear,1209,bp,26,0.01558668768767122
nonlinear,1209,bp,27,0.015355578002239694
nonlinear,1209,bp,28,0.014975651836553862
nonlinear,1209,bp,29,0.014813248926476478
nonlinear,1209,bp,30,0.014442366189868211
nonlinear,1209,bp,31,0.014141323028836824
nonlinear,1209,bp,32,0.014146496275965295
nonlinear,1209,bp,33,0.013871923388062197
nonlinear,1209,bp,34,0.01375048796079926
nonlinear,1209,bp,35,0.013396075447468977
nonlinear,1209,bp,36,0.013512024711091128
nonlinear,1209,bp,37,0.013226458502718105
nonlinear,1209,bp,38,0.01300775575926664
nonlinear,1209,bp,39,0.012889774555403894
nonlinear,1209,bp,40,0.012892802731694441
nonlinear,1209,bp,41,0.012327540659489175
nonlinear,1209,bp,42,0.012418991921088496
nonlinear,1209,bp,43,0.012135114907636737
nonlinear,1209,bp,44,0.01225243390728558
nonlinear,1209,bp,45,0.011592797600350613
nonlinear,1209,bp,46,0.011573384024603313
nonlinear,1209,bp,47,0.011447814460562936
nonlinear,1209,bp,48,0.0111985921366934
nonlinear,1209,bp,49,0.010932491113274956
nonlinear,1209,bp,50,0.0109561863726872
nonlinear,1209,bp,51,0.010755884167959947
nonlinear,1209,bp,52,0.010666110718783393
nonlinear,1209,bp,53,0.010567935014575524
nonlinear,1209,bp,54,0.01026009927794858
nonlinear,1209,bp,55,0.010179151446188611
nonlinear,1209,bp,56,0.010070712276184321
nonlinear,1209,bp,57,0.009900590744923377
nonlinear,1209,bp,58,0.009917403605523421
nonlinear,1209,bp,59,0.009914045021174234
nonlinear,1209,bp,60,0.009681287444699085
nonlinear,1210,bp,1,0.2112151805025488
nonlinear,1210,bp,2,0.12663769524565946
nonlinear,1210,bp,3,0.08495120443767638
nonlinear,1210,bp,4,0.06170414577373032
nonlinear,1210,bp,5,0.0499827587747251
nonlinear,1210,bp,6,0.04196947233597359
nonlinear,1210,bp,7,0.036722475474693005
nonlinear,1210,bp,8,0.033398270020957084
nonlinear,1210,bp,9,0.031086517887999144
nonlinear,1210,bp,10,0.02896075110845218
nonlinear,1210,bp,11,0.02746014081967535
nonlinear,1210,bp,12,0.02614381252720503
nonlinear,1210,bp,13,0.024758170328122248
nonlinear,1210,bp,14,0.023541777849085715
nonlinear,1210,bp,15,0.02256690380443464
nonlinear,1210,bp,16,0.02164814567295563
nonlinear,1210,bp,17,0.020876095300495796
nonlinear,1210,bp,18,0.020003098219467334
nonlinear,1210,bp,19,0.019274674504660135
nonlinear,1210,bp,20,0.018510278646553125
nonlinear,1210,bp,21,0.017925362878010335
nonlinear,1210,bp,22,0.017234724625790166
nonlinear,1210,bp,23,0.016618975433593097
nonlinear,1210,bp,24,0.015841335961816607
nonlinear,1210,bp,25,0.015038138309367838
nonlinear,1210,bp,26,0.014494162882562249
nonlinear,1210,bp,27,0.013756818423019374
nonlinear,1210,bp,28,0.013174451911831935
nonlinear,1210,bp,29,0.01273251570138817
nonlinear,1210,bp,30,0.012279723109812011
nonlinear,1210,bp,31,0.012042534009396241
nonlinear,1210,bp,32,0.01162142735573409
nonlinear,1210,bp,33,0.01126893071001097
nonlinear,1210,bp,34,0.010955795363177208
nonlinear,1210,bp,35,0.010813116580199032
nonlinear,1210,bp,36,0.01041985635896446
nonlinear,1210,bp,37,0.0102403541142834
nonlinear,1210,bp,38,0.009916473819314504
nonlinear,1210,bp,39,0.00972047449257764
nonlinear,1210,bp,40,0.009476445822579109
nonlinear,1210,bp,41,0.009340048191879191
nonlinear,1210,bp,42,0.00903671318409232
nonlinear,1210,bp,43,0.00886432027899912
nonlinear,1210,bp,44,0.008753054233072823
nonlinear,1210,bp,45,0.008458320827916813
nonlinear,1210,bp,46,0.008325132831929484
nonlinear,1210,bp,47,0.008178725177623709
nonlinear,1210,bp,48,0.008136590003897416
nonlinear,1210,bp,49,0.007786541550988869
nonlinear,1210,bp,50,0.007793359782689936
nonlinear,1210,bp,51,0.007591787465482617
nonlinear,1210,bp,52,0.00753973355287639
nonlinear,1210,bp,53,0.007401881866504097
nonlinear,1210,bp,54,0.00723179423708288
nonlinear,1210,bp,55,0.007146243737584629
nonlinear,1210,bp,56,0.006991926840890894
nonlinear,1210,bp,57,0.007047932315081998
nonlinear,1210,bp,58,0.0067975267769046594
nonlinear,1210,bp,59,0.006796278704164601
nonlinear,1210,bp,60,0.006576610287900442
nonlinear,1211,bp,1,0.18853423716537554
nonlinear,1211,bp,2,0.12222802014220313
nonlinear,1211,bp,3,0.09061072402188826
nonlinear,1211,bp,4,0.07336103158756348
nonlinear,1211,bp,5,0.06163554477333131
nonlinear,1211,bp,6,0.054339816820603036
nonlinear,1211,bp,7,0.04902825708722495
nonlinear,1211,bp,8,0.044352732089452084
nonlinear,1211,bp,9,0.039689371160640204
nonlinear,1211,bp,10,0.03591794041296976
nonlinear,1211,bp,11,0.032811144997993334
nonlinear,1211,bp,12,0.029780310087468034
nonlinear,1211,bp,13,0.02770496302750258
nonlinear,1211,bp,14,0.025802107437887203
nonlinear,1211,bp,15,0.023539729578115693
nonlinear,1211,bp,16,0.02221311650055786
nonlinear,1211,bp,17,0.020851841109578394
nonlinear,1211,bp,18,0.019646411538837314
nonlinear,1211,bp,19,0.018463542986980497
nonlinear,1211,bp,20,0.01757153719302652
nonlinear,1211,bp,21,0.01674650597972456
nonlinear,1211,bp,22,0.015869617357340216
nonlinear,1211,bp,23,0.0152275318421104
nonlinear,1211,bp,24,0.014542238548766817
nonlinear,1211,bp,25,0.013834492024117831
nonlinear,1211,bp,26,0.013355895765673068
nonlinear,1211,bp,27,0.012937740814053083
nonlinear,1211,bp,28,0.012270952637470599
nonlinear,1211,bp,29,0.011873021520090286
nonlinear,1211,bp,30,0.011425781557799367
nonlinear,1211,bp,31,0.010995766360145537
nonlinear,1211,bp,32,0.010752338152373307
nonlinear,1211,bp,33,0.010215779308350747
nonlinear,1211,bp,34,0.009859868112754069
nonlinear,1211,bp,35,0.009458343922932074
nonlinear,1211,bp,36,0.009231415453947405
nonlinear,1211,bp,37,0.008811765457856707
nonlinear,1211,bp,38,0.008631931964285753
nonlinear,1211,bp,39,0.008262610915408393
nonlinear,1211,bp,40,0.008055066474543394
nonlinear,1211,bp,41,0.007697183117694729
nonlinear,1211,bp,42,0.007546606064634971
nonlinear,1211,bp,43,0.007204115542782624
nonlinear,1211,bp,44,0.00710574186348982
nonlinear,1211,bp,45,0.007022048308795965
nonlinear,1211,bp,46,0.006631396531813845
nonlinear,1211,bp,47,0.006447767826476253
nonlinear,1211,bp,48,0.006323142496129277
nonlinear,1211,bp,49,0.006129649029868271
nonlinear,1211,bp,50,0.006023884481322351
nonlinear,1211,bp,51,0.005882607312572952
nonlinear,1211,bp,52,0.005685634752077062
nonlinear,1211,bp,53,0.005610171605112663
nonlinear,1211,bp,54,0.00557119277360614
nonlinear,1211,bp,55,0.005385977641808384
nonlinear,1211,bp,56,0.005240619142941824
nonlinear,1211,bp,57,0.005150954006276482
nonlinear,1211,bp,58,0.0050054415772939785
nonlinear,1211,bp,59,0.004916928206370088
nonlinear,1211,bp,60,0.004861053993008069
nonlinear,1212,bp,1,0.14332519092080295
nonlinear,1212,bp,2,0.08832048382671422
nonlinear,1212,bp,3,0.05825464945768397
nonlinear,1212,bp,4,0.04380974022157785
nonlinear,1212,bp,5,0.034929024044295764
nonlinear,1212,bp,6,0.02942968182037098
nonlinear,1212,bp,7,0.02551366047745918
nonlinear,1212,bp,8,0.022458108698739977
nonlinear,1212,bp,9,0.020234073579589996
nonlinear,1212,bp,10,0.018416143881702544
nonlinear,1212,bp,11,0.016808026525415735
nonlinear,1212,bp,12,0.01590567705811925
nonlinear,1212,bp,13,0.014766697292369152
nonlinear,1212,bp,14,0.013970065375954464
nonlinear,1212,bp,15,0.013142734278023033
nonlinear,1212,bp,16,0.012620707016133334
nonlinear,1212,bp,17,0.011794983654961275
nonlinear,1212,bp,18,0.011285109168494808
nonlinear,1212,bp,19,0.011100103480013694
nonlinear,1212,bp,20,0.010339744384812
nonlinear,1212,bp,21,0.01003658685867285
nonlinear,1212,bp,22,0.009853949622018998
nonlinear,1212,bp,23,0.009275797719129465
nonlinear,1212,bp,24,0.008810479498084929
nonlinear,1212,bp,25,0.00870378306681134
nonlinear,1212,bp,26,0.008377006141015048
nonlinear,1212,bp,27,0.007929434179125483
nonlinear,1212,bp,28,0.007967223809104973
nonlinear,1212,bp,29,0.007503885889891382
nonlinear,1212,bp,30,0.007310009807907757
nonlinear,1212,bp,31,0.007276414729698026
nonlinear,1212,bp,32,0.006977036371257103
nonlinear,1212,bp,33,0.006795741777097607
nonlinear,1212,bp,34,0.006556831581381965
nonlinear,1212,bp,35,0.006436663376942631
nonlinear,1212,bp,36,0.006262003373394421
nonlinear,1212,bp,37,0.006289103308176181
nonlinear,1212,bp,38,0.005916244345116551
nonlinear,1212,bp,39,0.005865502975227831
nonlinear,1212,bp,40,0.005916222581137251
nonlinear,1212,bp,41,0.005623729823943151
nonlinear,1212,bp,42,0.005541663218152024
nonlinear,1212,bp,43,0.005374866472943656
nonlinear,1212,bp,44,0.005211360595855574
nonlinear,1212,bp,45,0.005269017960546983
nonlinear,1212,bp,46,0.005252446482196045
nonlinear,1212,bp,47,0.004900198980207122
nonlinear,1212,bp,48,0.004877680408747298
nonlinear,1212,bp,49,0.004776809045899648
nonlinear,1212,bp,50,0.00482616385613287
nonlinear,1212,bp,51,0.004679440984363112
nonlinear,1212,bp,52,0.0045599654137706775
nonlinear,1212,bp,53,0.004600349081850674
nonlinear,1212,bp,54,0.004414910239703633
nonlinear,1212,bp,55,0.004602365069460632
nonlinear,1212,bp,56,0.004320910360193296
nonlinear,1212,bp,57,0.0042887509839001255
nonlinear,1212,bp,58,0.004193111344202686
nonlinear,1212,bp,59,0.004260580646563081
nonlinear,1212,bp,60,0.004026815586115252
nonlinear,1213,bp,1,0.20465014672564988
nonlinear,1213,bp,2,0.12147091841831574
nonlinear,1213,bp,3,0.08157729837018532
nonlinear,1213,bp,4,0.060484644845469636
nonlinear,1213,bp,5,0.04823616856813052
nonlinear,1213,bp,6,0.040600926153453336
nonlinear,1213,bp,7,0.035569518450530184
nonlinear,1213,bp,8,0.03202035219429932
nonlinear,1213,bp,9,0.028882166799271292
nonlinear,1213,bp,10,0.026467393062934285
nonlinear,1213,bp,11,0.024301241641430174
nonlinear,1213,bp,12,0.022771799818427835
nonlinear,1213,bp,13,0.02118338949471858
nonlinear,1213,bp,14,0.020020495507196596
nonlinear,1213,bp,15,0.018877911598609246
nonlinear,1213,bp,16,0.0180693585789831
nonlinear,1213,bp,17,0.01718307608394638
nonlinear,1213,bp,18,0.016308833943598337
nonlinear,1213,bp,19,0.015716736026063386
nonlinear,1213,bp,20,0.014985693925472538
nonlinear,1213,bp,21,0.014562743393444827
nonlinear,1213,bp,22,0.014088942974245794
nonlinear,1213,bp,23,0.013458558125183045
nonlinear,1213,bp,24,0.013114986157345528
nonlinear,1213,bp,25,0.012667977219425522
nonlinear,1213,bp,26,0.012262914880400058
nonlinear,1213,bp,27,0.011972096798772217
nonlinear,1213,bp,28,0.01158297541175636
nonlinear,1213,bp,29,0.011345494434133213
nonlinear,1213,bp,30,0.010921330427466243
nonlinear,1213,bp,31,0.010649516163858
nonlinear,1213,bp,32,0.010440952493507336
nonlinear,1213,bp,33,0.010258315981658227
nonlinear,1213,bp,34,0.009825490922485865
nonlinear,1213,bp,35,0.00967916356949139
nonlinear,1213,bp,36,0.009509230325637207
nonlinear,1213,bp,37,0.009194754812702018
nonlinear,1213,bp,38,0.008984664738727667
nonlinear,1213,bp,39,0.008749546768293719
nonlinear,1213,bp,40,0.00857058680506319
nonlinear,1213,bp,41,0.008182382904706477
nonlinear,1213,bp,42,0.007869168186246882
nonlinear,1213,bp,43,0.007878139577301244
nonlinear,1213,bp,44,0.007458001295217384
nonlinear,1213,bp,45,0.007281856255352752
nonlinear,1213,bp,46,0.006994088058593334
nonlinear,1213,bp,47,0.006929090466855858
nonlinear,1213,bp,48,0.006821509340688631
nonlinear,1213,bp,49,0.0069470853409664066
nonlinear,1213,bp,50,0.0065784810068174005
nonlinear,1213,bp,51,0.0064560018597291996
nonlinear,1213,bp,52,0.006454723702906913
nonlinear,1213,bp,53,0.006432521431047441
nonlinear,1213,bp,54,0.006348595984285222
nonlinear,1213,bp,55,0.006362530718861723
nonlinear,1213,bp,56,0.006158377763731216
nonlinear,1213,bp,57,0.005989957327766945
nonlinear,1213,bp,58,0.006048867213801219
nonlinear,1213,bp,59,0.005806415259861993
nonlinear,1213,bp,60,0.006131948590384778
nonlinear,1214,bp,1,0.17113818890404145
nonlinear,1214,bp,2,0.10143771455377242
nonlinear,1214,bp,3,0.06846179959507334
nonlinear,1214,bp,4,0.052737075582156075
nonlinear,1214,bp,5,0.0434999101407072
nonlinear,1214,bp,6,0.03747046686702067
nonlinear,1214,bp,7,0.03319963328684767
nonlinear,1214,bp,8,0.029794137740223076
nonlinear,1214,bp,9,0.027292611730214588
nonlinear,1214,bp,10,0.024860238519871417
nonlinear,1214,bp,11,0.022995464966336792
nonlinear,1214,bp,12,0.021304867014639284
nonlinear,1214,bp,13,0.019952221181113033
nonlinear,1214,bp,14,0.018482406223592762
nonlinear,1214,bp,15,0.01716186886262738
nonlinear,1214,bp,16,0.01585108813063685
nonlinear,1214,bp,17,0.014598263833511073
nonlinear,1214,bp,18,0.013336417689508018
nonlinear,1214,bp,19,0.011976284038995122
nonlinear,1214,bp,20,0.010862894654100702
nonlinear,1214,bp,21,0.009928083660959968
nonlinear,1214,bp,22,0.00898134541053167
nonlinear,1214,bp,23,0.008391440038382434
nonlinear,1214,bp,24,0.007771925784945268
nonlinear,1214,bp,25,0.007327769302787668
nonlinear,1214,bp,26,0.007019877571599087
nonlinear,1214,bp,27,0.00656621252816558
nonlinear,1214,bp,28,0.006247507740261109
nonlinear,1214,bp,29,0.005942122435608311
nonlinear,1214,bp,30,0.005753902892757376
nonlinear,1214,bp,31,0.005461915465474971
nonlinear,1214,bp,32,0.005302739510848131
nonlinear,1214,bp,33,0.005016017518116699
nonlinear,1214,bp,34,0.004889840435806366
nonlinear,1214,bp,35,0.004650342132888382
nonlinear,1214,bp,36,0.004563698453112462
nonlinear,1214,bp,37,0.004457972872497116
nonlinear,1214,bp,38,0.004219845352754315
nonlinear,1214,bp,39,0.0041628612351345086
nonlinear,1214,bp,40,0.004068959835299295
nonlinear,1214,bp,41,0.003844111980460295
nonlinear,1214,bp,42,0.0037924912822853833
nonlinear,1214,bp,43,0.0036659236180559586
nonlinear,1214,bp,44,0.003610218551786275
nonlinear,1214,bp,45,0.003592081437027056
nonlinear,1214,bp,46,0.00342499649095099
nonlinear,1214,bp,47,0.0034192716250461626
nonlinear,1214,bp,48,0.003284078029685698
nonlinear,1214,bp,49,0.003239921470922691
nonlinear,1214,bp,50,0.0031929209189475727
nonlinear,1214,bp,51,0.003160458187406776
nonlinear,1214,bp,52,0.0031213268693548353
nonlinear,1214,bp,53,0.0029803623172568686
nonlinear,1214,bp,54,0.00295106824375679
nonlinear,1214,bp,55,0.0029323906320456263
nonlinear,1214,bp,56,0.0028404393870665235
nonlinear,1214,bp,57,0.002803195856768569
nonlinear,1214,bp,58,0.002774851893993572
nonlinear,1214,bp,59,0.002690872622550036
nonlinear,1214,bp,60,0.0026371870672614664
nonlinear,1215,bp,1,0.20566504695343954
nonlinear,1215,bp,2,0.13031676722389263
nonlinear,1215,bp,3,0.09241930603912452
nonlinear,1215,bp,4,0.07082230047477958
nonlinear,1215,bp,5,0.05774957877555873
nonlinear,1215,bp,6,0.0480457212406733
nonlinear,1215,bp,7,0.041389582720047724
nonlinear,1215,bp,8,0.03653246542618844
nonlinear,1215,bp,9,0.032641724004421675
nonlinear,1215,bp,10,0.029480860173443812
nonlinear,1215,bp,11,0.026538735398037114
nonlinear,1215,bp,12,0.02407218343683143
nonlinear,1215,bp,13,0.021790435155527862
nonlinear,1215,bp,14,0.019900717896946838
nonlinear,1215,bp,15,0.01857123578026165
nonlinear,1215,bp,16,0.017428901403018848
nonlinear,1215,bp,17,0.016423382582689956
nonlinear,1215,bp,18,0.015522185671380037
nonlinear,1215,bp,19,0.014822931000423402
nonlinear,1215,bp,20,0.013959997482416704
nonlinear,1215,bp,21,0.013401554951489474
nonlinear,1215,bp,22,0.012784249808249938
nonlinear,1215,bp,23,0.012219301252576392
nonlinear,1215,bp,24,0.01167693439806212
nonlinear,1215,bp,25,0.011321846675369458
nonlinear,1215,bp,26,0.010721945715617326
nonlinear,1215,bp,27,0.01031012571330918
nonlinear,1215,bp,28,0.009774058833792114
nonlinear,1215,bp,29,0.009529001090255363
nonlinear,1215,bp,30,0.00916414712547718
nonlinear,1215,bp,31,0.008796407282137665
nonlinear,1215,bp,32,0.008465240991120606
nonlinear,1215,bp,33,0.008322112927312239
nonlinear,1215,bp,34,0.00805857333623323
nonlinear,1215,bp,35,0.007755217041880878
nonlinear,1215,bp,36,0.0077296991079280316
nonlinear,1215,bp,37,0.007469228544087737
nonlinear,1215,bp,38,0.0072751453191665745
nonlinear,1215,bp,39,0.007082950495519648
nonlinear,1215,bp,40,0.00691719563941105
nonlinear,1215,bp,41,0.006799952728029853
nonlinear,1215,bp,42,0.0066751136081464185
nonlinear,1215,bp,43,0.006427848192617839
nonlinear,1215,bp,44,0.006354332136905334
nonlinear,1215,bp,45,0.006174940202494712
nonlinear,1215,bp,46,0.006022366831286523
nonlinear,1215,bp,47,0.005990357464220465
nonlinear,1215,bp,48,0.005774418616968039
nonlinear,1215,bp,49,0.005657284247333611
nonlinear,1215,bp,50,0.0056036517086878665
nonlinear,1215,bp,51,0.005485247443024155
nonlinear,1215,bp,52,0.005450556112947227
nonlinear,1215,bp,53,0.0052505423254917685
nonlinear,1215,bp,54,0.00518750339749677
nonlinear,1215,bp,55,0.005242157912172192
nonlinear,1215,bp,56,0.005012902177228214
nonlinear,1215,bp,57,0.004878573515569591
nonlinear,1215,bp,58,0.004927791511169557
nonlinear,1215,bp,59,0.004664768211050537
nonlinear,1215,bp,60,0.004640336338840006
nonlinear,1216,bp,1,0.1729232042281017
nonlinear,1216,bp,2,0.10553149400039442
nonlinear,1216,bp,3,0.0748829537571629
nonlinear,1216,bp,4,0.056531764601122435
nonlinear,1216,bp,5,0.045848524076197945
nonlinear,1216,bp,6,0.038970260448484395
nonlinear,1216,bp,7,0.03384105537786999
nonlinear,1216,bp,8,0.029947675080923514
nonlinear,1216,bp,9,0.02664078592345669
nonlinear,1216,bp,10,0.023873113645270696
nonlinear,1216,bp,11,0.02169216816902399
nonlinear,1216,bp,12,0.019879672776843157
nonlinear,1216,bp,13,0.01860208106800037
nonlinear,1216,bp,14,0.017382622445784496
nonlinear,1216,bp,15,0.016300424521965357
nonlinear,1216,bp,16,0.01549249657867247
nonlinear,1216,bp,17,0.014661540510905175
nonlinear,1216,bp,18,0.013954874375156773
nonlinear,1216,bp,19,0.013266426496165712
nonlinear,1216,bp,20,0.012738703449981714
nonlinear,1216,bp,21,0.012473154435148051
nonlinear,1216,bp,22,0.011787816950586534
nonlinear,1216,bp,23,0.011453130975917014
nonlinear,1216,bp,24,0.010847301459046855
nonlinear,1216,bp,25,0.010709114005088768
nonlinear,1216,bp,26,0.0102980727326901
nonlinear,1216,bp,27,0.00997837002288498
nonlinear,1216,bp,28,0.009507222893037072
nonlinear,1216,bp,29,0.009740830973148025
nonlinear,1216,bp,30,0.009161646561912007
nonlinear,1216,bp,31,0.00882435646249042
nonlinear,1216,bp,32,0.008703130525035295
nonlinear,1216,bp,33,0.008465789001366924
nonlinear,1216,bp,34,0.008204676421098374
nonlinear,1216,bp,35,0.008052777018902115
nonlinear,1216,bp,36,0.007829434171593713
nonlinear,1216,bp,37,0.007851347299250746
nonlinear,1216,bp,38,0.007494374437137743
nonlinear,1216,bp,39,0.007149305843696253
nonlinear,1216,bp,40,0.007087159120379618
nonlinear,1216,bp,41,0.006897156399091682
nonlinear,1216,bp,42,0.006739215491357679
nonlinear,1216,bp,43,0.006986218259159839
nonlinear,1216,bp,44,0.0065690923698907165
nonlinear,1216,bp,45,0.0065087159596619705
nonlinear,1216,bp,46,0.006337288283261722
nonlinear,1216,bp,47,0.006033199132337423
nonlinear,1216,bp,48,0.0059658802080607325
nonlinear,1216,bp,49,0.005896231909771714
nonlinear,1216,bp,50,0.0057230371043286475
nonlinear,1216,bp,51,0.005684608561220952
nonlinear,1216,bp,52,0.005536540318165982
nonlinear,1216,bp,53,0.005287815424406137
nonlinear,1216,bp,54,0.0051792297527596155
nonlinear,1216,bp,55,0.005228597287676647
nonlinear,1216,bp,56,0.005209422696842873
nonlinear,1216,bp,57,0.005064683728275483
nonlinear,1216,bp,58,0.00499269780364554
nonlinear,1216,bp,59,0.004907095385673716
nonlinear,1216,bp,60,0.004848728425255509
nonlinear,1217,bp,1,0.18616493094281114
nonlinear,1217,bp,2,0.12755302564251877
nonlinear,1217,bp,3,0.08844173709903069
nonlinear,1217,bp,4,0.06634253322379245
nonlinear,1217,bp,5,0.05209481239039188
nonlinear,1217,bp,6,0.04305619345841528
nonlinear,1217,bp,7,0.037052710179755914
nonlinear,1217,bp,8,0.03321255695933357
nonlinear,1217,bp,9,0.030093574657352493
nonlinear,1217,bp,10,0.02718079802413781
nonlinear,1217,bp,11,0.024930689636362264
nonlinear,1217,bp,12,0.022954974392304314
nonlinear,1217,bp,13,0.021250499672802407
nonlinear,1217,bp,14,0.020049980772747694
nonlinear,1217,bp,15,0.01885666744111821
nonlinear,1217,bp,16,0.01780952286620706
nonlinear,1217,bp,17,0.01713940348878706
nonlinear,1217,bp,18,0.0162109468002365
nonlinear,1217,bp,19,0.015578482284294962
nonlinear,1217,bp,20,0.014989430060914419
nonlinear,1217,bp,21,0.014645308647977022
nonlinear,1217,bp,22,0.013754692431570258
nonlinear,1217,bp,23,0.013407538644883211
nonlinear,1217,bp,24,0.012775713732402952
nonlinear,1217,bp,25,0.012588422757066295
nonlinear,1217,bp,26,0.01202161275004107
nonlinear,1217,bp,27,0.011706706935859323
nonlinear,1217,bp,28,0.011332046464276086
nonlinear,1217,bp,29,0.01086129321837033
nonlinear,1217,bp,30,0.010592273573733768
nonlinear,1217,bp,31,0.01008936020723287
nonlinear,1217,bp,32,0.009997846078920564
nonlinear,1217,bp,33,0.00965155063298199
nonlinear,1217,bp,34,0.009426195175114236
nonlinear,1217,bp,35,0.009035763046090916
nonlinear,1217,bp,36,0.008879612686392573
nonlinear,1217,bp,37,0.00864273831009822
nonlinear,1217,bp,38,0.008552746492983127
nonlinear,1217,bp,39,0.008221196332922719
nonlinear,1217,bp,40,0.00861309379487795
nonlinear,1217,bp,41,0.00815213469990663
nonlinear,1217,bp,42,0.00782745073185351
nonlinear,1217,bp,43,0.007655239693044641
nonlinear,1217,bp,44,0.007668590682020558
nonlinear,1217,bp,45,0.0074506063637110554
nonlinear,1217,bp,46,0.007232673321555548
nonlinear,1217,bp,47,0.007559195531101456
nonlinear,1217,bp,48,0.007099500574476153
nonlinear,1217,bp,49,0.007063669891118254
nonlinear,1217,bp,50,0.006920441177083267
nonlinear,1217,bp,51,0.006769621652322433
nonlinear,1217,bp,52,0.006857725847792511
nonlinear,1217,bp,53,0.006619129747636641
nonlinear,1217,bp,54,0.006601478687365048
nonlinear,1217,bp,55,0.006436460888681263
nonlinear,1217,bp,56,0.006618234936301017
nonlinear,1217,bp,57,0.006245562343134849
nonlinear,1217,bp,58,0.006341137343696362
nonlinear,1217,bp,59,0.0062496371066718065
nonlinear,1217,bp,60,0.006208770683404834
nonlinear,1218,bp,1,0.1940789369559874
nonlinear,1218,bp,2,0.12076833930250609
nonlinear,1218,bp,3,0.08596232792635826
nonlinear,1218,bp,4,0.06598727505563849
nonlinear,1218,bp,5,0.05360032025888928
nonlinear,1218,bp,6,0.04579308342569679
nonlinear,1218,bp,7,0.04044462746110791
nonlinear,1218,bp,8,0.03601267492521015
nonlinear,1218,bp,9,0.032795951536152605
nonlinear,1218,bp,10,0.030276369635329245
nonlinear,1218,bp,11,0.02833700789421259
nonlinear,1218,bp,12,0.026748424482424347
nonlinear,1218,bp,13,0.02513047420225988
nonlinear,1218,bp,14,0.023902852723155316
nonlinear,1218,bp,15,0.022651678973703307
nonlinear,1218,bp,16,0.021755296609108934
nonlinear,1218,bp,17,0.02065915606773277
nonlinear,1218,bp,18,0.019773142858070913
nonlinear,1218,bp,19,0.01895884441194572
nonlinear,1218,bp,20,0.01838832287952832
nonlinear,1218,bp,21,0.017509781415271732
nonlinear,1218,bp,22,0.016861863317758508
nonlinear,1218,bp,23,0.016287839973685072
nonlinear,1218,bp,24,0.01562524439146006
nonlinear,1218,bp,25,0.015128373118850964
nonlinear,1218,bp,26,0.014882599732727911
nonlinear,1218,bp,27,0.014162045510390804
nonlinear,1218,bp,28,0.013869929790856605
nonlinear,1218,bp,29,0.013372014985397045
nonlinear,1218,bp,30,0.013024069316837502
nonlinear,1218,bp,31,0.012696050596024668
nonlinear,1218,bp,32,0.012353161299018652
nonlinear,1218,bp,33,0.012006670936491508
nonlinear,1218,bp,34,0.01175609756874195
nonlinear,1218,bp,35,0.011458759943719638
nonlinear,1218,bp,36,0.011223708520905066
nonlinear,1218,bp,37,0.010770841811351392
nonlinear,1218,bp,38,0.010721281108935568
nonlinear,1218,bp,39,0.01022561840841841
nonlinear,1218,bp,40,0.01012214247788906
nonlinear,1218,bp,41,0.009974181728276082
nonlinear,1218,bp,42,0.009649140982454554
nonlinear,1218,bp,43,0.009477203841059623
nonlinear,1218,bp,44,0.00949405699922969
nonlinear,1218,bp,45,0.00924885072315316
nonlinear,1218,bp,46,0.008873829355934773
nonlinear,1218,bp,47,0.008789770957848216
nonlinear,1218,bp,48,0.008478966628875033
nonlinear,1218,bp,49,0.008407649893997596
nonlinear,1218,bp,50,0.008148148269073709
nonlinear,1218,bp,51,0.008181692642410861
nonlinear,1218,bp,52,0.007963427793385608
nonlinear,1218,bp,53,0.007767926772882859
nonlinear,1218,bp,54,0.007746307783657916
nonlinear,1218,bp,55,0.007533019910077712
nonlinear,1218,bp,56,0.007474583661241263
nonlinear,1218,bp,57,0.0075174547135022154
nonlinear,1218,bp,58,0.007171492925663472
nonlinear,1218,bp,59,0.00713159830438033
nonlinear,1218,bp,60,0.007145685578767121
nonlinear,1219,bp,1,0.16435571162776552
nonlinear,1219,bp,2,0.09700067098646208
nonlinear,1219,bp,3,0.06887520022221177
nonlinear,1219,bp,4,0.05210444349091605
nonlinear,1219,bp,5,0.04358708940588918
nonlinear,1219,bp,6,0.03823648314872816
nonlinear,1219,bp,7,0.03416980460465464
nonlinear,1219,bp,8,0.03133128360950522
nonlinear,1219,bp,9,0.02865699450820024
nonlinear,1219,bp,10,0.026396033659849622
nonlinear,1219,bp,11,0.024535578628303426
nonlinear,1219,bp,12,0.023132562754689
nonlinear,1219,bp,13,0.021680937676279235
nonlinear,1219,bp,14,0.020373027248391844
nonlinear,1219,bp,15,0.019620701440989232
nonlinear,1219,bp,16,0.01857406887709213
nonlinear,1219,bp,17,0.01772292579250193
nonlinear,1219,bp,18,0.017083139278686224
nonlinear,1219,bp,19,0.016336182742642397
nonlinear,1219,bp,20,0.015822938411398545
nonlinear,1219,bp,21,0.01517722702859188
nonlinear,1219,bp,22,0.014676562185378758
nonlinear,1219,bp,23,0.01424298502192099
nonlinear,1219,bp,24,0.01386320259217072
nonlinear,1219,bp,25,0.013722398020993168
nonlinear,1219,bp,26,0.012978638814217276
nonlinear,1219,bp,27,0.012697685235291472
nonlinear,1219,bp,28,0.01250898652653216
nonlinear,1219,bp,29,0.012023566398118407
nonlinear,1219,bp,30,0.011922478184520252
nonlinear,1219,bp,31,0.011407449899102204
nonlinear,1219,bp,32,0.011659118132990304
nonlinear,1219,bp,33,0.011190793984650999
nonlinear,1219,bp,34,0.01104815729106455
nonlinear,1219,bp,35,0.01078562371868127
nonlinear,1219,bp,36,0.010642007340123697
nonlinear,1219,bp,37,0.010345975366121075
nonlinear,1219,bp,38,0.010146102984734126
nonlinear,1219,bp,39,0.010026578393806959
nonlinear,1219,bp,40,0.009876169285072437
nonlinear,1219,bp,41,0.009746142785084082
nonlinear,1219,bp,42,0.00963032007103844
nonlinear,1219,bp,43,0.009425597285182873
nonlinear,1219,bp,44,0.009252993207902084
nonlinear,1219,bp,45,0.009103175340214036
nonlinear,1219,bp,46,0.008853384740391079
nonlinear,1219,bp,47,0.008836679722285688
nonlinear,1219,bp,48,0.008487889867454478
nonlinear,1219,bp,49,0.008435870021037253
nonlinear,1219,bp,50,0.008180415250077436
nonlinear,1219,bp,51,0.008045132371974765
nonlinear,1219,bp,52,0.007836852699463139
nonlinear,1219,bp,53,0.0078030172884565804
nonlinear,1219,bp,54,0.0076159110765264305
nonlinear,1219,bp,55,0.007616692749278647
nonlinear,1219,bp,56,0.007401340733424875
nonlinear,1219,bp,57,0.007252554121508415
nonlinear,1219,bp,58,0.007296788501098785
nonlinear,1219,bp,59,0.007105231814647123
nonlinear,1219,bp,60,0.006863285265539777
nonlinear,1200,pc,1,0.2860911478023105
nonlinear,1200,pc,2,0.19412444853492997
nonlinear,1200,pc,3,0.14065152625461497
nonlinear,1200,pc,4,0.10721976670336753
nonlinear,1200,pc,5,0.08395784326216778
nonlinear,1200,pc,6,0.06750521517559589
nonlinear,1200,pc,7,0.05605072310916779
nonlinear,1200,pc,8,0.04782411399248257
nonlinear,1200,pc,9,0.041688574167228064
nonlinear,1200,pc,10,0.03730312601817595
nonlinear,1200,pc,11,0.03392756787887619
nonlinear,1200,pc,12,0.030980656684601714
nonlinear,1200,pc,13,0.02851269669092867
nonlinear,1200,pc,14,0.026340415886838733
nonlinear,1200,pc,15,0.024713556847865494
nonlinear,1200,pc,16,0.02324143203536633
nonlinear,1200,pc,17,0.0219915439840502
nonlinear,1200,pc,18,0.020742324659257783
nonlinear,1200,pc,19,0.019918538936932045
nonlinear,1200,pc,20,0.0189114521284074
nonlinear,1200,pc,21,0.018108468457039617
nonlinear,1200,pc,22,0.017355827272825083
nonlinear,1200,pc,23,0.016760839874116803
nonlinear,1200,pc,24,0.016031177607962094
nonlinear,1200,pc,25,0.015478928325833535
nonlinear,1200,pc,26,0.014970722027044947
nonlinear,1200,pc,27,0.014406431816376915
nonlinear,1200,pc,28,0.013997262444021509
nonlinear,1200,pc,29,0.013557991814830632
nonlinear,1200,pc,30,0.013101589150118264
nonlinear,1200,pc,31,0.012817506038576338
nonlinear,1200,pc,32,0.012401260553794492
nonlinear,1200,pc,33,0.011989613781961986
nonlinear,1200,pc,34,0.011741882237364705
nonlinear,1200,pc,35,0.01143429118846548
nonlinear,1200,pc,36,0.011172516178869848
nonlinear,1200,pc,37,0.01085537088926949
nonlinear,1200,pc,38,0.010645090210667153
nonlinear,1200,pc,39,0.010443521326745963
nonlinear,1200,pc,40,0.010173473986471933
nonlinear,1200,pc,41,0.010035398082183537
nonlinear,1200,pc,42,0.009814693883888115
nonlinear,1200,pc,43,0.009641915389426431
nonlinear,1200,pc,44,0.009398446168188385
nonlinear,1200,pc,45,0.009269912300486833
nonlinear,1200,pc,46,0.009091887956391655
nonlinear,1200,pc,47,0.008951343604024492
nonlinear,1200,pc,48,0.008795991033431105
nonlinear,1200,pc,49,0.008581535572814677
nonlinear,1200,pc,50,0.00850011771956547
nonlinear,1200,pc,51,0.008380988131088021
nonlinear,1200,pc,52,0.008298524543593639
nonlinear,1200,pc,53,0.008152889974035392
nonlinear,1200,pc,54,0.008012970384355889
nonlinear,1200,pc,55,0.007930307248599036
nonlinear,1200,pc,56,0.007734916790504626
nonlinear,1200,pc,57,0.007678608961926794
nonlinear,1200,pc,58,0.00760249080250177
nonlinear,1200,pc,59,0.00746393032159139
nonlinear,1200,pc,60,0.007395852115195109
nonlinear,1201,pc,1,0.26315379676825296
nonlinear,1201,pc,2,0.1776302631900347
nonlinear,1201,pc,3,0.13010170465411586
nonlinear,1201,pc,4,0.10222254709967353
nonlinear,1201,pc,5,0.0825185049420572
nonlinear,1201,pc,6,0.06850549313123391
nonlinear,1201,pc,7,0.058586677925133064
nonlinear,1201,pc,8,0.05130080977286953
nonlinear,1201,pc,9,0.04586829624931075
nonlinear,1201,pc,10,0.04161896714070539
nonlinear,1201,pc,11,0.03864420696312543
nonlinear,1201,pc,12,0.035895131618178165
nonlinear,1201,pc,13,0.03344056653985162
nonlinear,1201,pc,14,0.03182000231880641
nonlinear,1201,pc,15,0.030406687334963083
nonlinear,1201,pc,16,0.02915337921751104
nonlinear,1201,pc,17,0.02794721213208796
nonlinear,1201,pc,18,0.027095465065583496
nonlinear,1201,pc,19,0.026209883718738818
nonlinear,1201,pc,20,0.025261218229637224
nonlinear,1201,pc,21,0.02461983914591583
nonlinear,1201,pc,22,0.02388316901697955
nonlinear,1201,pc,23,0.023299431465465408
nonlinear,1201,pc,24,0.022809986325705193
nonlinear,1201,pc,25,0.022081987505233557
nonlinear,1201,pc,26,0.02190836293001658
nonlinear,1201,pc,27,0.021144092731081466
nonlinear,1201,pc,28,0.02077673145597705
nonlinear,1201,pc,29,0.020323903422962097
nonlinear,1201,pc,30,0.01980305138679436
nonlinear,1201,pc,31,0.019431580018250322
nonlinear,1201,pc,32,0.019147743318685597
nonlinear,1201,pc,33,0.018686618080429433
nonlinear,1201,pc,34,0.018338447625919654
nonlinear,1201,pc,35,0.018028423476451755
nonlinear,1201,pc,36,0.017692741360758973
nonlinear,1201,pc,37,0.017531051878289614
nonlinear,1201,pc,38,0.01708979532943435
nonlinear,1201,pc,39,0.01674339982485236
nonlinear,1201,pc,40,0.01657151656415397
nonlinear,1201,pc,41,0.016298496823950546
nonlinear,1201,pc,42,0.016118779909127447
nonlinear,1201,pc,43,0.015831122368596063
nonlinear,1201,pc,44,0.015642104890628054
nonlinear,1201,pc,45,0.015437541800550939
nonlinear,1201,pc,46,0.01517234814012497
nonlinear,1201,pc,47,0.015089311767426066
nonlinear,1201,pc,48,0.014821808278159711
nonlinear,1201,pc,49,0.014727365701741135
nonlinear,1201,pc,50,0.014475469201226304
nonlinear,1201,pc,51,0.014343885106958795
nonlinear,1201,pc,52,0.014165344670669442
nonlinear,1201,pc,53,0.014096861400633806
nonlinear,1201,pc,54,0.013696289964844496
nonlinear,1201,pc,55,0.013745864698624405
nonlinear,1201,pc,56,0.013574572302389723
nonlinear,1201,pc,57,0.013334062979992402
nonlinear,1201,pc,58,0.013300685995215333
nonlinear,1201,pc,59,0.013277368570161159
nonlinear,1201,pc,60,0.01309779486488065
nonlinear,1202,pc,1,0.27326236796394354
nonlinear,1202,pc,2,0.18395589372015553
nonlinear,1202,pc,3,0.1330504484711396
nonlinear,1202,pc,4,0.10275991209281558
nonlinear,1202,pc,5,0.08308046204873103
nonlinear,1202,pc,6,0.07059761779822486
nonlinear,1202,pc,7,0.06116243146412894
nonlinear,1202,pc,8,0.05479677421192791
nonlinear,1202,pc,9,0.050058025260647364
nonlinear,1202,pc,10,0.04647814436571942
nonlinear,1202,pc,11,0.04395367716722093
nonlinear,1202,pc,12,0.041792655001298064
nonlinear,1202,pc,13,0.03931892844481167
nonlinear,1202,pc,14,0.03808664458780939
nonlinear,1202,pc,15,0.03597869868926531
nonlinear,1202,pc,16,0.03469568576428884
nonlinear,1202,pc,17,0.03337359844456929
nonlinear,1202,pc,18,0.03199328529565314
nonlinear,1202,pc,19,0.03116360430690701
nonlinear,1202,pc,20,0.03019162202907123
nonlinear,1202,pc,21,0.02910786042650666
nonlinear,1202,pc,22,0.02835676623403294
nonlinear,1202,pc,23,0.02747541952177941
nonlinear,1202,pc,24,0.02701314256699916
nonlinear,1202,pc,25,0.025885462961093304
nonlinear,1202,pc,26,0.025451074095921945
nonlinear,1202,pc,27,0.02496765482933304
nonlinear,1202,pc,28,0.024042906865428513
nonlinear,1202,pc,29,0.023556497085088276
nonlinear,1202,pc,30,0.02292361059299759
nonlinear,1202,pc,31,0.022476878658192034
nonlinear,1202,pc,32,0.021957445100618558
nonlinear,1202,pc,33,0.021447846360291137
nonlinear,1202,pc,34,0.020984001783987627
nonlinear,1202,pc,35,0.02063926691342727
nonlinear,1202,pc,36,0.02006163392220374
nonlinear,1202,pc,37,0.019877664351760794
nonlinear,1202,pc,38,0.019409637670947902
nonlinear,1202,pc,39,0.019097042919638107
nonlinear,1202,pc,40,0.018925467159887813
nonlinear,1202,pc,41,0.01867602275822779
nonlinear,1202,pc,42,0.01847755940056088
nonlinear,1202,pc,43,0.017997933747384075
nonlinear,1202,pc,44,0.01789563960716623
nonlinear,1202,pc,45,0.017503392583246503
nonlinear,1202,pc,46,0.017352016394906012
nonlinear,1202,pc,47,0.01735593322803225
nonlinear,1202,pc,48,0.017108849353909574
nonlinear,1202,pc,49,0.016891505952842816
nonlinear,1202,pc,50,0.016840088950727816
nonlinear,1202,pc,51,0.016709499493593905
nonlinear,1202,pc,52,0.01646178495991835
nonlinear,1202,pc,53,0.01647608221385956
nonlinear,1202,pc,54,0.016305041861859094
nonlinear,1202,pc,55,0.016208188731081787
nonlinear,1202,pc,56,0.01607613323809274
nonlinear,1202,pc,57,0.01615568478116091
nonlinear,1202,pc,58,0.015957032747437608
nonlinear,1202,pc,59,0.015666962738944648
nonlinear,1202,pc,60,0.016041488191639322
nonlinear,1203,pc,1,0.2368326873758888
nonlinear,1203,pc,2,0.16781566935583822
nonlinear,1203,pc,3,0.12942199692548978
nonlinear,1203,pc,4,0.1046399954557231
nonlinear,1203,pc,5,0.08758794879660775
nonlinear,1203,pc,6,0.07501918660067715
nonlinear,1203,pc,7,0.06453610743132702
nonlinear,1203,pc,8,0.056181716851382575
nonlinear,1203,pc,9,0.049918043016634106
nonlinear,1203,pc,10,0.044664999986875654
nonlinear,1203,pc,11,0.04083585305933494
nonlinear,1203,pc,12,0.03767408239130887
nonlinear,1203,pc,13,0.03539314584039336
nonlinear,1203,pc,14,0.0333999726042992
nonlinear,1203,pc,15,0.03178652845297442
nonlinear,1203,pc,16,0.030175249951689936
nonlinear,1203,pc,17,0.02887756229773265
nonlinear,1203,pc,18,0.027894468043191855
nonlinear,1203,pc,19,0.02666525487357367
nonlinear,1203,pc,20,0.02569931234098269
nonlinear,1203,pc,21,0.024877925078523818
nonlinear,1203,pc,22,0.023843302231787784
nonlinear,1203,pc,23,0.023469831475121262
nonlinear,1203,pc,24,0.022652516013493485
nonlinear,1203,pc,25,0.022061199027747117
nonlinear,1203,pc,26,0.021755845576896842
nonlinear,1203,pc,27,0.021229006617162125
nonlinear,1203,pc,28,0.020725348539549625
nonlinear,1203,pc,29,0.02020758546788733
nonlinear,1203,pc,30,0.019964781797654874
nonlinear,1203,pc,31,0.0196407836994175
nonlinear,1203,pc,32,0.01912538724971889
nonlinear,1203,pc,33,0.01875896176202468
nonlinear,1203,pc,34,0.0183556734133231
nonlinear,1203,pc,35,0.01801744692413094
nonlinear,1203,pc,36,0.017909524567157723
nonlinear,1203,pc,37,0.017376582679313145
nonlinear,1203,pc,38,0.017214612291069742
nonlinear,1203,pc,39,0.016803818819918197
nonlinear,1203,pc,40,0.016534698220100747
nonlinear,1203,pc,41,0.01635163339648317
nonlinear,1203,pc,42,0.016003416801334217
nonlinear,1203,pc,43,0.015658431870256468
nonlinear,1203,pc,44,0.015589942624481207
nonlinear,1203,pc,45,0.015282810600164301
nonlinear,1203,pc,46,0.015060179684457333
nonlinear,1203,pc,47,0.014855234175891954
nonlinear,1203,pc,48,0.014743940664809815
nonlinear,1203,pc,49,0.014465339175866739
nonlinear,1203,pc,50,0.014241586408253926
nonlinear,1203,pc,51,0.014116602851531766
nonlinear,1203,pc,52,0.013980762608709734
nonlinear,1203,pc,53,0.013755727429042524
nonlinear,1203,pc,54,0.013715141982174689
nonlinear,1203,pc,55,0.013398960758510811
nonlinear,1203,pc,56,0.013435222236739203
nonlinear,1203,pc,57,0.013197646211502633
nonlinear,1203,pc,58,0.012988322418164768
nonlinear,1203,pc,59,0.012860458335227212
nonlinear,1203,pc,60,0.012945094025162522
nonlinear,1204,pc,1,0.20798479029090386
nonlinear,1204,pc,2,0.1359920327465728
nonlinear,1204,pc,3,0.0995220159796553
nonlinear,1204,pc,4,0.07745283586429401
nonlinear,1204,pc,5,0.062391483032834316
nonlinear,1204,pc,6,0.05302369044239924
nonlinear,1204,pc,7,0.04682002319409908
nonlinear,1204,pc,8,0.041780504478734076
nonlinear,1204,pc,9,0.03800342555837069
nonlinear,1204,pc,10,0.035029044009525834
nonlinear,1204,pc,11,0.03247252896769214
nonlinear,1204,pc,12,0.03046057439945195
nonlinear,1204,pc,13,0.02913293561616753
nonlinear,1204,pc,14,0.02756586599030658
nonlinear,1204,pc,15,0.02649733757404833
nonlinear,1204,pc,16,0.025520153864464285
nonlinear,1204,pc,17,0.024526496721351324
nonlinear,1204,pc,18,0.02385299267618146
nonlinear,1204,pc,19,0.023156984783158294
nonlinear,1204,pc,20,0.022196484698640478
nonlinear,1204,pc,21,0.02166468334311274
nonlinear,1204,pc,22,0.021029902864023998
nonlinear,1204,pc,23,0.020607776860973603
nonlinear,1204,pc,24,0.02002328449787934
nonlinear,1204,pc,25,0.019375599595397062
nonlinear,1204,pc,26,0.019073937712142577
nonlinear,1204,pc,27,0.018544471041133638
nonlinear,1204,pc,28,0.018276378915375615
nonlinear,1204,pc,29,0.017707377180635687
nonlinear,1204,pc,30,0.017446109082896708
nonlinear,1204,pc,31,0.017014312255127135
nonlinear,1204,pc,32,0.01668334818542604
nonlinear,1204,pc,33,0.016429609587337444
nonlinear,1204,pc,34,0.015944658886646864
nonlinear,1204,pc,35,0.015537098818559527
nonlinear,1204,pc,36,0.015421140672959549
nonlinear,1204,pc,37,0.015118020878350824
nonlinear,1204,pc,38,0.014803677451444364
nonlinear,1204,pc,39,0.014460057987141084
nonlinear,1204,pc,40,0.01427724609585494
nonlinear,1204,pc,41,0.014100278733482283
nonlinear,1204,pc,42,0.013719737208722188
nonlinear,1204,pc,43,0.01338021521863234
nonlinear,1204,pc,44,0.013461063399975026
nonlinear,1204,pc,45,0.01309788336623056
nonlinear,1204,pc,46,0.01288279422084347
nonlinear,1204,pc,47,0.012821939240224506
nonlinear,1204,pc,48,0.012527299282002491
nonlinear,1204,pc,49,0.012533251070465856
nonlinear,1204,pc,50,0.012163272840874451
nonlinear,1204,pc,51,0.012072393461409864
nonlinear,1204,pc,52,0.011888163165361577
nonlinear,1204,pc,53,0.01181147830989687
nonlinear,1204,pc,54,0.011491635572487459
nonlinear,1204,pc,55,0.011413205038133777
nonlinear,1204,pc,56,0.011293713572811075
nonlinear,1204,pc,57,0.011185350673441305
nonlinear,1204,pc,58,0.01097841554779589
nonlinear,1204,pc,59,0.010837834348258071
nonlinear,1204,pc,60,0.01068602663266456
nonlinear,1205,pc,1,0.24251574755607316
nonlinear,1205,pc,2,0.15893651181673052
nonlinear,1205,pc,3,0.10888131256091793
nonlinear,1205,pc,4,0.0803313621783746
nonlinear,1205,pc,5,0.06215096404798751
nonlinear,1205,pc,6,0.05141520640241382
nonlinear,1205,pc,7,0.044340017135806264
nonlinear,1205,pc,8,0.03905835723221546
nonlinear,1205,pc,9,0.0348351243239369
nonlinear,1205,pc,10,0.03213554010495875
nonlinear,1205,pc,11,0.029955458695279425
nonlinear,1205,pc,12,0.02827231094112569
nonlinear,1205,pc,13,0.02686128645526736
nonlinear,1205,pc,14,0.025836728300278406
nonlinear,1205,pc,15,0.024810259717424968
nonlinear,1205,pc,16,0.023926321875094688
nonlinear,1205,pc,17,0.023281149468191962
nonlinear,1205,pc,18,0.022464261750901316
nonlinear,1205,pc,19,0.021964451549969722
nonlinear,1205,pc,20,0.021429550340103114
nonlinear,1205,pc,21,0.020965256554057496
nonlinear,1205,pc,22,0.020391702040098093
nonlinear,1205,pc,23,0.019986087632750588
nonlinear,1205,pc,24,0.019662219751731106
nonlinear,1205,pc,25,0.019191046907834467
nonlinear,1205,pc,26,0.018897698706921328
nonlinear,1205,pc,27,0.018515496345064397
nonlinear,1205,pc,28,0.01827524226185825
nonlinear,1205,pc,29,0.017960747066769627
nonlinear,1205,pc,30,0.017659750453290518
nonlinear,1205,pc,31,0.01739927889070821
nonlinear,1205,pc,32,0.017294400709116493
nonlinear,1205,pc,33,0.01691751247779057
nonlinear,1205,pc,34,0.016837725482060185
nonlinear,1205,pc,35,0.016579623536807545
nonlinear,1205,pc,36,0.016353227706956765
nonlinear,1205,pc,37,0.01627681529494873
nonlinear,1205,pc,38,0.015929217966454176
nonlinear,1205,pc,39,0.015851431936945094
nonlinear,1205,pc,40,0.015630258853647154
nonlinear,1205,pc,41,0.015479531765212889
nonlinear,1205,pc,42,0.015400971153986405
nonlinear,1205,pc,43,0.01526139598782862
nonlinear,1205,pc,44,0.015149707443385165
nonlinear,1205,pc,45,0.015095928462932237
nonlinear,1205,pc,46,0.015038350909393304
nonlinear,1205,pc,47,0.014793320920194619
nonlinear,1205,pc,48,0.014790449289906554
nonlinear,1205,pc,49,0.014639739639187405
nonlinear,1205,pc,50,0.014563628196430001
nonlinear,1205,pc,51,0.014529105441775922
nonlinear,1205,pc,52,0.01433565721225214
nonlinear,1205,pc,53,0.014418511151960528
nonlinear,1205,pc,54,0.014256145274295967
nonlinear,1205,pc,55,0.014240249739534703
nonlinear,1205,pc,56,0.014160087406131583
nonlinear,1205,pc,57,0.014112027846385532
nonlinear,1205,pc,58,0.013945924078491054
nonlinear,1205,pc,59,0.013830537546170904
nonlinear,1205,pc,60,0.01371302700539953
nonlinear,1206,pc,1,0.3266489002803567
nonlinear,1206,pc,2,0.2195571580807387
nonlinear,1206,pc,3,0.1539280803784921
nonlinear,1206,pc,4,0.11261593622227534
nonlinear,1206,pc,5,0.08811220774747015
nonlinear,1206,pc,6,0.07302753239759202
nonlinear,1206,pc,7,0.0626300391256087
nonlinear,1206,pc,8,0.05501851757622716
nonlinear,1206,pc,9,0.04917452170259153
nonlinear,1206,pc,10,0.044551548585949195
nonlinear,1206,pc,11,0.040868900819380695
nonlinear,1206,pc,12,0.03798454627251699
nonlinear,1206,pc,13,0.035609770389418725
nonlinear,1206,pc,14,0.03398808449310872
nonlinear,1206,pc,15,0.03231431681662336
nonlinear,1206,pc,16,0.030959117762005755
nonlinear,1206,pc,17,0.029748264291610354
nonlinear,1206,pc,18,0.02874937751849733
nonlinear,1206,pc,19,0.027700370950200236
nonlinear,1206,pc,20,0.0269089152548626
nonlinear,1206,pc,21,0.026369118506883765
nonlinear,1206,pc,22,0.025517838182359174
nonlinear,1206,pc,23,0.024835927962193294
nonlinear,1206,pc,24,0.024395915181919404
nonlinear,1206,pc,25,0.023932029007033756
nonlinear,1206,pc,26,0.023457169960418463
nonlinear,1206,pc,27,0.02298370792243365
nonlinear,1206,pc,28,0.022577530785279853
nonlinear,1206,pc,29,0.021994357939962395
nonlinear,1206,pc,30,0.02176710757320594
nonlinear,1206,pc,31,0.02154358065320844
nonlinear,1206,pc,32,0.02108707089777471
nonlinear,1206,pc,33,0.02082904726783388
nonlinear,1206,pc,34,0.020427094664208126
nonlinear,1206,pc,35,0.0200839675921473
nonlinear,1206,pc,36,0.019800933958784576
nonlinear,1206,pc,37,0.01951091124330082
nonlinear,1206,pc,38,0.019296464799608424
nonlinear,1206,pc,39,0.019063729595754603
nonlinear,1206,pc,40,0.01891270115777784
nonlinear,1206,pc,41,0.01840039535629926
nonlinear,1206,pc,42,0.018110520055433125
nonlinear,1206,pc,43,0.017930358703059875
nonlinear,1206,pc,44,0.01753398199141659
nonlinear,1206,pc,45,0.01746612101763376
nonlinear,1206,pc,46,0.0171761794884079
nonlinear,1206,pc,47,0.016807652817810503
nonlinear,1206,pc,48,0.01670978567400556
nonlinear,1206,pc,49,0.01647255490962238
nonlinear,1206,pc,50,0.015999268888835277
nonlinear,1206,pc,51,0.016135747724416154
nonlinear,1206,pc,52,0.015623935841191162
nonlinear,1206,pc,53,0.015690034800386433
nonlinear,1206,pc,54,0.01534925959348945
nonlinear,1206,pc,55,0.015016491286861259
nonlinear,1206,pc,56,0.014954860138649906
nonlinear,1206,pc,57,0.01471306416890343
nonlinear,1206,pc,58,0.014696506397180557
nonlinear,1206,pc,59,0.01430066206116993
nonlinear,1206,pc,60,0.014137921541516078
nonlinear,1207,pc,1,0.21857493251097382
nonlinear,1207,pc,2,0.14045020136123992
nonlinear,1207,pc,3,0.10118743462947781
nonlinear,1207,pc,4,0.0793146150755736
nonlinear,1207,pc,5,0.06438904805549941
nonlinear,1207,pc,6,0.05326999288278147
nonlinear,1207,pc,7,0.044851838150078094
nonlinear,1207,pc,8,0.03859312808992986
nonlinear,1207,pc,9,0.03406000167127932
nonlinear,1207,pc,10,0.03089695901351901
nonlinear,1207,pc,11,0.028236198926788376
nonlinear,1207,pc,12,0.026229575042089993
nonlinear,1207,pc,13,0.024658374384741822
nonlinear,1207,pc,14,0.023309397318680147
nonlinear,1207,pc,15,0.02196476129754592
nonlinear,1207,pc,16,0.02102724389573042
nonlinear,1207,pc,17,0.020099602556814363
nonlinear,1207,pc,18,0.019237152250027832
nonlinear,1207,pc,19,0.018546399593417806
nonlinear,1207,pc,20,0.01797969213720431
nonlinear,1207,pc,21,0.017319315816232028
nonlinear,1207,pc,22,0.016872379907386558
nonlinear,1207,pc,23,0.01631135401656587
nonlinear,1207,pc,24,0.015805068440403983
nonlinear,1207,pc,25,0.015490361610493891
nonlinear,1207,pc,26,0.01507660507397004
nonlinear,1207,pc,27,0.01467263850862187
nonlinear,1207,pc,28,0.014320927260355209
nonlinear,1207,pc,29,0.014108366143995821
nonlinear,1207,pc,30,0.01374713152138198
nonlinear,1207,pc,31,0.013430376589690313
nonlinear,1207,pc,32,0.013181917718006897
nonlinear,1207,pc,33,0.012960510841063255
nonlinear,1207,pc,34,0.012585134105573667
nonlinear,1207,pc,35,0.012394180373297653
nonlinear,1207,pc,36,0.01216541117454699
nonlinear,1207,pc,37,0.01193485955818732
nonlinear,1207,pc,38,0.01174184201031978
nonlinear,1207,pc,39,0.011561290909109517
nonlinear,1207,pc,40,0.01136375560987366
nonlinear,1207,pc,41,0.011170988696208433
nonlinear,1207,pc,42,0.011053318044817101
nonlinear,1207,pc,43,0.010810032217106002
nonlinear,1207,pc,44,0.010692661259216819
nonlinear,1207,pc,45,0.010524395719539835
nonlinear,1207,pc,46,0.010357674406568058
nonlinear,1207,pc,47,0.010226334329731796
nonlinear,1207,pc,48,0.010076438163464057
nonlinear,1207,pc,49,0.010015921177194608
nonlinear,1207,pc,50,0.009894788391555696
nonlinear,1207,pc,51,0.00968119330625703
nonlinear,1207,pc,52,0.009553057477338376
nonlinear,1207,pc,53,0.00950006212802011
nonlinear,1207,pc,54,0.009415019993818503
nonlinear,1207,pc,55,0.009253204007162959
nonlinear,1207,pc,56,0.009170814814203034
nonlinear,1207,pc,57,0.00911705200407467
nonlinear,1207,pc,58,0.009050691201555905
nonlinear,1207,pc,59,0.008836407693159387
nonlinear,1207,pc,60,0.00886728532588607
nonlinear,1208,pc,1,0.2621867628440293
nonlinear,1208,pc,2,0.17904827539593934
nonlinear,1208,pc,3,0.13472942850740366
nonlinear,1208,pc,4,0.10357726446168042
nonlinear,1208,pc,5,0.08123369115176225
nonlinear,1208,pc,6,0.06694861311347867
nonlinear,1208,pc,7,0.05718489530405338
nonlinear,1208,pc,8,0.04949540184857632
nonlinear,1208,pc,9,0.04359616842031031
nonlinear,1208,pc,10,0.03902082617237784
nonlinear,1208,pc,11,0.03525062781198713
nonlinear,1208,pc,12,0.032136425131064385
nonlinear,1208,pc,13,0.0295534035532386
nonlinear,1208,pc,14,0.027602313702570578
nonlinear,1208,pc,15,0.026048239691342928
nonlinear,1208,pc,16,0.024630620802255768
nonlinear,1208,pc,17,0.023472115195727145
nonlinear,1208,pc,18,0.02244355261609739
nonlinear,1208,pc,19,0.021570667263765775
nonlinear,1208,pc,20,0.020877880954752386
nonlinear,1208,pc,21,0.02004888286794406
nonlinear,1208,pc,22,0.019524442442935948
nonlinear,1208,pc,23,0.018747994632849638
nonlinear,1208,pc,24,0.018121168797025317
nonlinear,1208,pc,25,0.01777142225595434
nonlinear,1208,pc,26,0.017196896371875516
nonlinear,1208,pc,27,0.01666179451573977
nonlinear,1208,pc,28,0.016227369301029342
nonlinear,1208,pc,29,0.015867349545287197
nonlinear,1208,pc,30,0.015337079827783118
nonlinear,1208,pc,31,0.014907867620545445
nonlinear,1208,pc,32,0.014522226250195202
nonlinear,1208,pc,33,0.014213594999658144
nonlinear,1208,pc,34,0.013897195656986175
nonlinear,1208,pc,35,0.01347110471159829
nonlinear,1208,pc,36,0.01321945137301328
nonlinear,1208,pc,37,0.012837231751456596
nonlinear,1208,pc,38,0.012586071870149077
nonlinear,1208,pc,39,0.012187923239370879
nonlinear,1208,pc,40,0.012052273995536598
nonlinear,1208,pc,41,0.011657650552316443
nonlinear,1208,pc,42,0.011393303692206065
nonlinear,1208,pc,43,0.011075374051911868
nonlinear,1208,pc,44,0.01075163089412661
nonlinear,1208,pc,45,0.010569748691354517
nonlinear,1208,pc,46,0.010195895028328156
nonlinear,1208,pc,47,0.009885779678177513
nonlinear,1208,pc,48,0.00970443570333718
nonlinear,1208,pc,49,0.009426384818680831
nonlinear,1208,pc,50,0.009156580693900985
nonlinear,1208,pc,51,0.008961281138395297
nonlinear,1208,pc,52,0.008730169916964715
nonlinear,1208,pc,53,0.008424033351025094
nonlinear,1208,pc,54,0.008404097863580168
nonlinear,1208,pc,55,0.008056979038726562
nonlinear,1208,pc,56,0.007945873794626105
nonlinear,1208,pc,57,0.007774376622880661
nonlinear,1208,pc,58,0.007678607089486131
nonlinear,1208,pc,59,0.007508189182469077
nonlinear,1208,pc,60,0.007354350218664212
nonlinear,1209,pc,1,0.26472775207600874
nonlinear,1209,pc,2,0.16173879147177284
nonlinear,1209,pc,3,0.11230338616173093
nonlinear,1209,pc,4,0.08330764365052717
nonlinear,1209,pc,5,0.06481308723313814
nonlinear,1209,pc,6,0.052952475842715695
nonlinear,1209,pc,7,0.045397262965949474
nonlinear,1209,pc,8,0.03991925605837457
nonlinear,1209,pc,9,0.035969215131695126
nonlinear,1209,pc,10,0.033447207930089054
nonlinear,1209,pc,11,0.03116432846808183
nonlinear,1209,pc,12,0.02947612900558631
nonlinear,1209,pc,13,0.02848557810007625
nonlinear,1209,pc,14,0.027333567419597738
nonlinear,1209,pc,15,0.026503422034451274
nonlinear,1209,pc,16,0.025741997755282058
nonlinear,1209,pc,17,0.02502293274699631
nonlinear,1209,pc,18,0.024435371350109508
nonlinear,1209,pc,19,0.023950850064703644
nonlinear,1209,pc,20,0.023005131383447324
nonlinear,1209,pc,21,0.022670361014002566
nonlinear,1209,pc,22,0.02222666010658328
nonlinear,1209,pc,23,0.021848882438334227
nonlinear,1209,pc,24,0.021499317503355597
nonlinear,1209,pc,25,0.020754175213589465
nonlinear,1209,pc,26,0.02051105152197616
nonlinear,1209,pc,27,0.02018317060885785
nonlinear,1209,pc,28,0.01983289916794841
nonlinear,1209,pc,29,0.019486327076029555
nonlinear,1209,pc,30,0.019075337916362622
nonlinear,1209,pc,31,0.018864862887923762
nonlinear,1209,pc,32,0.018571013237293436
nonlinear,1209,pc,33,0.018300912689176677
nonlinear,1209,pc,34,0.018349649784419372
nonlinear,1209,pc,35,0.01791846802748834
nonlinear,1209,pc,36,0.017699495004522867
nonlinear,1209,pc,37,0.017430772954540503
nonlinear,1209,pc,38,0.017277074084935774
nonlinear,1209,pc,39,0.017108607020246542
nonlinear,1209,pc,40,0.01683063478885829
nonlinear,1209,pc,41,0.016771149125988972
nonlinear,1209,pc,42,0.016582100958207228
nonlinear,1209,pc,43,0.016330402009148984
nonlinear,1209,pc,44,0.016350170160273368
nonlinear,1209,pc,45,0.016103834903689804
nonlinear,1209,pc,46,0.016078741231319478
nonlinear,1209,pc,47,0.015777784023284572
nonlinear,1209,pc,48,0.015764489672710675
nonlinear,1209,pc,49,0.015554635233267104
nonlinear,1209,pc,50,0.015339285147804513
nonlinear,1209,pc,51,0.01533903112353447
nonlinear,1209,pc,52,0.015205136472120026
nonlinear,1209,pc,53,0.015224328837683236
nonlinear,1209,pc,54,0.015058549078403073
nonlinear,1209,pc,55,0.014915961799641095
nonlinear,1209,pc,56,0.014843684610795356
nonlinear,1209,pc,57,0.01470337805957847
nonlinear,1209,pc,58,0.014607744108002474
nonlinear,1209,pc,59,0.014533574668315676
nonlinear,1209,pc,60,0.014518087364485158
nonlinear,1210,pc,1,0.29539465050451635
nonlinear,1210,pc,2,0.18191277698662903
nonlinear,1210,pc,3,0.12475847293582261
nonlinear,1210,pc,4,0.09393293939970442
nonlinear,1210,pc,5,0.07655287975051946
nonlinear,1210,pc,6,0.06559947676354803
nonlinear,1210,pc,7,0.057058200804768526
nonlinear,1210,pc,8,0.050277118277285426
nonlinear,1210,pc,9,0.04574545773134214
nonlinear,1210,pc,10,0.04201561757874709
nonlinear,1210,pc,11,0.03904764653405385
nonlinear,1210,pc,12,0.03677563442619114
nonlinear,1210,pc,13,0.03477062122763989
nonlinear,1210,pc,14,0.03278331993641967
nonlinear,1210,pc,15,0.031095838986628585
nonlinear,1210,pc,16,0.029785794913578273
nonlinear,1210,pc,17,0.02852974761728702
nonlinear,1210,pc,18,0.02747179507509387
nonlinear,1210,pc,19,0.026254654541160303
nonlinear,1210,pc,20,0.02510280974377113
nonlinear,1210,pc,21,0.024270278761651123
nonlinear,1210,pc,22,0.023404370280810233
nonlinear,1210,pc,23,0.022558442024457403
nonlinear,1210,pc,24,0.02163830012397398
nonlinear,1210,pc,25,0.020694908296573764
nonlinear,1210,pc,26,0.02003986708403373
nonlinear,1210,pc,27,0.01934678573939218
nonlinear,1210,pc,28,0.018701707058799887
nonlinear,1210,pc,29,0.018081954851284405
nonlinear,1210,pc,30,0.017629508544006713
nonlinear,1210,pc,31,0.017135124883330948
nonlinear,1210,pc,32,0.01678075258106276
nonlinear,1210,pc,33,0.016385579855394183
nonlinear,1210,pc,34,0.015977548594632053
nonlinear,1210,pc,35,0.015754483356277566
nonlinear,1210,pc,36,0.015407101302726586
nonlinear,1210,pc,37,0.015103560219703993
nonlinear,1210,pc,38,0.014871279898295736
nonlinear,1210,pc,39,0.014646216548149094
nonlinear,1210,pc,40,0.014402791621926614
nonlinear,1210,pc,41,0.014249311241358845
nonlinear,1210,pc,42,0.01393218022328395
nonlinear,1210,pc,43,0.013795077511221549
nonlinear,1210,pc,44,0.013649375671958721
nonlinear,1210,pc,45,0.013288361743775868
nonlinear,1210,pc,46,0.013140161076281612
nonlinear,1210,pc,47,0.012981671546000828
nonlinear,1210,pc,48,0.012887074547248327
nonlinear,1210,pc,49,0.012656718474155192
nonlinear,1210,pc,50,0.012576038828880455
nonlinear,1210,pc,51,0.012307713620527612
nonlinear,1210,pc,52,0.012242569948904672
nonlinear,1210,pc,53,0.012078604807157953
nonlinear,1210,pc,54,0.011937796804191145
nonlinear,1210,pc,55,0.011880148867428672
nonlinear,1210,pc,56,0.011642822897507036
nonlinear,1210,pc,57,0.01164548139014874
nonlinear,1210,pc,58,0.011477296706728894
nonlinear,1210,pc,59,0.01142272133777566
nonlinear,1210,pc,60,0.011224189509111374
nonlinear,1211,pc,1,0.2491829142044666
nonlinear,1211,pc,2,0.16931006143094904
nonlinear,1211,pc,3,0.12679231174847536
nonlinear,1211,pc,4,0.09793654102639134
nonlinear,1211,pc,5,0.07918294427445666
nonlinear,1211,pc,6,0.06765584984324531
nonlinear,1211,pc,7,0.05972938606116501
nonlinear,1211,pc,8,0.05401323731053126
nonlinear,1211,pc,9,0.04918837942792664
nonlinear,1211,pc,10,0.04505597750783524
nonlinear,1211,pc,11,0.04175093306113056
nonlinear,1211,pc,12,0.03885709623306252
nonlinear,1211,pc,13,0.036790996884741224
nonlinear,1211,pc,14,0.034972033920183186
nonlinear,1211,pc,15,0.03302767134335045
nonlinear,1211,pc,16,0.03155071194932629
nonlinear,1211,pc,17,0.03054594973098086
nonlinear,1211,pc,18,0.0296395639885146
nonlinear,1211,pc,19,0.02858906981618724
nonlinear,1211,pc,20,0.027459706070657522
nonlinear,1211,pc,21,0.026885905460753184
nonlinear,1211,pc,22,0.02653607397930059
nonlinear,1211,pc,23,0.02556872336852725
nonlinear,1211,pc,24,0.024723109316977406
nonlinear,1211,pc,25,0.024378074072337132
nonlinear,1211,pc,26,0.02365614458836124
nonlinear,1211,pc,27,0.022955832028095192
nonlinear,1211,pc,28,0.022462663407165056
nonlinear,1211,pc,29,0.021798095784924032
nonlinear,1211,pc,30,0.02147349297672031
nonlinear,1211,pc,31,0.020634898100138865
nonlinear,1211,pc,32,0.0203621166413203
nonlinear,1211,pc,33,0.019602975168238126
nonlinear,1211,pc,34,0.01920059845868567
nonlinear,1211,pc,35,0.01866982486627166
nonlinear,1211,pc,36,0.018139141337299956
nonlinear,1211,pc,37,0.01777037254321651
nonlinear,1211,pc,38,0.017343450545699104
nonlinear,1211,pc,39,0.01688118326324985
nonlinear,1211,pc,40,0.01648957939005252
nonlinear,1211,pc,41,0.016135288709694145
nonlinear,1211,pc,42,0.015708960433230192
nonlinear,1211,pc,43,0.015487541823891844
nonlinear,1211,pc,44,0.015217387564070331
nonlinear,1211,pc,45,0.014731896133996917
nonlinear,1211,pc,46,0.01451856439573787
nonlinear,1211,pc,47,0.014246614440089012
nonlinear,1211,pc,48,0.014039943636635443
nonlinear,1211,pc,49,0.013721172520217482
nonlinear,1211,pc,50,0.013539508453370033
nonlinear,1211,pc,51,0.01353458790629715
nonlinear,1211,pc,52,0.013116500909757453
nonlinear,1211,pc,53,0.013424127501070054
nonlinear,1211,pc,54,0.01271392704482343
nonlinear,1211,pc,55,0.012776569494549328
nonlinear,1211,pc,56,0.012389283480569982
nonlinear,1211,pc,57,0.012414778356957479
nonlinear,1211,pc,58,0.012382268037415095
nonlinear,1211,pc,59,0.012167385697459976
nonlinear,1211,pc,60,0.012159182407258037
nonlinear,1212,pc,1,0.18003044048659791
nonlinear,1212,pc,2,0.11999998205224967
nonlinear,1212,pc,3,0.08647424718961196
nonlinear,1212,pc,4,0.06502798385527096
nonlinear,1212,pc,5,0.05293671882542237
nonlinear,1212,pc,6,0.04490577961093306
nonlinear,1212,pc,7,0.03940823641369052
nonlinear,1212,pc,8,0.03513436111410143
nonlinear,1212,pc,9,0.03173377767305186
nonlinear,1212,pc,10,0.02884586572653906
nonlinear,1212,pc,11,0.026604548436747987
nonlinear,1212,pc,12,0.024571453613801652
nonlinear,1212,pc,13,0.023009446632846067
nonlinear,1212,pc,14,0.0213675488059389
nonlinear,1212,pc,15,0.02008736585375297
nonlinear,1212,pc,16,0.019031360145370633
nonlinear,1212,pc,17,0.01800890293017496
nonlinear,1212,pc,18,0.016941761906137172
nonlinear,1212,pc,19,0.016175106319296594
nonlinear,1212,pc,20,0.01548726488645584
nonlinear,1212,pc,21,0.014868373923403547
nonlinear,1212,pc,22,0.01438708049001082
nonlinear,1212,pc,23,0.013898704328573158
nonlinear,1212,pc,24,0.013330997258062027
nonlinear,1212,pc,25,0.01298986301235328
nonlinear,1212,pc,26,0.012706522230268054
nonlinear,1212,pc,27,0.012356050459021708
nonlinear,1212,pc,28,0.011903125623001817
nonlinear,1212,pc,29,0.011653148279573566
nonlinear,1212,pc,30,0.011455199811871224
nonlinear,1212,pc,31,0.01109043075419805
nonlinear,1212,pc,32,0.010998998154553234
nonlinear,1212,pc,33,0.010663312109334133
nonlinear,1212,pc,34,0.010575164102982282
nonlinear,1212,pc,35,0.010273339459217629
nonlinear,1212,pc,36,0.010105280727093312
nonlinear,1212,pc,37,0.009989669758657558
nonlinear,1212,pc,38,0.009865577672374845
nonlinear,1212,pc,39,0.009566045408310962
nonlinear,1212,pc,40,0.009606217364024618
nonlinear,1212,pc,41,0.009331813331786617
nonlinear,1212,pc,42,0.009306134308043097
nonlinear,1212,pc,43,0.009056912302009468
nonlinear,1212,pc,44,0.009050963765138477
nonlinear,1212,pc,45,0.008817650012000052
nonlinear,1212,pc,46,0.008699547595837362
nonlinear,1212,pc,47,0.008623877655462913
nonlinear,1212,pc,48,0.008532018331305664
nonlinear,1212,pc,49,0.008449574420087223
nonlinear,1212,pc,50,0.008440433535870885
nonlinear,1212,pc,51,0.008112393228294455
nonlinear,1212,pc,52,0.0081131946082441
nonlinear,1212,pc,53,0.008023235437687917
nonlinear,1212,pc,54,0.008061160856363004
nonlinear,1212,pc,55,0.007786076557967647
nonlinear,1212,pc,56,0.007777165848489198
nonlinear,1212,pc,57,0.007663546960491652
nonlinear,1212,pc,58,0.007586590981106031
nonlinear,1212,pc,59,0.007514706507068279
nonlinear,1212,pc,60,0.007420165262533459
nonlinear,1213,pc,1,0.28880162502358614
nonlinear,1213,pc,2,0.1799815847018693
nonlinear,1213,pc,3,0.12388120706989747
nonlinear,1213,pc,4,0.09050493364825817
nonlinear,1213,pc,5,0.07076423279125287
nonlinear,1213,pc,6,0.05856315559310828
nonlinear,1213,pc,7,0.050555379392679727
nonlinear,1213,pc,8,0.04483884466284513
nonlinear,1213,pc,9,0.040464509905415454
nonlinear,1213,pc,10,0.03698285833348802
nonlinear,1213,pc,11,0.034165212870531474
nonlinear,1213,pc,12,0.03184823280503627
nonlinear,1213,pc,13,0.0298601573245539
nonlinear,1213,pc,14,0.028147996498535402
nonlinear,1213,pc,15,0.02694167159909568
nonlinear,1213,pc,16,0.025748537839903645
nonlinear,1213,pc,17,0.024614729394275114
nonlinear,1213,pc,18,0.02380444191322458
nonlinear,1213,pc,19,0.02268766861739241
nonlinear,1213,pc,20,0.0216928255873694
nonlinear,1213,pc,21,0.021247965585451955
nonlinear,1213,pc,22,0.020596412051777844
nonlinear,1213,pc,23,0.01975804347161365
nonlinear,1213,pc,24,0.01927899460704789
nonlinear,1213,pc,25,0.018511693744303687
nonlinear,1213,pc,26,0.018231971406206294
nonlinear,1213,pc,27,0.017675268965440714
nonlinear,1213,pc,28,0.0172199197105551
nonlinear,1213,pc,29,0.016892838887663957
nonlinear,1213,pc,30,0.01635091552892703
nonlinear,1213,pc,31,0.015934775719394525
nonlinear,1213,pc,32,0.01572159137287865
nonlinear,1213,pc,33,0.015133123452546415
nonlinear,1213,pc,34,0.014784617373937811
nonlinear,1213,pc,35,0.014579304846758763
nonlinear,1213,pc,36,0.014283336968010133
nonlinear,1213,pc,37,0.013925967679548755
nonlinear,1213,pc,38,0.013495081169971378
nonlinear,1213,pc,39,0.013226608395396938
nonlinear,1213,pc,40,0.013015098929353194
nonlinear,1213,pc,41,0.012734498399351748
nonlinear,1213,pc,42,0.012273022251579222
nonlinear,1213,pc,43,0.012148444049391352
nonlinear,1213,pc,44,0.011905074802957267
nonlinear,1213,pc,45,0.01155995092696746
nonlinear,1213,pc,46,0.011270258659666396
nonlinear,1213,pc,47,0.011052445394777307
nonlinear,1213,pc,48,0.010821385511807169
nonlinear,1213,pc,49,0.010598246642105352
nonlinear,1213,pc,50,0.01048697556202817
nonlinear,1213,pc,51,0.010099222100006687
nonlinear,1213,pc,52,0.010005450018905541
nonlinear,1213,pc,53,0.009803487814445318
nonlinear,1213,pc,54,0.009632319433042026
nonlinear,1213,pc,55,0.009491603702791854
nonlinear,1213,pc,56,0.009451749297826467
nonlinear,1213,pc,57,0.009154795778634886
nonlinear,1213,pc,58,0.009086978164562047
nonlinear,1213,pc,59,0.008988345219113479
nonlinear,1213,pc,60,0.008828772176394037
nonlinear,1214,pc,1,0.23146264286817678
nonlinear,1214,pc,2,0.1472387034769342
nonlinear,1214,pc,3,0.10569015503302069
nonlinear,1214,pc,4,0.07989061222678726
nonlinear,1214,pc,5,0.06526602723476382
nonlinear,1214,pc,6,0.055897999325459795
nonlinear,1214,pc,7,0.0493041611762667
nonlinear,1214,pc,8,0.04436386026907235
nonlinear,1214,pc,9,0.040831743007347134
nonlinear,1214,pc,10,0.03739874423401629
nonlinear,1214,pc,11,0.03471979271659038
nonlinear,1214,pc,12,0.03228175164778544
nonlinear,1214,pc,13,0.03029737087925039
nonlinear,1214,pc,14,0.028439951950728053
nonlinear,1214,pc,15,0.026842283784057355
nonlinear,1214,pc,16,0.025418837634349257
nonlinear,1214,pc,17,0.024094841963334796
nonlinear,1214,pc,18,0.022815925246083845
nonlinear,1214,pc,19,0.021581571103656858
nonlinear,1214,pc,20,0.020553428243726638
nonlinear,1214,pc,21,0.019547088336661435
nonlinear,1214,pc,22,0.018472197622761394
nonlinear,1214,pc,23,0.017480199812867674
nonlinear,1214,pc,24,0.016444657131749835
nonlinear,1214,pc,25,0.015614511963698305
nonlinear,1214,pc,26,0.014623537460545065
nonlinear,1214,pc,27,0.014008224197343891
nonlinear,1214,pc,28,0.012986574901221992
nonlinear,1214,pc,29,0.012254043618986321
nonlinear,1214,pc,30,0.011739943043317715
nonlinear,1214,pc,31,0.011116886038498952
nonlinear,1214,pc,32,0.010557875251297186
nonlinear,1214,pc,33,0.01010730669977158
nonlinear,1214,pc,34,0.0096498294555303
nonlinear,1214,pc,35,0.009168161153406061
nonlinear,1214,pc,36,0.008915194022590271
nonlinear,1214,pc,37,0.008448389116130819
nonlinear,1214,pc,38,0.008220599259706198
nonlinear,1214,pc,39,0.007932397257940142
nonlinear,1214,pc,40,0.00761062074473341
nonlinear,1214,pc,41,0.00741039183238653
nonlinear,1214,pc,42,0.007172743481089775
nonlinear,1214,pc,43,0.0069966314592026764
nonlinear,1214,pc,44,0.006774796695225335
nonlinear,1214,pc,45,0.006613417719772218
nonlinear,1214,pc,46,0.006464097474103714
nonlinear,1214,pc,47,0.006272023546477749
nonlinear,1214,pc,48,0.006102910311389392
nonlinear,1214,pc,49,0.006016703149937336
nonlinear,1214,pc,50,0.005860201190305191
nonlinear,1214,pc,51,0.005759238221674105
nonlinear,1214,pc,52,0.0056225684878402835
nonlinear,1214,pc,53,0.005513716298625656
nonlinear,1214,pc,54,0.005444656714068303
nonlinear,1214,pc,55,0.0053126845810644654
nonlinear,1214,pc,56,0.005207585652535987
nonlinear,1214,pc,57,0.005238144098768858
nonlinear,1214,pc,58,0.005005228306968084
nonlinear,1214,pc,59,0.004991186104102928
nonlinear,1214,pc,60,0.004878091516672583
nonlinear,1215,pc,1,0.2661484852609683
nonlinear,1215,pc,2,0.18216041601848007
nonlinear,1215,pc,3,0.13660666141158337
nonlinear,1215,pc,4,0.10539056879720138
nonlinear,1215,pc,5,0.08340351831546788
nonlinear,1215,pc,6,0.0693991570817774
nonlinear,1215,pc,7,0.05937866682561182
nonlinear,1215,pc,8,0.05196820879685097
nonlinear,1215,pc,9,0.04643487650957099
nonlinear,1215,pc,10,0.0423012288823633
nonlinear,1215,pc,11,0.038546511114375966
nonlinear,1215,pc,12,0.03521352871803322
nonlinear,1215,pc,13,0.03237552314045647
nonlinear,1215,pc,14,0.02995574484131105
nonlinear,1215,pc,15,0.027884018346711434
nonlinear,1215,pc,16,0.026084550386105104
nonlinear,1215,pc,17,0.02448125847906596
nonlinear,1215,pc,18,0.023075162880249685
nonlinear,1215,pc,19,0.02176777548153529
nonlinear,1215,pc,20,0.02064035262873457
nonlinear,1215,pc,21,0.019850640606663902
nonlinear,1215,pc,22,0.0190118751710277
nonlinear,1215,pc,23,0.018285176734872923
nonlinear,1215,pc,24,0.01764855094825282
nonlinear,1215,pc,25,0.01723383696503152
nonlinear,1215,pc,26,0.016597766557157622
nonlinear,1215,pc,27,0.016287690258047525
nonlinear,1215,pc,28,0.015651827060450412
nonlinear,1215,pc,29,0.01541582818460295
nonlinear,1215,pc,30,0.014988903734866587
nonlinear,1215,pc,31,0.014677997253743197
nonlinear,1215,pc,32,0.014311571955006175
nonlinear,1215,pc,33,0.014044259588932989
nonlinear,1215,pc,34,0.013766903962074778
nonlinear,1215,pc,35,0.013533090030891239
nonlinear,1215,pc,36,0.013272669197144904
nonlinear,1215,pc,37,0.012843344970478218
nonlinear,1215,pc,38,0.012707744678318996
nonlinear,1215,pc,39,0.012443652507360318
nonlinear,1215,pc,40,0.01216525206613552
nonlinear,1215,pc,41,0.011975681914239492
nonlinear,1215,pc,42,0.011697567345637433
nonlinear,1215,pc,43,0.011482460234224065
nonlinear,1215,pc,44,0.011278792802448987
nonlinear,1215,pc,45,0.010998829927031514
nonlinear,1215,pc,46,0.010766494813400062
nonlinear,1215,pc,47,0.010668488245597402
nonlinear,1215,pc,48,0.010463723165661416
nonlinear,1215,pc,49,0.010121853181012488
nonlinear,1215,pc,50,0.010059048289646835
nonlinear,1215,pc,51,0.009948758631231685
nonlinear,1215,pc,52,0.009660205947794792
nonlinear,1215,pc,53,0.009506634432680688
nonlinear,1215,pc,54,0.009252245004911137
nonlinear,1215,pc,55,0.009134680325012691
nonlinear,1215,pc,56,0.009021457776148994
nonlinear,1215,pc,57,0.008898313909084394
nonlinear,1215,pc,58,0.0087339622631381
nonlinear,1215,pc,59,0.008527048125158098
nonlinear,1215,pc,60,0.008382108866048637
nonlinear,1216,pc,1,0.23219118455766896
nonlinear,1216,pc,2,0.1462790651785426
nonlinear,1216,pc,3,0.10563307822935619
nonlinear,1216,pc,4,0.08302082127850118
nonlinear,1216,pc,5,0.0662414917501289
nonlinear,1216,pc,6,0.05519075066642066
nonlinear,1216,pc,7,0.04708208698840157
nonlinear,1216,pc,8,0.04077281435412137
nonlinear,1216,pc,9,0.0357934667079688
nonlinear,1216,pc,10,0.032116016250952346
nonlinear,1216,pc,11,0.029236051403755167
nonlinear,1216,pc,12,0.026825761535075918
nonlinear,1216,pc,13,0.024921574354688867
nonlinear,1216,pc,14,0.023392940132841933
nonlinear,1216,pc,15,0.021937685090602222
nonlinear,1216,pc,16,0.02070397824120532
nonlinear,1216,pc,17,0.01981474494451049
nonlinear,1216,pc,18,0.018867653843607342
nonlinear,1216,pc,19,0.01810694711787214
nonlinear,1216,pc,20,0.017395415638992533
nonlinear,1216,pc,21,0.016878111053877657
nonlinear,1216,pc,22,0.016059599068181104
nonlinear,1216,pc,23,0.015581971553774379
nonlinear,1216,pc,24,0.015092448833762576
nonlinear,1216,pc,25,0.014498264462102046
nonlinear,1216,pc,26,0.014084941652535155
nonlinear,1216,pc,27,0.013804978215773497
nonlinear,1216,pc,28,0.013246735488348546
nonlinear,1216,pc,29,0.012842229802474842
nonlinear,1216,pc,30,0.012586666892615284
nonlinear,1216,pc,31,0.01217415238924089
nonlinear,1216,pc,32,0.011983995265167061
nonlinear,1216,pc,33,0.011706547907742337
nonlinear,1216,pc,34,0.01139789311022333
nonlinear,1216,pc,35,0.011224835249641048
nonlinear,1216,pc,36,0.010999536171026503
nonlinear,1216,pc,37,0.010840509097859684
nonlinear,1216,pc,38,0.01057686947881802
nonlinear,1216,pc,39,0.010402527271759818
nonlinear,1216,pc,40,0.010300793387784791
nonlinear,1216,pc,41,0.010082805579321287
nonlinear,1216,pc,42,0.010035565320080738
nonlinear,1216,pc,43,0.009844696996346563
nonlinear,1216,pc,44,0.00967929995214425
nonlinear,1216,pc,45,0.009586529055328278
nonlinear,1216,pc,46,0.009523401464508766
nonlinear,1216,pc,47,0.009435532790811066
nonlinear,1216,pc,48,0.009354008502513474
nonlinear,1216,pc,49,0.009204988123036774
nonlinear,1216,pc,50,0.009051842624786045
nonlinear,1216,pc,51,0.008978614067626478
nonlinear,1216,pc,52,0.008868651159202809
nonlinear,1216,pc,53,0.008816764347551824
nonlinear,1216,pc,54,0.008695788700986308
nonlinear,1216,pc,55,0.008609644054166013
nonlinear,1216,pc,56,0.008607422224685123
nonlinear,1216,pc,57,0.008525972524671842
nonlinear,1216,pc,58,0.00831786881215222
nonlinear,1216,pc,59,0.008266414369181704
nonlinear,1216,pc,60,0.008309513134312673
nonlinear,1217,pc,1,0.24097826755659327
nonlinear,1217,pc,2,0.16770079665790474
nonlinear,1217,pc,3,0.13040369042938413
nonlinear,1217,pc,4,0.10483861048871342
nonlinear,1217,pc,5,0.0868643895625431
nonlinear,1217,pc,6,0.07342166348766029
nonlinear,1217,pc,7,0.06335734845326635
nonlinear,1217,pc,8,0.05586686392087977
nonlinear,1217,pc,9,0.049463064108034645
nonlinear,1217,pc,10,0.04430224586703232
nonlinear,1217,pc,11,0.04047796199541714
nonlinear,1217,pc,12,0.037352065765602536
nonlinear,1217,pc,13,0.035088705503793484
nonlinear,1217,pc,14,0.033069292156405715
nonlinear,1217,pc,15,0.031243845908010746
nonlinear,1217,pc,16,0.029576298807385836
nonlinear,1217,pc,17,0.02817165525591878
nonlinear,1217,pc,18,0.026904541852702482
nonlinear,1217,pc,19,0.025605127358315393
nonlinear,1217,pc,20,0.024650880319921967
nonlinear,1217,pc,21,0.023690550257836434
nonlinear,1217,pc,22,0.022682371447195232
nonlinear,1217,pc,23,0.021996255222747868
nonlinear,1217,pc,24,0.021208389079216173
nonlinear,1217,pc,25,0.020543535568822217
nonlinear,1217,pc,26,0.019949675937066706
nonlinear,1217,pc,27,0.01931466277919368
nonlinear,1217,pc,28,0.018788675274625296
nonlinear,1217,pc,29,0.018271386938135608
nonlinear,1217,pc,30,0.017683662167479196
nonlinear,1217,pc,31,0.01729983939174486
nonlinear,1217,pc,32,0.01693829062679272
nonlinear,1217,pc,33,0.0165400282115645
nonlinear,1217,pc,34,0.016085996284689524
nonlinear,1217,pc,35,0.016030341413203215
nonlinear,1217,pc,36,0.015419161190368813
nonlinear,1217,pc,37,0.015249964164012761
nonlinear,1217,pc,38,0.014867927555739227
nonlinear,1217,pc,39,0.014818216655421067
nonlinear,1217,pc,40,0.014466882616641398
nonlinear,1217,pc,41,0.01410868324761456
nonlinear,1217,pc,42,0.014024916853020158
nonlinear,1217,pc,43,0.013930589375366101
nonlinear,1217,pc,44,0.013490708722838807
nonlinear,1217,pc,45,0.013548730210863988
nonlinear,1217,pc,46,0.013177625862417263
nonlinear,1217,pc,47,0.013156377166968219
nonlinear,1217,pc,48,0.012900497716928574
nonlinear,1217,pc,49,0.012888880969568155
nonlinear,1217,pc,50,0.01264465214380537
nonlinear,1217,pc,51,0.012749952765728323
nonlinear,1217,pc,52,0.012467071724234535
nonlinear,1217,pc,53,0.012597861118879746
nonlinear,1217,pc,54,0.012312805561830058
nonlinear,1217,pc,55,0.01220348935223955
nonlinear,1217,pc,56,0.012172168257045998
nonlinear,1217,pc,57,0.011898104428226378
nonlinear,1217,pc,58,0.011893468153241682
nonlinear,1217,pc,59,0.011958804932152331
nonlinear,1217,pc,60,0.01174378938788564
nonlinear,1218,pc,1,0.25848644645309876
nonlinear,1218,pc,2,0.1687454949978188
nonlinear,1218,pc,3,0.11955239151209159
nonlinear,1218,pc,4,0.0912734388855229
nonlinear,1218,pc,5,0.07414252965410585
nonlinear,1218,pc,6,0.063183945183507
nonlinear,1218,pc,7,0.05526765016546548
nonlinear,1218,pc,8,0.04938125710626004
nonlinear,1218,pc,9,0.045052407245508734
nonlinear,1218,pc,10,0.041614303827464116
nonlinear,1218,pc,11,0.03907246081036531
nonlinear,1218,pc,12,0.03696988183473457
nonlinear,1218,pc,13,0.034804684569024545
nonlinear,1218,pc,14,0.03323464177628668
nonlinear,1218,pc,15,0.031477062492503934
nonlinear,1218,pc,16,0.030027486399813633
nonlinear,1218,pc,17,0.028818399996868888
nonlinear,1218,pc,18,0.02752358045953841
nonlinear,1218,pc,19,0.026364116850274996
nonlinear,1218,pc,20,0.025386022993069638
nonlinear,1218,pc,21,0.024605120118106876
nonlinear,1218,pc,22,0.023704936903687874
nonlinear,1218,pc,23,0.022861112022874382
nonlinear,1218,pc,24,0.022231550584220456
nonlinear,1218,pc,25,0.02164340727931602
nonlinear,1218,pc,26,0.020969980271869044
nonlinear,1218,pc,27,0.02052746361131978
nonlinear,1218,pc,28,0.019998195698407505
nonlinear,1218,pc,29,0.019384527203618954
nonlinear,1218,pc,30,0.01907091178054132
nonlinear,1218,pc,31,0.01854336276879354
nonlinear,1218,pc,32,0.01813937784408597
nonlinear,1218,pc,33,0.017871951153433447
nonlinear,1218,pc,34,0.01748839428299211
nonlinear,1218,pc,35,0.017072532738111722
nonlinear,1218,pc,36,0.01670880144296187
nonlinear,1218,pc,37,0.01651400312579687
nonlinear,1218,pc,38,0.01621618011579715
nonlinear,1218,pc,39,0.015803444675878225
nonlinear,1218,pc,40,0.015676880109666336
nonlinear,1218,pc,41,0.015256124198449211
nonlinear,1218,pc,42,0.015148615835390941
nonlinear,1218,pc,43,0.014820598439198166
nonlinear,1218,pc,44,0.014743213715958362
nonlinear,1218,pc,45,0.014524616328779362
nonlinear,1218,pc,46,0.014275874952517087
nonlinear,1218,pc,47,0.013976667758642064
nonlinear,1218,pc,48,0.01392264014780945
nonlinear,1218,pc,49,0.013681124867789328
nonlinear,1218,pc,50,0.013572640536464413
nonlinear,1218,pc,51,0.013350695936376987
nonlinear,1218,pc,52,0.013255238798555826
nonlinear,1218,pc,53,0.01310181078917319
nonlinear,1218,pc,54,0.012973094534613669
nonlinear,1218,pc,55,0.012730074079707665
nonlinear,1218,pc,56,0.012741534001872251
nonlinear,1218,pc,57,0.01251033923670857
nonlinear,1218,pc,58,0.012368209969789113
nonlinear,1218,pc,59,0.012341627889536244
nonlinear,1218,pc,60,0.012161481887296993
nonlinear,1219,pc,1,0.2159490462622978
nonlinear,1219,pc,2,0.13200075367692057
nonlinear,1219,pc,3,0.09504550436711197
nonlinear,1219,pc,4,0.07473133449959007
nonlinear,1219,pc,5,0.06126330929205268
nonlinear,1219,pc,6,0.05320656613407759
nonlinear,1219,pc,7,0.04717369017580817
nonlinear,1219,pc,8,0.04258401878023629
nonlinear,1219,pc,9,0.03904759136715456
nonlinear,1219,pc,10,0.03603570453447543
nonlinear,1219,pc,11,0.03351504641697068
nonlinear,1219,pc,12,0.031565117097844576
nonlinear,1219,pc,13,0.0297573439299873
nonlinear,1219,pc,14,0.028092783230986778
nonlinear,1219,pc,15,0.026861348573515503
nonlinear,1219,pc,16,0.025472409389631998
nonlinear,1219,pc,17,0.02441886970366292
nonlinear,1219,pc,18,0.023251559093752334
nonlinear,1219,pc,19,0.022453647024702827
nonlinear,1219,pc,20,0.021693836842957268
nonlinear,1219,pc,21,0.020949599363501988
nonlinear,1219,pc,22,0.02015642801725798
nonlinear,1219,pc,23,0.019624117512745006
nonlinear,1219,pc,24,0.019273668645220815
nonlinear,1219,pc,25,0.01866005580727813
nonlinear,1219,pc,26,0.01833959047458933
nonlinear,1219,pc,27,0.017968305033043128
nonlinear,1219,pc,28,0.0175211431866255
nonlinear,1219,pc,29,0.017065015057041374
nonlinear,1219,pc,30,0.016978285912437035
nonlinear,1219,pc,31,0.016618547551280397
nonlinear,1219,pc,32,0.016231214425320672
nonlinear,1219,pc,33,0.016051052090340853
nonlinear,1219,pc,34,0.015792602405693464
nonlinear,1219,pc,35,0.01549592794670038
nonlinear,1219,pc,36,0.015425331059961703
nonlinear,1219,pc,37,0.015128028989995705
nonlinear,1219,pc,38,0.014959853867829387
nonlinear,1219,pc,39,0.014789394618432844
nonlinear,1219,pc,40,0.01460993340960918
nonlinear,1219,pc,41,0.014606013344872161
nonlinear,1219,pc,42,0.014268195200410063
nonlinear,1219,pc,43,0.014151040919763805
nonlinear,1219,pc,44,0.01399727655330426
nonlinear,1219,pc,45,0.013883340316918616
nonlinear,1219,pc,46,0.013678535645792066
nonlinear,1219,pc,47,0.013580645376712197
nonlinear,1219,pc,48,0.01339566913846736
nonlinear,1219,pc,49,0.013326966342106934
nonlinear,1219,pc,50,0.013151404310963793
nonlinear,1219,pc,51,0.013152286785229781
nonlinear,1219,pc,52,0.013013423458402937
nonlinear,1219,pc,53,0.013005927915161154
nonlinear,1219,pc,54,0.012875663958483241
nonlinear,1219,pc,55,0.012770875066798373
nonlinear,1219,pc,56,0.01259685872340739
nonlinear,1219,pc,57,0.012538365402395876
nonlinear,1219,pc,58,0.012502458875461643
nonlinear,1219,pc,59,0.0125208754930791
nonlinear,1219,pc,60,0.01245553283124868
nonlinear,1200,pcalm,1,0.3560396677800228
nonlinear,1200,pcalm,2,0.28669828056124036
nonlinear,1200,pcalm,3,0.23508179435372809
nonlinear,1200,pcalm,4,0.1951463994126068
nonlinear,1200,pcalm,5,0.16450155853621617
nonlinear,1200,pcalm,6,0.140337553132085
nonlinear,1200,pcalm,7,0.12109907534969673
nonlinear,1200,pcalm,8,0.10558698348646588
nonlinear,1200,pcalm,9,0.0930377831827281
nonlinear,1200,pcalm,10,0.08246963881629371
nonlinear,1200,pcalm,11,0.07368900458370287
nonlinear,1200,pcalm,12,0.066362477922313
nonlinear,1200,pcalm,13,0.06014116176300374
nonlinear,1200,pcalm,14,0.054816365977086466
nonlinear,1200,pcalm,15,0.05033040774731969
nonlinear,1200,pcalm,16,0.046570160052564834
nonlinear,1200,pcalm,17,0.043602808565007554
nonlinear,1200,pcalm,18,0.04079043452696859
nonlinear,1200,pcalm,19,0.03849712512725597
nonlinear,1200,pcalm,20,0.03643590516913662
nonlinear,1200,pcalm,21,0.034605656392311474
nonlinear,1200,pcalm,22,0.03294179965254649
nonlinear,1200,pcalm,23,0.031565440349275185
nonlinear,1200,pcalm,24,0.03022562864215969
nonlinear,1200,pcalm,25,0.029044176207917837
nonlinear,1200,pcalm,26,0.027999807690236894
nonlinear,1200,pcalm,27,0.026973033951248723
nonlinear,1200,pcalm,28,0.02606948048039671
nonlinear,1200,pcalm,29,0.025273079325717356
nonlinear,1200,pcalm,30,0.02441142448889975
nonlinear,1200,pcalm,31,0.023731232478709546
nonlinear,1200,pcalm,32,0.023024799595799672
nonlinear,1200,pcalm,33,0.022392315831068012
nonlinear,1200,pcalm,34,0.021812022985982508
nonlinear,1200,pcalm,35,0.021268679769377737
nonlinear,1200,pcalm,36,0.020755495323558623
nonlinear,1200,pcalm,37,0.020275788047541914
nonlinear,1200,pcalm,38,0.019801106600028335
nonlinear,1200,pcalm,39,0.019336236155548834
nonlinear,1200,pcalm,40,0.018908581638236877
nonlinear,1200,pcalm,41,0.01851646415165994
nonlinear,1200,pcalm,42,0.018146653173032136
nonlinear,1200,pcalm,43,0.017823752822600094
nonlinear,1200,pcalm,44,0.017371244968602168
nonlinear,1200,pcalm,45,0.017052945814656092
nonlinear,1200,pcalm,46,0.016791277241177866
nonlinear,1200,pcalm,47,0.01641979763727264
nonlinear,1200,pcalm,48,0.016097358434137607
nonlinear,1200,pcalm,49,0.015805832117190634
nonlinear,1200,pcalm,50,0.01551821449309751
nonlinear,1200,pcalm,51,0.01527851185989041
nonlinear,1200,pcalm,52,0.015034392875562623
nonlinear,1200,pcalm,53,0.014756063643434297
nonlinear,1200,pcalm,54,0.014550066248063506
nonlinear,1200,pcalm,55,0.014303169586191197
nonlinear,1200,pcalm,56,0.014027401514650198
nonlinear,1200,pcalm,57,0.01379065028963141
nonlinear,1200,pcalm,58,0.013668123566330506
nonlinear,1200,pcalm,59,0.013391783640544304
nonlinear,1200,pcalm,60,0.013202756423512813
nonlinear,1201,pcalm,1,0.33684048421351953
nonlinear,1201,pcalm,2,0.2656064130615595
nonlinear,1201,pcalm,3,0.21520633181501148
nonlinear,1201,pcalm,4,0.17843929579858311
nonlinear,1201,pcalm,5,0.15100556571072177
nonlinear,1201,pcalm,6,0.13071886809416267
nonlinear,1201,pcalm,7,0.11512811945960048
nonlinear,1201,pcalm,8,0.10246993742412729
nonlinear,1201,pcalm,9,0.09200265640676579
nonlinear,1201,pcalm,10,0.08308144082207067
nonlinear,1201,pcalm,11,0.07601028903555412
nonlinear,1201,pcalm,12,0.06991066902681414
nonlinear,1201,pcalm,13,0.06448766678174032
nonlinear,1201,pcalm,14,0.060029019510964475
nonlinear,1201,pcalm,15,0.056229969935483785
nonlinear,1201,pcalm,16,0.05279111028381084
nonlinear,1201,pcalm,17,0.049927612846294565
nonlinear,1201,pcalm,18,0.04734155952106872
nonlinear,1201,pcalm,19,0.04500112822827654
nonlinear,1201,pcalm,20,0.042828641627658766
nonlinear,1201,pcalm,21,0.04090988320099629
nonlinear,1201,pcalm,22,0.03929168118822298
nonlinear,1201,pcalm,23,0.03794079142063193
nonlinear,1201,pcalm,24,0.036693237085854084
nonlinear,1201,pcalm,25,0.03547229048271818
nonlinear,1201,pcalm,26,0.03452587699643912
nonlinear,1201,pcalm,27,0.03339608742093642
nonlinear,1201,pcalm,28,0.032585996711599764
nonlinear,1201,pcalm,29,0.03174518812060138
nonlinear,1201,pcalm,30,0.030856472412827633
nonlinear,1201,pcalm,31,0.030195292053672856
nonlinear,1201,pcalm,32,0.029619979223081558
nonlinear,1201,pcalm,33,0.02893580279468819
nonlinear,1201,pcalm,34,0.02822400826112285
nonlinear,1201,pcalm,35,0.027786279285725263
nonlinear,1201,pcalm,36,0.0272925140536181
nonlinear,1201,pcalm,37,0.026828418350895725
nonlinear,1201,pcalm,38,0.026378233939293807
nonlinear,1201,pcalm,39,0.025925482597324124
nonlinear,1201,pcalm,40,0.025475280312392396
nonlinear,1201,pcalm,41,0.025066114081730193
nonlinear,1201,pcalm,42,0.024673448513450002
nonlinear,1201,pcalm,43,0.02431072130784968
nonlinear,1201,pcalm,44,0.023909811400637627
nonlinear,1201,pcalm,45,0.023641495900114527
nonlinear,1201,pcalm,46,0.02326660595772666
nonlinear,1201,pcalm,47,0.0229147299163469
nonlinear,1201,pcalm,48,0.02266489044139453
nonlinear,1201,pcalm,49,0.022539311373864168
nonlinear,1201,pcalm,50,0.022051458849339012
nonlinear,1201,pcalm,51,0.021810306866217943
nonlinear,1201,pcalm,52,0.021518104410877096
nonlinear,1201,pcalm,53,0.021287222110173698
nonlinear,1201,pcalm,54,0.02099038368282652
nonlinear,1201,pcalm,55,0.02074896541223904
nonlinear,1201,pcalm,56,0.020568629886650064
nonlinear,1201,pcalm,57,0.020323693556854924
nonlinear,1201,pcalm,58,0.02008904598376597
nonlinear,1201,pcalm,59,0.019904679421275346
nonlinear,1201,pcalm,60,0.01968753693840575
nonlinear,1202,pcalm,1,0.34892524129546043
nonlinear,1202,pcalm,2,0.27449821983548783
nonlinear,1202,pcalm,3,0.22342939122608954
nonlinear,1202,pcalm,4,0.18555201682371955
nonlinear,1202,pcalm,5,0.157222529322683
nonlinear,1202,pcalm,6,0.13533994650259462
nonlinear,1202,pcalm,7,0.11800321839661106
nonlinear,1202,pcalm,8,0.10444341760264962
nonlinear,1202,pcalm,9,0.09360410443018397
nonlinear,1202,pcalm,10,0.08454855746650876
nonlinear,1202,pcalm,11,0.07746843447724518
nonlinear,1202,pcalm,12,0.07147494528738602
nonlinear,1202,pcalm,13,0.06651789100449028
nonlinear,1202,pcalm,14,0.06250923253582223
nonlinear,1202,pcalm,15,0.05884524899462853
nonlinear,1202,pcalm,16,0.05582939295966923
nonlinear,1202,pcalm,17,0.053192442598220625
nonlinear,1202,pcalm,18,0.0508704383194012
nonlinear,1202,pcalm,19,0.04886117272784102
nonlinear,1202,pcalm,20,0.04723812660636012
nonlinear,1202,pcalm,21,0.04577993130914872
nonlinear,1202,pcalm,22,0.04443984136526077
nonlinear,1202,pcalm,23,0.04302572820905432
nonlinear,1202,pcalm,24,0.041985739454717695
nonlinear,1202,pcalm,25,0.040723076152576636
nonlinear,1202,pcalm,26,0.03969092880572705
nonlinear,1202,pcalm,27,0.03899924305874778
nonlinear,1202,pcalm,28,0.03807535889396414
nonlinear,1202,pcalm,29,0.03720526624166657
nonlinear,1202,pcalm,30,0.03634426138138818
nonlinear,1202,pcalm,31,0.035679256188635426
nonlinear,1202,pcalm,32,0.035024135856497114
nonlinear,1202,pcalm,33,0.03436803836597752
nonlinear,1202,pcalm,34,0.033761144512794126
nonlinear,1202,pcalm,35,0.03322509066399327
nonlinear,1202,pcalm,36,0.032412888571175046
nonlinear,1202,pcalm,37,0.031990735927507334
nonlinear,1202,pcalm,38,0.031529864914226734
nonlinear,1202,pcalm,39,0.030865052646904506
nonlinear,1202,pcalm,40,0.030482665992038072
nonlinear,1202,pcalm,41,0.029944612244219116
nonlinear,1202,pcalm,42,0.029718562296145574
nonlinear,1202,pcalm,43,0.029252039616322983
nonlinear,1202,pcalm,44,0.02854284928364245
nonlinear,1202,pcalm,45,0.02806697822214871
nonlinear,1202,pcalm,46,0.027909833502212406
nonlinear,1202,pcalm,47,0.02746844750837968
nonlinear,1202,pcalm,48,0.026975794551255827
nonlinear,1202,pcalm,49,0.026579520143636775
nonlinear,1202,pcalm,50,0.026321902791605022
nonlinear,1202,pcalm,51,0.026114019481975993
nonlinear,1202,pcalm,52,0.025500252735013083
nonlinear,1202,pcalm,53,0.025173091710929532
nonlinear,1202,pcalm,54,0.025100072405755958
nonlinear,1202,pcalm,55,0.024666334248489862
nonlinear,1202,pcalm,56,0.02424716932726147
nonlinear,1202,pcalm,57,0.024133943797837867
nonlinear,1202,pcalm,58,0.02370400291552699
nonlinear,1202,pcalm,59,0.023317846215411168
nonlinear,1202,pcalm,60,0.023354230236010673
nonlinear,1203,pcalm,1,0.2968188644159093
nonlinear,1203,pcalm,2,0.23849595217236108
nonlinear,1203,pcalm,3,0.19798172401895162
nonlinear,1203,pcalm,4,0.16874783373463287
nonlinear,1203,pcalm,5,0.14667683620608138
nonlinear,1203,pcalm,6,0.12983245428021115
nonlinear,1203,pcalm,7,0.11614721788974398
nonlinear,1203,pcalm,8,0.10491352252978299
nonlinear,1203,pcalm,9,0.09583270352863626
nonlinear,1203,pcalm,10,0.08772435858429473
nonlinear,1203,pcalm,11,0.08074623391807538
nonlinear,1203,pcalm,12,0.07481155691068088
nonlinear,1203,pcalm,13,0.06942015192489052
nonlinear,1203,pcalm,14,0.06429515791834194
nonlinear,1203,pcalm,15,0.05987549489619711
nonlinear,1203,pcalm,16,0.05599615820945977
nonlinear,1203,pcalm,17,0.05258518906066229
nonlinear,1203,pcalm,18,0.04969913060686404
nonlinear,1203,pcalm,19,0.04689396199813087
nonlinear,1203,pcalm,20,0.04468305627762265
nonlinear,1203,pcalm,21,0.0427151783991759
nonlinear,1203,pcalm,22,0.04089660331723385
nonlinear,1203,pcalm,23,0.03942028351443159
nonlinear,1203,pcalm,24,0.038004327690256794
nonlinear,1203,pcalm,25,0.03660850332530105
nonlinear,1203,pcalm,26,0.03559559563639374
nonlinear,1203,pcalm,27,0.03461031443597384
nonlinear,1203,pcalm,28,0.03364773818461832
nonlinear,1203,pcalm,29,0.032765457641589286
nonlinear,1203,pcalm,30,0.03193512987738362
nonlinear,1203,pcalm,31,0.031199847340874557
nonlinear,1203,pcalm,32,0.03043778022561003
nonlinear,1203,pcalm,33,0.029732431348768167
nonlinear,1203,pcalm,34,0.028987606750075712
nonlinear,1203,pcalm,35,0.02835874395748908
nonlinear,1203,pcalm,36,0.027825959426668784
nonlinear,1203,pcalm,37,0.027464973948951033
nonlinear,1203,pcalm,38,0.026947613114206122
nonlinear,1203,pcalm,39,0.026232966031423915
nonlinear,1203,pcalm,40,0.02567919257900374
nonlinear,1203,pcalm,41,0.025276773269199092
nonlinear,1203,pcalm,42,0.02495187836519307
nonlinear,1203,pcalm,43,0.02460592895118267
nonlinear,1203,pcalm,44,0.02420753621849132
nonlinear,1203,pcalm,45,0.023790300613925074
nonlinear,1203,pcalm,46,0.023502793491313918
nonlinear,1203,pcalm,47,0.023131921140156535
nonlinear,1203,pcalm,48,0.022940195666410035
nonlinear,1203,pcalm,49,0.02266588959098828
nonlinear,1203,pcalm,50,0.02219374904912541
nonlinear,1203,pcalm,51,0.02198891126953063
nonlinear,1203,pcalm,52,0.02171571847306336
nonlinear,1203,pcalm,53,0.021620831517843043
nonlinear,1203,pcalm,54,0.021343232534456844
nonlinear,1203,pcalm,55,0.02109525122656035
nonlinear,1203,pcalm,56,0.020942529561356255
nonlinear,1203,pcalm,57,0.02069838036663701
nonlinear,1203,pcalm,58,0.020533009172985575
nonlinear,1203,pcalm,59,0.020238566649640344
nonlinear,1203,pcalm,60,0.020140085924806095
nonlinear,1204,pcalm,1,0.2743642251332428
nonlinear,1204,pcalm,2,0.21010232682903043
nonlinear,1204,pcalm,3,0.16734221017130146
nonlinear,1204,pcalm,4,0.1376324029044301
nonlinear,1204,pcalm,5,0.11622340673589915
nonlinear,1204,pcalm,6,0.10012607307821948
nonlinear,1204,pcalm,7,0.08757168699383068
nonlinear,1204,pcalm,8,0.07747797098824638
nonlinear,1204,pcalm,9,0.069405887947331
nonlinear,1204,pcalm,10,0.0628531759923165
nonlinear,1204,pcalm,11,0.05764237707711988
nonlinear,1204,pcalm,12,0.05342078280726395
nonlinear,1204,pcalm,13,0.04998887229524526
nonlinear,1204,pcalm,14,0.04695232764496119
nonlinear,1204,pcalm,15,0.044471860705602884
nonlinear,1204,pcalm,16,0.04227357326427388
nonlinear,1204,pcalm,17,0.04019874268089521
nonlinear,1204,pcalm,18,0.03856210932603892
nonlinear,1204,pcalm,19,0.037165980929302456
nonlinear,1204,pcalm,20,0.03576966119484414
nonlinear,1204,pcalm,21,0.03448281896636469
nonlinear,1204,pcalm,22,0.03335547701361716
nonlinear,1204,pcalm,23,0.03247217740503724
nonlinear,1204,pcalm,24,0.03164054290237502
nonlinear,1204,pcalm,25,0.03091803193380571
nonlinear,1204,pcalm,26,0.030175542270909878
nonlinear,1204,pcalm,27,0.02946649401991296
nonlinear,1204,pcalm,28,0.028937154717831936
nonlinear,1204,pcalm,29,0.02837788441709102
nonlinear,1204,pcalm,30,0.02802564347993201
nonlinear,1204,pcalm,31,0.02755182294915277
nonlinear,1204,pcalm,32,0.027131707879692765
nonlinear,1204,pcalm,33,0.026770891826145584
nonlinear,1204,pcalm,34,0.026345359232111096
nonlinear,1204,pcalm,35,0.025885869141061835
nonlinear,1204,pcalm,36,0.02563499641372499
nonlinear,1204,pcalm,37,0.025410870213690373
nonlinear,1204,pcalm,38,0.02515659031618793
nonlinear,1204,pcalm,39,0.02484282948818967
nonlinear,1204,pcalm,40,0.024598365104412545
nonlinear,1204,pcalm,41,0.024273094401526207
nonlinear,1204,pcalm,42,0.024147568731535198
nonlinear,1204,pcalm,43,0.023847661051337787
nonlinear,1204,pcalm,44,0.023626344749807775
nonlinear,1204,pcalm,45,0.02350865602615255
nonlinear,1204,pcalm,46,0.02335826386919143
nonlinear,1204,pcalm,47,0.023035728220186697
nonlinear,1204,pcalm,48,0.022870123617260065
nonlinear,1204,pcalm,49,0.022720349042358968
nonlinear,1204,pcalm,50,0.022496709345379073
nonlinear,1204,pcalm,51,0.022271120600837607
nonlinear,1204,pcalm,52,0.022157872006793092
nonlinear,1204,pcalm,53,0.022069295777663017
nonlinear,1204,pcalm,54,0.021762364605490747
nonlinear,1204,pcalm,55,0.0215128629445598
nonlinear,1204,pcalm,56,0.02139093028761893
nonlinear,1204,pcalm,57,0.021258958537536496
nonlinear,1204,pcalm,58,0.021068019000816285
nonlinear,1204,pcalm,59,0.02084722403785479
nonlinear,1204,pcalm,60,0.020594200513241182
nonlinear,1205,pcalm,1,0.30771754429078607
nonlinear,1205,pcalm,2,0.24320932646911095
nonlinear,1205,pcalm,3,0.19605708806671104
nonlinear,1205,pcalm,4,0.16032755194242054
nonlinear,1205,pcalm,5,0.13239499496814827
nonlinear,1205,pcalm,6,0.11091730070486784
nonlinear,1205,pcalm,7,0.09415646949137317
nonlinear,1205,pcalm,8,0.08100877575592635
nonlinear,1205,pcalm,9,0.07074462623349927
nonlinear,1205,pcalm,10,0.06291233909458131
nonlinear,1205,pcalm,11,0.056729133003867636
nonlinear,1205,pcalm,12,0.051624209728069435
nonlinear,1205,pcalm,13,0.04750483468418071
nonlinear,1205,pcalm,14,0.04413986053527099
nonlinear,1205,pcalm,15,0.04135064301022575
nonlinear,1205,pcalm,16,0.038855153887155255
nonlinear,1205,pcalm,17,0.03674794008011193
nonlinear,1205,pcalm,18,0.03491606096750463
nonlinear,1205,pcalm,19,0.033453713548907645
nonlinear,1205,pcalm,20,0.032203935088736736
nonlinear,1205,pcalm,21,0.031088912122281775
nonlinear,1205,pcalm,22,0.030104943673478112
nonlinear,1205,pcalm,23,0.029230665101167258
nonlinear,1205,pcalm,24,0.0285138661155158
nonlinear,1205,pcalm,25,0.02774848474274676
nonlinear,1205,pcalm,26,0.02714032660718764
nonlinear,1205,pcalm,27,0.026512250829436868
nonlinear,1205,pcalm,28,0.026010072834826325
nonlinear,1205,pcalm,29,0.025526075094924522
nonlinear,1205,pcalm,30,0.02507793534501153
nonlinear,1205,pcalm,31,0.024542147139323085
nonlinear,1205,pcalm,32,0.02425255117391231
nonlinear,1205,pcalm,33,0.023777497196380185
nonlinear,1205,pcalm,34,0.02344102524862773
nonlinear,1205,pcalm,35,0.02311926464545494
nonlinear,1205,pcalm,36,0.022720328803315565
nonlinear,1205,pcalm,37,0.02239985229256593
nonlinear,1205,pcalm,38,0.022097889890641997
nonlinear,1205,pcalm,39,0.02184159960932851
nonlinear,1205,pcalm,40,0.021512251733962495
nonlinear,1205,pcalm,41,0.021225003484136706
nonlinear,1205,pcalm,42,0.021023523187590914
nonlinear,1205,pcalm,43,0.0207380660703569
nonlinear,1205,pcalm,44,0.02045343710044804
nonlinear,1205,pcalm,45,0.020275911970680387
nonlinear,1205,pcalm,46,0.020095817675644338
nonlinear,1205,pcalm,47,0.019911841138518103
nonlinear,1205,pcalm,48,0.019642750548139614
nonlinear,1205,pcalm,49,0.01942447964605745
nonlinear,1205,pcalm,50,0.01923890036196557
nonlinear,1205,pcalm,51,0.019011498093616446
nonlinear,1205,pcalm,52,0.01889734706698232
nonlinear,1205,pcalm,53,0.018644701371672037
nonlinear,1205,pcalm,54,0.018441039869800186
nonlinear,1205,pcalm,55,0.018398356933609344
nonlinear,1205,pcalm,56,0.01815558140318956
nonlinear,1205,pcalm,57,0.017997971111096044
nonlinear,1205,pcalm,58,0.017921747287312148
nonlinear,1205,pcalm,59,0.017739517778261226
nonlinear,1205,pcalm,60,0.017538910950202578
nonlinear,1206,pcalm,1,0.407079565617018
nonlinear,1206,pcalm,2,0.3285228363059274
nonlinear,1206,pcalm,3,0.2694171363393397
nonlinear,1206,pcalm,4,0.22205843782338355
nonlinear,1206,pcalm,5,0.184893389307997
nonlinear,1206,pcalm,6,0.15574279232169944
nonlinear,1206,pcalm,7,0.1330053841252818
nonlinear,1206,pcalm,8,0.11514798095926591
nonlinear,1206,pcalm,9,0.10083187486009755
nonlinear,1206,pcalm,10,0.08963945441023613
nonlinear,1206,pcalm,11,0.08080042834689684
nonlinear,1206,pcalm,12,0.07366769580453271
nonlinear,1206,pcalm,13,0.06766946555393093
nonlinear,1206,pcalm,14,0.06279015778024333
nonlinear,1206,pcalm,15,0.058564370555733436
nonlinear,1206,pcalm,16,0.05495340790615488
nonlinear,1206,pcalm,17,0.05185907502213966
nonlinear,1206,pcalm,18,0.049214064120938705
nonlinear,1206,pcalm,19,0.04676654676892025
nonlinear,1206,pcalm,20,0.04465740924829519
nonlinear,1206,pcalm,21,0.042846767158128796
nonlinear,1206,pcalm,22,0.0411419178519748
nonlinear,1206,pcalm,23,0.039619930602283075
nonlinear,1206,pcalm,24,0.0383735864233588
nonlinear,1206,pcalm,25,0.03725513429063613
nonlinear,1206,pcalm,26,0.03620380298069952
nonlinear,1206,pcalm,27,0.035229087697641374
nonlinear,1206,pcalm,28,0.03429687714100969
nonlinear,1206,pcalm,29,0.033445156245374044
nonlinear,1206,pcalm,30,0.03271349259285951
nonlinear,1206,pcalm,31,0.032009269916111305
nonlinear,1206,pcalm,32,0.031394238945149144
nonlinear,1206,pcalm,33,0.03085587194754896
nonlinear,1206,pcalm,34,0.03032539911736118
nonlinear,1206,pcalm,35,0.029702482258790408
nonlinear,1206,pcalm,36,0.029168605766336925
nonlinear,1206,pcalm,37,0.028679538677802142
nonlinear,1206,pcalm,38,0.028323932177158184
nonlinear,1206,pcalm,39,0.02801825884556113
nonlinear,1206,pcalm,40,0.027651374234084508
nonlinear,1206,pcalm,41,0.027208103678570027
nonlinear,1206,pcalm,42,0.026904453590767114
nonlinear,1206,pcalm,43,0.026506643676975417
nonlinear,1206,pcalm,44,0.02614424890542043
nonlinear,1206,pcalm,45,0.02591197677949349
nonlinear,1206,pcalm,46,0.02570726241498772
nonlinear,1206,pcalm,47,0.02533384036511151
nonlinear,1206,pcalm,48,0.02508243427737229
nonlinear,1206,pcalm,49,0.02498068725594041
nonlinear,1206,pcalm,50,0.024597273359814226
nonlinear,1206,pcalm,51,0.024345767573316496
nonlinear,1206,pcalm,52,0.024055271574207265
nonlinear,1206,pcalm,53,0.024056612623069545
nonlinear,1206,pcalm,54,0.023734545426027192
nonlinear,1206,pcalm,55,0.023431084848467343
nonlinear,1206,pcalm,56,0.023326517890607246
nonlinear,1206,pcalm,57,0.023055235471117125
nonlinear,1206,pcalm,58,0.02292919471822646
nonlinear,1206,pcalm,59,0.022745329934615085
nonlinear,1206,pcalm,60,0.022595974070503334
nonlinear,1207,pcalm,1,0.2849188053740645
nonlinear,1207,pcalm,2,0.22032248201173732
nonlinear,1207,pcalm,3,0.17454767867160548
nonlinear,1207,pcalm,4,0.1420489942107049
nonlinear,1207,pcalm,5,0.11929822826447563
nonlinear,1207,pcalm,6,0.10285092731209632
nonlinear,1207,pcalm,7,0.09043451473812758
nonlinear,1207,pcalm,8,0.08057438116405059
nonlinear,1207,pcalm,9,0.07243506577379694
nonlinear,1207,pcalm,10,0.06559126806669086
nonlinear,1207,pcalm,11,0.059609249949927334
nonlinear,1207,pcalm,12,0.054528937491877406
nonlinear,1207,pcalm,13,0.05007965304480407
nonlinear,1207,pcalm,14,0.046242203026424955
nonlinear,1207,pcalm,15,0.042818207866281155
nonlinear,1207,pcalm,16,0.0399191685195745
nonlinear,1207,pcalm,17,0.03732616395079192
nonlinear,1207,pcalm,18,0.035153779396077604
nonlinear,1207,pcalm,19,0.03329266849932489
nonlinear,1207,pcalm,20,0.0317036274488681
nonlinear,1207,pcalm,21,0.030215250219187677
nonlinear,1207,pcalm,22,0.0289522070115224
nonlinear,1207,pcalm,23,0.027856108013984707
nonlinear,1207,pcalm,24,0.02674102127906028
nonlinear,1207,pcalm,25,0.02590233354638961
nonlinear,1207,pcalm,26,0.025135055804426636
nonlinear,1207,pcalm,27,0.024341048499480582
nonlinear,1207,pcalm,28,0.023609199750035326
nonlinear,1207,pcalm,29,0.023003274362164382
nonlinear,1207,pcalm,30,0.02243451337945326
nonlinear,1207,pcalm,31,0.021838539651784755
nonlinear,1207,pcalm,32,0.021319426422390653
nonlinear,1207,pcalm,33,0.020819147797097908
nonlinear,1207,pcalm,34,0.020323413577527635
nonlinear,1207,pcalm,35,0.019909410638259965
nonlinear,1207,pcalm,36,0.019528344466272662
nonlinear,1207,pcalm,37,0.019105998667747925
nonlinear,1207,pcalm,38,0.018684011278529835
nonlinear,1207,pcalm,39,0.018407461701662783
nonlinear,1207,pcalm,40,0.018125103017711384
nonlinear,1207,pcalm,41,0.01774910597977059
nonlinear,1207,pcalm,42,0.01746356262945294
nonlinear,1207,pcalm,43,0.017216351868306518
nonlinear,1207,pcalm,44,0.01688254870306484
nonlinear,1207,pcalm,45,0.0165916957172674
nonlinear,1207,pcalm,46,0.016425420609607288
nonlinear,1207,pcalm,47,0.016203036922577355
nonlinear,1207,pcalm,48,0.015929801836676884
nonlinear,1207,pcalm,49,0.015676390899939066
nonlinear,1207,pcalm,50,0.015513347780337791
nonlinear,1207,pcalm,51,0.01536432446026813
nonlinear,1207,pcalm,52,0.015070166377342533
nonlinear,1207,pcalm,53,0.014950148114811901
nonlinear,1207,pcalm,54,0.014795145369225734
nonlinear,1207,pcalm,55,0.014546133514129936
nonlinear,1207,pcalm,56,0.014414504964518076
nonlinear,1207,pcalm,57,0.014297750056972347
nonlinear,1207,pcalm,58,0.0141544583915863
nonlinear,1207,pcalm,59,0.013934949226668164
nonlinear,1207,pcalm,60,0.013827634807127884
nonlinear,1208,pcalm,1,0.3342353227841522
nonlinear,1208,pcalm,2,0.2636548696597907
nonlinear,1208,pcalm,3,0.2150629583147677
nonlinear,1208,pcalm,4,0.18099941532207084
nonlinear,1208,pcalm,5,0.15498399984177838
nonlinear,1208,pcalm,6,0.13456558591923864
nonlinear,1208,pcalm,7,0.11764675134896811
nonlinear,1208,pcalm,8,0.10354002342765432
nonlinear,1208,pcalm,9,0.09173499576533865
nonlinear,1208,pcalm,10,0.08187781505723336
nonlinear,1208,pcalm,11,0.073862344209851
nonlinear,1208,pcalm,12,0.06727348004246732
nonlinear,1208,pcalm,13,0.06167934794864736
nonlinear,1208,pcalm,14,0.05685238557466291
nonlinear,1208,pcalm,15,0.052683489031850446
nonlinear,1208,pcalm,16,0.04904819286600117
nonlinear,1208,pcalm,17,0.04587257860662886
nonlinear,1208,pcalm,18,0.042984976198602476
nonlinear,1208,pcalm,19,0.04053414706631448
nonlinear,1208,pcalm,20,0.03840292967625412
nonlinear,1208,pcalm,21,0.036305046453317745
nonlinear,1208,pcalm,22,0.03458260892052505
nonlinear,1208,pcalm,23,0.03302114842485912
nonlinear,1208,pcalm,24,0.03156473085598453
nonlinear,1208,pcalm,25,0.030345434937550084
nonlinear,1208,pcalm,26,0.02922012783094681
nonlinear,1208,pcalm,27,0.028175318332299488
nonlinear,1208,pcalm,28,0.027236354877639552
nonlinear,1208,pcalm,29,0.02641545345023637
nonlinear,1208,pcalm,30,0.025651289176603184
nonlinear,1208,pcalm,31,0.024886786675913704
nonlinear,1208,pcalm,32,0.024218007336385263
nonlinear,1208,pcalm,33,0.02360869989801188
nonlinear,1208,pcalm,34,0.02309782450443713
nonlinear,1208,pcalm,35,0.02254792188308008
nonlinear,1208,pcalm,36,0.02208110621372186
nonlinear,1208,pcalm,37,0.021620858079882423
nonlinear,1208,pcalm,38,0.021221013720306964
nonlinear,1208,pcalm,39,0.020746344187870896
nonlinear,1208,pcalm,40,0.020433862470952958
nonlinear,1208,pcalm,41,0.019986876640250423
nonlinear,1208,pcalm,42,0.01966396785696191
nonlinear,1208,pcalm,43,0.019399939557493126
nonlinear,1208,pcalm,44,0.01900513776357581
nonlinear,1208,pcalm,45,0.018709396490130134
nonlinear,1208,pcalm,46,0.018425135948742732
nonlinear,1208,pcalm,47,0.01814379633968775
nonlinear,1208,pcalm,48,0.01792117276347442
nonlinear,1208,pcalm,49,0.017577792569619752
nonlinear,1208,pcalm,50,0.017344767274462613
nonlinear,1208,pcalm,51,0.01708037187271488
nonlinear,1208,pcalm,52,0.01682040464277637
nonlinear,1208,pcalm,53,0.016612643730571076
nonlinear,1208,pcalm,54,0.016367201432476098
nonlinear,1208,pcalm,55,0.016140383732862123
nonlinear,1208,pcalm,56,0.01589983180259151
nonlinear,1208,pcalm,57,0.015655548296205222
nonlinear,1208,pcalm,58,0.015458576407594507
nonlinear,1208,pcalm,59,0.015286426962750371
nonlinear,1208,pcalm,60,0.015114423670922375
nonlinear,1209,pcalm,1,0.354030126499141
nonlinear,1209,pcalm,2,0.26652167213955824
nonlinear,1209,pcalm,3,0.20657312293222985
nonlinear,1209,pcalm,4,0.16516862442285843
nonlinear,1209,pcalm,5,0.13560709037859708
nonlinear,1209,pcalm,6,0.11329734790108065
nonlinear,1209,pcalm,7,0.09688332873710444
nonlinear,1209,pcalm,8,0.08411601095200853
nonlinear,1209,pcalm,9,0.0739017416792606
nonlinear,1209,pcalm,10,0.06610718507039329
nonlinear,1209,pcalm,11,0.059609392057941635
nonlinear,1209,pcalm,12,0.05416417429933812
nonlinear,1209,pcalm,13,0.04994295863696659
nonlinear,1209,pcalm,14,0.04646440871315072
nonlinear,1209,pcalm,15,0.04341197635943942
nonlinear,1209,pcalm,16,0.04077743363061859
nonlinear,1209,pcalm,17,0.03848985756368445
nonlinear,1209,pcalm,18,0.03666239348172382
nonlinear,1209,pcalm,19,0.03519675118109137
nonlinear,1209,pcalm,20,0.033759609568927214
nonlinear,1209,pcalm,21,0.03252696488652643
nonlinear,1209,pcalm,22,0.031441863181077265
nonlinear,1209,pcalm,23,0.0306173469639891
nonlinear,1209,pcalm,24,0.02976900526883462
nonlinear,1209,pcalm,25,0.02900402193106047
nonlinear,1209,pcalm,26,0.028392719096238264
nonlinear,1209,pcalm,27,0.027799117740488394
nonlinear,1209,pcalm,28,0.027239882508692265
nonlinear,1209,pcalm,29,0.026806488892920356
nonlinear,1209,pcalm,30,0.026256362719851475
nonlinear,1209,pcalm,31,0.025860735118950585
nonlinear,1209,pcalm,32,0.025537696244885704
nonlinear,1209,pcalm,33,0.02498299420982449
nonlinear,1209,pcalm,34,0.024756607241038796
nonlinear,1209,pcalm,35,0.024507322725546617
nonlinear,1209,pcalm,36,0.024070554300256914
nonlinear,1209,pcalm,37,0.023731199455568883
nonlinear,1209,pcalm,38,0.02350339520276114
nonlinear,1209,pcalm,39,0.023160075924544193
nonlinear,1209,pcalm,40,0.02287096796052138
nonlinear,1209,pcalm,41,0.0226338774815653
nonlinear,1209,pcalm,42,0.022288545680085415
nonlinear,1209,pcalm,43,0.02204197623665281
nonlinear,1209,pcalm,44,0.02183122532272237
nonlinear,1209,pcalm,45,0.02161186805190518
nonlinear,1209,pcalm,46,0.021454251222018477
nonlinear,1209,pcalm,47,0.02104273838523428
nonlinear,1209,pcalm,48,0.02083805054176402
nonlinear,1209,pcalm,49,0.020566345532515604
nonlinear,1209,pcalm,50,0.020380153299257502
nonlinear,1209,pcalm,51,0.02006471523957152
nonlinear,1209,pcalm,52,0.019933924795169217
nonlinear,1209,pcalm,53,0.019681539077575406
nonlinear,1209,pcalm,54,0.019584884083273173
nonlinear,1209,pcalm,55,0.019284054115406197
nonlinear,1209,pcalm,56,0.019136182853961403
nonlinear,1209,pcalm,57,0.018905904246501112
nonlinear,1209,pcalm,58,0.018661244068055104
nonlinear,1209,pcalm,59,0.01847854211624109
nonlinear,1209,pcalm,60,0.018318043267169598
nonlinear,1210,pcalm,1,0.3874028752506611
nonlinear,1210,pcalm,2,0.2958764760739116
nonlinear,1210,pcalm,3,0.2303532953801529
nonlinear,1210,pcalm,4,0.18394285218120063
nonlinear,1210,pcalm,5,0.1504514419847815
nonlinear,1210,pcalm,6,0.12589284890383964
nonlinear,1210,pcalm,7,0.10796124074670221
nonlinear,1210,pcalm,8,0.09474713626355474
nonlinear,1210,pcalm,9,0.08506606796754664
nonlinear,1210,pcalm,10,0.07719047379274957
nonlinear,1210,pcalm,11,0.0708151534854346
nonlinear,1210,pcalm,12,0.06559120297599494
nonlinear,1210,pcalm,13,0.061129356351097675
nonlinear,1210,pcalm,14,0.05730970669164707
nonlinear,1210,pcalm,15,0.05387457648186006
nonlinear,1210,pcalm,16,0.05098128164566218
nonlinear,1210,pcalm,17,0.04847413335066234
nonlinear,1210,pcalm,18,0.046328660321138415
nonlinear,1210,pcalm,19,0.044455852834980464
nonlinear,1210,pcalm,20,0.042519906761651564
nonlinear,1210,pcalm,21,0.040934477621951244
nonlinear,1210,pcalm,22,0.03950004885209258
nonlinear,1210,pcalm,23,0.03819339322883906
nonlinear,1210,pcalm,24,0.03698526789786472
nonlinear,1210,pcalm,25,0.03581363298206672
nonlinear,1210,pcalm,26,0.034820409011260156
nonlinear,1210,pcalm,27,0.033898316052292495
nonlinear,1210,pcalm,28,0.03300043957580614
nonlinear,1210,pcalm,29,0.03216443585360664
nonlinear,1210,pcalm,30,0.0313442032207682
nonlinear,1210,pcalm,31,0.030563662844044187
nonlinear,1210,pcalm,32,0.029868784024056474
nonlinear,1210,pcalm,33,0.029247358981376037
nonlinear,1210,pcalm,34,0.028565086578737436
nonlinear,1210,pcalm,35,0.027981533504572442
nonlinear,1210,pcalm,36,0.027345847690634806
nonlinear,1210,pcalm,37,0.02679554922207646
nonlinear,1210,pcalm,38,0.026244119097597603
nonlinear,1210,pcalm,39,0.025727007448020395
nonlinear,1210,pcalm,40,0.02524107133797485
nonlinear,1210,pcalm,41,0.024762384002499697
nonlinear,1210,pcalm,42,0.024202709190436284
nonlinear,1210,pcalm,43,0.023699852613145958
nonlinear,1210,pcalm,44,0.023271046558357215
nonlinear,1210,pcalm,45,0.022813245384110035
nonlinear,1210,pcalm,46,0.022324798073641586
nonlinear,1210,pcalm,47,0.021849661324110713
nonlinear,1210,pcalm,48,0.021412636981640493
nonlinear,1210,pcalm,49,0.021002343828373387
nonlinear,1210,pcalm,50,0.020626239719829492
nonlinear,1210,pcalm,51,0.02020320323300669
nonlinear,1210,pcalm,52,0.019845314918502648
nonlinear,1210,pcalm,53,0.019534730719155246
nonlinear,1210,pcalm,54,0.01909735014994281
nonlinear,1210,pcalm,55,0.018844582414031467
nonlinear,1210,pcalm,56,0.018514762852340386
nonlinear,1210,pcalm,57,0.01822881581987123
nonlinear,1210,pcalm,58,0.01801655612645884
nonlinear,1210,pcalm,59,0.01774721554178096
nonlinear,1210,pcalm,60,0.01739577685242806
nonlinear,1211,pcalm,1,0.3190485910738624
nonlinear,1211,pcalm,2,0.2508447636693281
nonlinear,1211,pcalm,3,0.20333670043359678
nonlinear,1211,pcalm,4,0.16994029711395575
nonlinear,1211,pcalm,5,0.1452216076384719
nonlinear,1211,pcalm,6,0.1257503821512486
nonlinear,1211,pcalm,7,0.10978289550843064
nonlinear,1211,pcalm,8,0.09765550195045937
nonlinear,1211,pcalm,9,0.08792454320793763
nonlinear,1211,pcalm,10,0.08023171972982839
nonlinear,1211,pcalm,11,0.07401506319540457
nonlinear,1211,pcalm,12,0.06876117637244489
nonlinear,1211,pcalm,13,0.06432566222131289
nonlinear,1211,pcalm,14,0.060602439765358763
nonlinear,1211,pcalm,15,0.05714225244386233
nonlinear,1211,pcalm,16,0.05408965468371982
nonlinear,1211,pcalm,17,0.051380065042847756
nonlinear,1211,pcalm,18,0.04906293767852641
nonlinear,1211,pcalm,19,0.046893908172233566
nonlinear,1211,pcalm,20,0.04482919007333055
nonlinear,1211,pcalm,21,0.043039202845419754
nonlinear,1211,pcalm,22,0.041526351763458855
nonlinear,1211,pcalm,23,0.04007720370295822
nonlinear,1211,pcalm,24,0.03871330020744571
nonlinear,1211,pcalm,25,0.03761871323642109
nonlinear,1211,pcalm,26,0.03650402206708078
nonlinear,1211,pcalm,27,0.03555409344069919
nonlinear,1211,pcalm,28,0.03459649415077704
nonlinear,1211,pcalm,29,0.03378262869764342
nonlinear,1211,pcalm,30,0.03306682061997019
nonlinear,1211,pcalm,31,0.03235690522514303
nonlinear,1211,pcalm,32,0.0316821618645165
nonlinear,1211,pcalm,33,0.03113275745972968
nonlinear,1211,pcalm,34,0.03058121462458459
nonlinear,1211,pcalm,35,0.03006442600328334
nonlinear,1211,pcalm,36,0.0295161020947111
nonlinear,1211,pcalm,37,0.029098881443388486
nonlinear,1211,pcalm,38,0.028603280348381152
nonlinear,1211,pcalm,39,0.0281773501772359
nonlinear,1211,pcalm,40,0.02781986916496056
nonlinear,1211,pcalm,41,0.027302567124061417
nonlinear,1211,pcalm,42,0.026955735491428125
nonlinear,1211,pcalm,43,0.026768914884622543
nonlinear,1211,pcalm,44,0.0263546272635895
nonlinear,1211,pcalm,45,0.025857971213882603
nonlinear,1211,pcalm,46,0.025413529008260858
nonlinear,1211,pcalm,47,0.025129740204363538
nonlinear,1211,pcalm,48,0.024931499283116026
nonlinear,1211,pcalm,49,0.024601796537828163
nonlinear,1211,pcalm,50,0.024264516742364312
nonlinear,1211,pcalm,51,0.02385473521774396
nonlinear,1211,pcalm,52,0.023622434255006736
nonlinear,1211,pcalm,53,0.02318868192071577
nonlinear,1211,pcalm,54,0.02296780701888305
nonlinear,1211,pcalm,55,0.0226278726712693
nonlinear,1211,pcalm,56,0.022316736567491502
nonlinear,1211,pcalm,57,0.021968786111410676
nonlinear,1211,pcalm,58,0.02176424632644264
nonlinear,1211,pcalm,59,0.021505271158449597
nonlinear,1211,pcalm,60,0.021322343056291423
nonlinear,1212,pcalm,1,0.23893990320787217
nonlinear,1212,pcalm,2,0.18130691892727835
nonlinear,1212,pcalm,3,0.14459019821841343
nonlinear,1212,pcalm,4,0.11927848365633349
nonlinear,1212,pcalm,5,0.1001200134836533
nonlinear,1212,pcalm,6,0.08513889893086868
nonlinear,1212,pcalm,7,0.07356839916213377
nonlinear,1212,pcalm,8,0.06494049018445737
nonlinear,1212,pcalm,9,0.05827773191884439
nonlinear,1212,pcalm,10,0.05283486080880253
nonlinear,1212,pcalm,11,0.04880731298459262
nonlinear,1212,pcalm,12,0.04525680662565009
nonlinear,1212,pcalm,13,0.04233664695374991
nonlinear,1212,pcalm,14,0.039645501211056054
nonlinear,1212,pcalm,15,0.03734509491974218
nonlinear,1212,pcalm,16,0.03532326760789994
nonlinear,1212,pcalm,17,0.03350370660282299
nonlinear,1212,pcalm,18,0.03187372689823146
nonlinear,1212,pcalm,19,0.030346666261568844
nonlinear,1212,pcalm,20,0.029040021286484193
nonlinear,1212,pcalm,21,0.027761234973679008
nonlinear,1212,pcalm,22,0.026682230499016333
nonlinear,1212,pcalm,23,0.025687417076586238
nonlinear,1212,pcalm,24,0.024633642123941465
nonlinear,1212,pcalm,25,0.023670212460171747
nonlinear,1212,pcalm,26,0.0229300229395896
nonlinear,1212,pcalm,27,0.02212679000832653
nonlinear,1212,pcalm,28,0.02136490031373515
nonlinear,1212,pcalm,29,0.020717425340222067
nonlinear,1212,pcalm,30,0.020043415718504303
nonlinear,1212,pcalm,31,0.019361934378963223
nonlinear,1212,pcalm,32,0.018829342723676062
nonlinear,1212,pcalm,33,0.018330411054138993
nonlinear,1212,pcalm,34,0.017777865060609077
nonlinear,1212,pcalm,35,0.017309425500363157
nonlinear,1212,pcalm,36,0.016890995831748978
nonlinear,1212,pcalm,37,0.016434190973952125
nonlinear,1212,pcalm,38,0.01610930965337158
nonlinear,1212,pcalm,39,0.0157418821304369
nonlinear,1212,pcalm,40,0.015338209992787663
nonlinear,1212,pcalm,41,0.015046504531566926
nonlinear,1212,pcalm,42,0.014735806302516854
nonlinear,1212,pcalm,43,0.014420610742996111
nonlinear,1212,pcalm,44,0.014191522201910662
nonlinear,1212,pcalm,45,0.013912392087734779
nonlinear,1212,pcalm,46,0.013639522932669948
nonlinear,1212,pcalm,47,0.013446860367810266
nonlinear,1212,pcalm,48,0.013230934769040895
nonlinear,1212,pcalm,49,0.01306295487317915
nonlinear,1212,pcalm,50,0.012834063344080835
nonlinear,1212,pcalm,51,0.012622556318458497
nonlinear,1212,pcalm,52,0.012475305871947518
nonlinear,1212,pcalm,53,0.012274926118728706
nonlinear,1212,pcalm,54,0.012132180145071636
nonlinear,1212,pcalm,55,0.01200474927518269
nonlinear,1212,pcalm,56,0.011813113843225129
nonlinear,1212,pcalm,57,0.0116936440642564
nonlinear,1212,pcalm,58,0.01150224127055801
nonlinear,1212,pcalm,59,0.011356470386008169
nonlinear,1212,pcalm,60,0.011265474036496415
nonlinear,1213,pcalm,1,0.38312301682956124
nonlinear,1213,pcalm,2,0.29090434571918605
nonlinear,1213,pcalm,3,0.2257043972604921
nonlinear,1213,pcalm,4,0.18023040208081365
nonlinear,1213,pcalm,5,0.14744063374413446
nonlinear,1213,pcalm,6,0.12280895613536473
nonlinear,1213,pcalm,7,0.10459230888939397
nonlinear,1213,pcalm,8,0.09049809917416868
nonlinear,1213,pcalm,9,0.07976339483831645
nonlinear,1213,pcalm,10,0.0712732856388666
nonlinear,1213,pcalm,11,0.06444365535215547
nonlinear,1213,pcalm,12,0.05898028517527743
nonlinear,1213,pcalm,13,0.054425246091428715
nonlinear,1213,pcalm,14,0.05058946249468224
nonlinear,1213,pcalm,15,0.04743821342449738
nonlinear,1213,pcalm,16,0.04494651073814345
nonlinear,1213,pcalm,17,0.04250567657586962
nonlinear,1213,pcalm,18,0.04042969397328855
nonlinear,1213,pcalm,19,0.03866090966759494
nonlinear,1213,pcalm,20,0.03687168866649645
nonlinear,1213,pcalm,21,0.03551165157404674
nonlinear,1213,pcalm,22,0.0342489809938066
nonlinear,1213,pcalm,23,0.03294896100150228
nonlinear,1213,pcalm,24,0.03194141070626663
nonlinear,1213,pcalm,25,0.030913063264246313
nonlinear,1213,pcalm,26,0.029967112775848907
nonlinear,1213,pcalm,27,0.029203957260412777
nonlinear,1213,pcalm,28,0.028447038770657213
nonlinear,1213,pcalm,29,0.027791564947591083
nonlinear,1213,pcalm,30,0.02712861683256823
nonlinear,1213,pcalm,31,0.026464136324699346
nonlinear,1213,pcalm,32,0.025906254618219656
nonlinear,1213,pcalm,33,0.025203713501666267
nonlinear,1213,pcalm,34,0.024639748421110122
nonlinear,1213,pcalm,35,0.024336771668311594
nonlinear,1213,pcalm,36,0.023863599923826934
nonlinear,1213,pcalm,37,0.02329945282361169
nonlinear,1213,pcalm,38,0.022900554074930978
nonlinear,1213,pcalm,39,0.022410458382799273
nonlinear,1213,pcalm,40,0.02202827407177194
nonlinear,1213,pcalm,41,0.02168034888030396
nonlinear,1213,pcalm,42,0.02130298638667158
nonlinear,1213,pcalm,43,0.02095180130698697
nonlinear,1213,pcalm,44,0.0205459845496319
nonlinear,1213,pcalm,45,0.02032837203548791
nonlinear,1213,pcalm,46,0.0198895334356579
nonlinear,1213,pcalm,47,0.019662791486434465
nonlinear,1213,pcalm,48,0.019366747411328027
nonlinear,1213,pcalm,49,0.018999853538893087
nonlinear,1213,pcalm,50,0.01888829028685153
nonlinear,1213,pcalm,51,0.018597247820370668
nonlinear,1213,pcalm,52,0.018236573611472594
nonlinear,1213,pcalm,53,0.018077177858870582
nonlinear,1213,pcalm,54,0.01793449699378977
nonlinear,1213,pcalm,55,0.017516741576104087
nonlinear,1213,pcalm,56,0.017383863504183684
nonlinear,1213,pcalm,57,0.017150207205488988
nonlinear,1213,pcalm,58,0.016923050259125803
nonlinear,1213,pcalm,59,0.01671965532042613
nonlinear,1213,pcalm,60,0.016490889441190246
nonlinear,1214,pcalm,1,0.3077306502110986
nonlinear,1214,pcalm,2,0.23365000002714698
nonlinear,1214,pcalm,3,0.18346174433057796
nonlinear,1214,pcalm,4,0.1493151096032621
nonlinear,1214,pcalm,5,0.1249268172558659
nonlinear,1214,pcalm,6,0.10621387085178786
nonlinear,1214,pcalm,7,0.09210188165156313
nonlinear,1214,pcalm,8,0.08124175357072598
nonlinear,1214,pcalm,9,0.07312470034353186
nonlinear,1214,pcalm,10,0.06639726443676823
nonlinear,1214,pcalm,11,0.06119461424936002
nonlinear,1214,pcalm,12,0.05694332303230671
nonlinear,1214,pcalm,13,0.053296087113023916
nonlinear,1214,pcalm,14,0.050245265910953595
nonlinear,1214,pcalm,15,0.04747584638680985
nonlinear,1214,pcalm,16,0.04516813062314656
nonlinear,1214,pcalm,17,0.04296840323386782
nonlinear,1214,pcalm,18,0.04102406406429016
nonlinear,1214,pcalm,19,0.0392631096483519
nonlinear,1214,pcalm,20,0.037726888125696655
nonlinear,1214,pcalm,21,0.03628469101027529
nonlinear,1214,pcalm,22,0.034961867552004866
nonlinear,1214,pcalm,23,0.03365085203735863
nonlinear,1214,pcalm,24,0.03248860918266377
nonlinear,1214,pcalm,25,0.03147171902321081
nonlinear,1214,pcalm,26,0.030363167213079693
nonlinear,1214,pcalm,27,0.029513138770522793
nonlinear,1214,pcalm,28,0.02849938301520838
nonlinear,1214,pcalm,29,0.027562023607312868
nonlinear,1214,pcalm,30,0.026809555541527873
nonlinear,1214,pcalm,31,0.026122994787284415
nonlinear,1214,pcalm,32,0.02526068070389494
nonlinear,1214,pcalm,33,0.024566179692186125
nonlinear,1214,pcalm,34,0.023924250987604326
nonlinear,1214,pcalm,35,0.023160237851198636
nonlinear,1214,pcalm,36,0.022615186294162853
nonlinear,1214,pcalm,37,0.021873472323160875
nonlinear,1214,pcalm,38,0.021234599933999104
nonlinear,1214,pcalm,39,0.02064361553776544
nonlinear,1214,pcalm,40,0.020126325974169152
nonlinear,1214,pcalm,41,0.019487963939433302
nonlinear,1214,pcalm,42,0.018859687326247623
nonlinear,1214,pcalm,43,0.018376619777172077
nonlinear,1214,pcalm,44,0.01780484924003929
nonlinear,1214,pcalm,45,0.01723375214023256
nonlinear,1214,pcalm,46,0.016829747395107893
nonlinear,1214,pcalm,47,0.0162512902721036
nonlinear,1214,pcalm,48,0.015640097722160934
nonlinear,1214,pcalm,49,0.015250499312860114
nonlinear,1214,pcalm,50,0.01475227459056995
nonlinear,1214,pcalm,51,0.014364438337594607
nonlinear,1214,pcalm,52,0.013916429855649509
nonlinear,1214,pcalm,53,0.013452677284116496
nonlinear,1214,pcalm,54,0.013141879751763745
nonlinear,1214,pcalm,55,0.012723058608513712
nonlinear,1214,pcalm,56,0.012365679974602773
nonlinear,1214,pcalm,57,0.012061173129179384
nonlinear,1214,pcalm,58,0.011774471654179275
nonlinear,1214,pcalm,59,0.011463347837473561
nonlinear,1214,pcalm,60,0.01114417769178846
nonlinear,1215,pcalm,1,0.3403276814065743
nonlinear,1215,pcalm,2,0.26564271827480934
nonlinear,1215,pcalm,3,0.21604850287121571
nonlinear,1215,pcalm,4,0.1813038356688634
nonlinear,1215,pcalm,5,0.15485737070684516
nonlinear,1215,pcalm,6,0.13447443266778422
nonlinear,1215,pcalm,7,0.11779344710358775
nonlinear,1215,pcalm,8,0.10431636879620643
nonlinear,1215,pcalm,9,0.09322882848450421
nonlinear,1215,pcalm,10,0.084269221941926
nonlinear,1215,pcalm,11,0.0766339764891832
nonlinear,1215,pcalm,12,0.07009677527719695
nonlinear,1215,pcalm,13,0.06443656002096193
nonlinear,1215,pcalm,14,0.059677091140506094
nonlinear,1215,pcalm,15,0.05548245245710618
nonlinear,1215,pcalm,16,0.0520919622463753
nonlinear,1215,pcalm,17,0.049072521918304836
nonlinear,1215,pcalm,18,0.04641876583397379
nonlinear,1215,pcalm,19,0.04397583501283985
nonlinear,1215,pcalm,20,0.04180913992842162
nonlinear,1215,pcalm,21,0.03987313868188959
nonlinear,1215,pcalm,22,0.03804462727849423
nonlinear,1215,pcalm,23,0.036349295928442764
nonlinear,1215,pcalm,24,0.03474595188541597
nonlinear,1215,pcalm,25,0.03332916825638568
nonlinear,1215,pcalm,26,0.03196152421484577
nonlinear,1215,pcalm,27,0.030701554627252613
nonlinear,1215,pcalm,28,0.029394896913324104
nonlinear,1215,pcalm,29,0.02836423347791389
nonlinear,1215,pcalm,30,0.02733371616916051
nonlinear,1215,pcalm,31,0.02640725575054026
nonlinear,1215,pcalm,32,0.025478128648457526
nonlinear,1215,pcalm,33,0.024706674560202216
nonlinear,1215,pcalm,34,0.02394904573636263
nonlinear,1215,pcalm,35,0.02320303105055597
nonlinear,1215,pcalm,36,0.02257289534733628
nonlinear,1215,pcalm,37,0.021885449707145704
nonlinear,1215,pcalm,38,0.021386228643786382
nonlinear,1215,pcalm,39,0.020857049333123597
nonlinear,1215,pcalm,40,0.020410221996460132
nonlinear,1215,pcalm,41,0.019963424160572434
nonlinear,1215,pcalm,42,0.019525790928006808
nonlinear,1215,pcalm,43,0.019167418786841882
nonlinear,1215,pcalm,44,0.01885578876885922
nonlinear,1215,pcalm,45,0.018523096219804747
nonlinear,1215,pcalm,46,0.018175916487125812
nonlinear,1215,pcalm,47,0.017864892878016514
nonlinear,1215,pcalm,48,0.017603554043257377
nonlinear,1215,pcalm,49,0.01724389974062682
nonlinear,1215,pcalm,50,0.016981122291198348
nonlinear,1215,pcalm,51,0.016848025677035666
nonlinear,1215,pcalm,52,0.016604287956605804
nonlinear,1215,pcalm,53,0.016319328103418716
nonlinear,1215,pcalm,54,0.016079033369033578
nonlinear,1215,pcalm,55,0.015827708039003238
nonlinear,1215,pcalm,56,0.01565888134968458
nonlinear,1215,pcalm,57,0.015468588479554042
nonlinear,1215,pcalm,58,0.015250615864656708
nonlinear,1215,pcalm,59,0.015082017125047796
nonlinear,1215,pcalm,60,0.014884495800355085
nonlinear,1216,pcalm,1,0.30724427386300807
nonlinear,1216,pcalm,2,0.23272100594661213
nonlinear,1216,pcalm,3,0.1829144846000049
nonlinear,1216,pcalm,4,0.14838983924726415
nonlinear,1216,pcalm,5,0.12397758530609605
nonlinear,1216,pcalm,6,0.10667631075285251
nonlinear,1216,pcalm,7,0.09310442551596358
nonlinear,1216,pcalm,8,0.08263988974505161
nonlinear,1216,pcalm,9,0.07400811493103351
nonlinear,1216,pcalm,10,0.06678139658299977
nonlinear,1216,pcalm,11,0.06068726236729929
nonlinear,1216,pcalm,12,0.05543803696648162
nonlinear,1216,pcalm,13,0.050907774844287816
nonlinear,1216,pcalm,14,0.04715042138876988
nonlinear,1216,pcalm,15,0.04373851477215657
nonlinear,1216,pcalm,16,0.04069583208058622
nonlinear,1216,pcalm,17,0.03806667571615747
nonlinear,1216,pcalm,18,0.03580677875423242
nonlinear,1216,pcalm,19,0.033848639593553935
nonlinear,1216,pcalm,20,0.03201360297768283
nonlinear,1216,pcalm,21,0.030520707255810586
nonlinear,1216,pcalm,22,0.029082935689246026
nonlinear,1216,pcalm,23,0.027851081598937785
nonlinear,1216,pcalm,24,0.026771512650080754
nonlinear,1216,pcalm,25,0.02582458279103274
nonlinear,1216,pcalm,26,0.02487356676978869
nonlinear,1216,pcalm,27,0.024095371426524945
nonlinear,1216,pcalm,28,0.023299146610555006
nonlinear,1216,pcalm,29,0.02255203766027879
nonlinear,1216,pcalm,30,0.021904831881141274
nonlinear,1216,pcalm,31,0.021296551637791716
nonlinear,1216,pcalm,32,0.020776187576741285
nonlinear,1216,pcalm,33,0.020231182558035406
nonlinear,1216,pcalm,34,0.01977337608342464
nonlinear,1216,pcalm,35,0.019289967658451663
nonlinear,1216,pcalm,36,0.018835996321853163
nonlinear,1216,pcalm,37,0.01847898886262659
nonlinear,1216,pcalm,38,0.01807483740984581
nonlinear,1216,pcalm,39,0.017656597737323646
nonlinear,1216,pcalm,40,0.017351300919232208
nonlinear,1216,pcalm,41,0.01695427743394132
nonlinear,1216,pcalm,42,0.016658187519532814
nonlinear,1216,pcalm,43,0.016370802647831768
nonlinear,1216,pcalm,44,0.016048840093732853
nonlinear,1216,pcalm,45,0.015741280730388833
nonlinear,1216,pcalm,46,0.015493311324580686
nonlinear,1216,pcalm,47,0.015313310520689509
nonlinear,1216,pcalm,48,0.01504575646429975
nonlinear,1216,pcalm,49,0.01477815471888145
nonlinear,1216,pcalm,50,0.014481892760913195
nonlinear,1216,pcalm,51,0.014244546452403133
nonlinear,1216,pcalm,52,0.01399712017101534
nonlinear,1216,pcalm,53,0.013871274115185109
nonlinear,1216,pcalm,54,0.013679138844948013
nonlinear,1216,pcalm,55,0.01343212721452392
nonlinear,1216,pcalm,56,0.013206512007276983
nonlinear,1216,pcalm,57,0.013112427169447162
nonlinear,1216,pcalm,58,0.01294133878632873
nonlinear,1216,pcalm,59,0.012703650343770223
nonlinear,1216,pcalm,60,0.012561260209645009
nonlinear,1217,pcalm,1,0.3051158892605685
nonlinear,1217,pcalm,2,0.24198732844208037
nonlinear,1217,pcalm,3,0.19803771384692084
nonlinear,1217,pcalm,4,0.16853788216356091
nonlinear,1217,pcalm,5,0.14738100500024634
nonlinear,1217,pcalm,6,0.13045815421788357
nonlinear,1217,pcalm,7,0.1163401127990245
nonlinear,1217,pcalm,8,0.10477623332858095
nonlinear,1217,pcalm,9,0.09507949451832075
nonlinear,1217,pcalm,10,0.08664110273878485
nonlinear,1217,pcalm,11,0.07943512298342066
nonlinear,1217,pcalm,12,0.07306272737393428
nonlinear,1217,pcalm,13,0.06768384714905368
nonlinear,1217,pcalm,14,0.0627969918897981
nonlinear,1217,pcalm,15,0.05846274661592665
nonlinear,1217,pcalm,16,0.05467385792482702
nonlinear,1217,pcalm,17,0.05136270177611732
nonlinear,1217,pcalm,18,0.04851009541685699
nonlinear,1217,pcalm,19,0.0458951824811758
nonlinear,1217,pcalm,20,0.043815750129232174
nonlinear,1217,pcalm,21,0.041901302971399774
nonlinear,1217,pcalm,22,0.04002908120447498
nonlinear,1217,pcalm,23,0.03856575213348922
nonlinear,1217,pcalm,24,0.0372223603200483
nonlinear,1217,pcalm,25,0.03600860905704767
nonlinear,1217,pcalm,26,0.03496933495895595
nonlinear,1217,pcalm,27,0.033779402304042964
nonlinear,1217,pcalm,28,0.03272206514054776
nonlinear,1217,pcalm,29,0.031870822390939905
nonlinear,1217,pcalm,30,0.03093105233179257
nonlinear,1217,pcalm,31,0.030124196542789045
nonlinear,1217,pcalm,32,0.02930761069063127
nonlinear,1217,pcalm,33,0.02857288453193634
nonlinear,1217,pcalm,34,0.027929897883716276
nonlinear,1217,pcalm,35,0.02738121415174501
nonlinear,1217,pcalm,36,0.0265067134567904
nonlinear,1217,pcalm,37,0.026022494318486356
nonlinear,1217,pcalm,38,0.025439431485184877
nonlinear,1217,pcalm,39,0.024817031564287603
nonlinear,1217,pcalm,40,0.02443947086384322
nonlinear,1217,pcalm,41,0.024007318742126017
nonlinear,1217,pcalm,42,0.023408389162086558
nonlinear,1217,pcalm,43,0.023072497023267146
nonlinear,1217,pcalm,44,0.022700821695241732
nonlinear,1217,pcalm,45,0.022151797266947673
nonlinear,1217,pcalm,46,0.021798347625791598
nonlinear,1217,pcalm,47,0.021610824049870195
nonlinear,1217,pcalm,48,0.021114523880115643
nonlinear,1217,pcalm,49,0.02071400382404027
nonlinear,1217,pcalm,50,0.020547874368801056
nonlinear,1217,pcalm,51,0.020218020657201186
nonlinear,1217,pcalm,52,0.01986225358042242
nonlinear,1217,pcalm,53,0.019583272693128498
nonlinear,1217,pcalm,54,0.019271850303201124
nonlinear,1217,pcalm,55,0.0190297397948013
nonlinear,1217,pcalm,56,0.018768066518884036
nonlinear,1217,pcalm,57,0.018411357613963068
nonlinear,1217,pcalm,58,0.01832260184048443
nonlinear,1217,pcalm,59,0.01804810475581867
nonlinear,1217,pcalm,60,0.01781340736695824
nonlinear,1218,pcalm,1,0.3374752186759457
nonlinear,1218,pcalm,2,0.261956324644391
nonlinear,1218,pcalm,3,0.2092991659332671
nonlinear,1218,pcalm,4,0.17167135818376603
nonlinear,1218,pcalm,5,0.14331311801650296
nonlinear,1218,pcalm,6,0.12205093325589045
nonlinear,1218,pcalm,7,0.10567297321466866
nonlinear,1218,pcalm,8,0.09295791357936967
nonlinear,1218,pcalm,9,0.0831844688516179
nonlinear,1218,pcalm,10,0.07533364217620116
nonlinear,1218,pcalm,11,0.06895942059613702
nonlinear,1218,pcalm,12,0.06377139877532877
nonlinear,1218,pcalm,13,0.05942088077365217
nonlinear,1218,pcalm,14,0.05583956103614988
nonlinear,1218,pcalm,15,0.05269951530308909
nonlinear,1218,pcalm,16,0.04987914425776041
nonlinear,1218,pcalm,17,0.04761994037504425
nonlinear,1218,pcalm,18,0.045604402951774536
nonlinear,1218,pcalm,19,0.04379468348624107
nonlinear,1218,pcalm,20,0.042076485083856974
nonlinear,1218,pcalm,21,0.04063988526276579
nonlinear,1218,pcalm,22,0.039387687802040765
nonlinear,1218,pcalm,23,0.038136453665984525
nonlinear,1218,pcalm,24,0.036943009046419596
nonlinear,1218,pcalm,25,0.03593648142905706
nonlinear,1218,pcalm,26,0.034791789120780146
nonlinear,1218,pcalm,27,0.03390304247186992
nonlinear,1218,pcalm,28,0.0330892105158301
nonlinear,1218,pcalm,29,0.03222290711186911
nonlinear,1218,pcalm,30,0.03134506965689107
nonlinear,1218,pcalm,31,0.03058992074278072
nonlinear,1218,pcalm,32,0.02988948880679955
nonlinear,1218,pcalm,33,0.029255968239653412
nonlinear,1218,pcalm,34,0.028670460168660025
nonlinear,1218,pcalm,35,0.027995421434472118
nonlinear,1218,pcalm,36,0.02735543079326225
nonlinear,1218,pcalm,37,0.026764951644091827
nonlinear,1218,pcalm,38,0.026285061207887362
nonlinear,1218,pcalm,39,0.02574910482359737
nonlinear,1218,pcalm,40,0.025257457522134204
nonlinear,1218,pcalm,41,0.024723248525770264
nonlinear,1218,pcalm,42,0.024281920513546034
nonlinear,1218,pcalm,43,0.023875580905491547
nonlinear,1218,pcalm,44,0.023525705805784253
nonlinear,1218,pcalm,45,0.023187845330371243
nonlinear,1218,pcalm,46,0.022803502873358545
nonlinear,1218,pcalm,47,0.022378422268968755
nonlinear,1218,pcalm,48,0.022049820016092625
nonlinear,1218,pcalm,49,0.021721298419090606
nonlinear,1218,pcalm,50,0.021420766418076675
nonlinear,1218,pcalm,51,0.021079471932645148
nonlinear,1218,pcalm,52,0.02094401484194865
nonlinear,1218,pcalm,53,0.02075400720943305
nonlinear,1218,pcalm,54,0.020378623828961908
nonlinear,1218,pcalm,55,0.020055570375861812
nonlinear,1218,pcalm,56,0.019917933821309117
nonlinear,1218,pcalm,57,0.019719072333058665
nonlinear,1218,pcalm,58,0.019392800081206706
nonlinear,1218,pcalm,59,0.019248902129122936
nonlinear,1218,pcalm,60,0.018946572037898447
nonlinear,1219,pcalm,1,0.2923042260755699
nonlinear,1219,pcalm,2,0.21709701953571572
nonlinear,1219,pcalm,3,0.16743846553381161
nonlinear,1219,pcalm,4,0.13434924044008406
nonlinear,1219,pcalm,5,0.11166650987655051
nonlinear,1219,pcalm,6,0.09550038763713398
nonlinear,1219,pcalm,7,0.08338382879365556
nonlinear,1219,pcalm,8,0.07441671389956488
nonlinear,1219,pcalm,9,0.06738977056730393
nonlinear,1219,pcalm,10,0.06185986951636746
nonlinear,1219,pcalm,11,0.05738277890169172
nonlinear,1219,pcalm,12,0.053701233949348524
nonlinear,1219,pcalm,13,0.050556772034090175
nonlinear,1219,pcalm,14,0.047824404243723605
nonlinear,1219,pcalm,15,0.045488002705132556
nonlinear,1219,pcalm,16,0.04329705884372644
nonlinear,1219,pcalm,17,0.04139087074995772
nonlinear,1219,pcalm,18,0.039596292409723836
nonlinear,1219,pcalm,19,0.038036144659495154
nonlinear,1219,pcalm,20,0.036702553429697964
nonlinear,1219,pcalm,21,0.03536761766219227
nonlinear,1219,pcalm,22,0.03408539383875412
nonlinear,1219,pcalm,23,0.033020702039720067
nonlinear,1219,pcalm,24,0.03189133243697484
nonlinear,1219,pcalm,25,0.030882260833276217
nonlinear,1219,pcalm,26,0.03008916112666653
nonlinear,1219,pcalm,27,0.029228605115506835
nonlinear,1219,pcalm,28,0.028445959381377478
nonlinear,1219,pcalm,29,0.027587976928640585
nonlinear,1219,pcalm,30,0.02695182892254912
nonlinear,1219,pcalm,31,0.02635462157807968
nonlinear,1219,pcalm,32,0.025638289980948456
nonlinear,1219,pcalm,33,0.024977147404483282
nonlinear,1219,pcalm,34,0.024541964969888714
nonlinear,1219,pcalm,35,0.023874339971616084
nonlinear,1219,pcalm,36,0.023389356035987092
nonlinear,1219,pcalm,37,0.02285338137045942
nonlinear,1219,pcalm,38,0.022286624461020924
nonlinear,1219,pcalm,39,0.021862637115900068
nonlinear,1219,pcalm,40,0.021493804030047737
nonlinear,1219,pcalm,41,0.021073118863131835
nonlinear,1219,pcalm,42,0.02077322067250623
nonlinear,1219,pcalm,43,0.02039475355120461
nonlinear,1219,pcalm,44,0.02012064626118364
nonlinear,1219,pcalm,45,0.01983105922119101
nonlinear,1219,pcalm,46,0.019516878773312988
nonlinear,1219,pcalm,47,0.01921270594284746
nonlinear,1219,pcalm,48,0.018994739603071936
nonlinear,1219,pcalm,49,0.018701893420023943
nonlinear,1219,pcalm,50,0.01852833279307118
nonlinear,1219,pcalm,51,0.01830610376348573
nonlinear,1219,pcalm,52,0.018072880807338407
nonlinear,1219,pcalm,53,0.017850939024957692
nonlinear,1219,pcalm,54,0.01771674344551016
nonlinear,1219,pcalm,55,0.017493746211454393
nonlinear,1219,pcalm,56,0.017415465506455993
nonlinear,1219,pcalm,57,0.017209650138541407
nonlinear,1219,pcalm,58,0.016949420582393192
nonlinear,1219,pcalm,59,0.016860727656169975
nonlinear,1219,pcalm,60,0.016752031422804913
nonlinear,1200,shuffle,1,0.3560471173410013
nonlinear,1200,shuffle,2,0.2868821299745738
nonlinear,1200,shuffle,3,0.2354943513068973
nonlinear,1200,shuffle,4,0.19571156958367567
nonlinear,1200,shuffle,5,0.16517982521671679
nonlinear,1200,shuffle,6,0.14109040721484759
nonlinear,1200,shuffle,7,0.12183827174932656
nonlinear,1200,shuffle,8,0.10626103935515817
nonlinear,1200,shuffle,9,0.09363354287966558
nonlinear,1200,shuffle,10,0.08297762870739013
nonlinear,1200,shuffle,11,0.07409863191600231
nonlinear,1200,shuffle,12,0.06670472844834933
nonlinear,1200,shuffle,13,0.06041079756618758
nonlinear,1200,shuffle,14,0.05501293577034643
nonlinear,1200,shuffle,15,0.05046125871742835
nonlinear,1200,shuffle,16,0.04662842313401191
nonlinear,1200,shuffle,17,0.0436076135666964
nonlinear,1200,shuffle,18,0.040749860971650495
nonlinear,1200,shuffle,19,0.0384321560421065
nonlinear,1200,shuffle,20,0.03635613885810592
nonlinear,1200,shuffle,21,0.03450493944953038
nonlinear,1200,shuffle,22,0.03283794836457847
nonlinear,1200,shuffle,23,0.03144850777653662
nonlinear,1200,shuffle,24,0.030099340160654298
nonlinear,1200,shuffle,25,0.02892291621150507
nonlinear,1200,shuffle,26,0.02788154912742448
nonlinear,1200,shuffle,27,0.02683787346970019
nonlinear,1200,shuffle,28,0.025933985432836357
nonlinear,1200,shuffle,29,0.025136840797055842
nonlinear,1200,shuffle,30,0.024267695111492214
nonlinear,1200,shuffle,31,0.023578686631255324
nonlinear,1200,shuffle,32,0.02286119871473255
nonlinear,1200,shuffle,33,0.022228076857440115
nonlinear,1200,shuffle,34,0.021649137398756933
nonlinear,1200,shuffle,35,0.021104893061626172
nonlinear,1200,shuffle,36,0.020590577689254024
nonlinear,1200,shuffle,37,0.02011239200887955
nonlinear,1200,shuffle,38,0.01964123370220235
nonlinear,1200,shuffle,39,0.01917768114913498
nonlinear,1200,shuffle,40,0.018751033402755315
nonlinear,1200,shuffle,41,0.018368355746140864
nonlinear,1200,shuffle,42,0.01801560401223399
nonlinear,1200,shuffle,43,0.01770380160826095
nonlinear,1200,shuffle,44,0.017254022911691067
nonlinear,1200,shuffle,45,0.016937632093541048
nonlinear,1200,shuffle,46,0.01669152459765572
nonlinear,1200,shuffle,47,0.016322981768516123
nonlinear,1200,shuffle,48,0.016008478442300206
nonlinear,1200,shuffle,49,0.015727990904698556
nonlinear,1200,shuffle,50,0.015457254557137208
nonlinear,1200,shuffle,51,0.015220603003749722
nonlinear,1200,shuffle,52,0.01496460699241049
nonlinear,1200,shuffle,53,0.014696439083228997
nonlinear,1200,shuffle,54,0.014507888242535806
nonlinear,1200,shuffle,55,0.014267187973965992
nonlinear,1200,shuffle,56,0.014000402597643374
nonlinear,1200,shuffle,57,0.01378294808692033
nonlinear,1200,shuffle,58,0.013665080525018159
nonlinear,1200,shuffle,59,0.013396782542628749
nonlinear,1200,shuffle,60,0.013227088000796175
nonlinear,1201,shuffle,1,0.3370863077373167
nonlinear,1201,shuffle,2,0.2659260650585153
nonlinear,1201,shuffle,3,0.21540186933723135
nonlinear,1201,shuffle,4,0.17849974049554307
nonlinear,1201,shuffle,5,0.15098177063003387
nonlinear,1201,shuffle,6,0.13065364238305768
nonlinear,1201,shuffle,7,0.11505803996103318
nonlinear,1201,shuffle,8,0.10242460545087455
nonlinear,1201,shuffle,9,0.09199979708759283
nonlinear,1201,shuffle,10,0.08311224950947758
nonlinear,1201,shuffle,11,0.07603741491790669
nonlinear,1201,shuffle,12,0.06994097937019869
nonlinear,1201,shuffle,13,0.06451988370651492
nonlinear,1201,shuffle,14,0.060040454921800525
nonlinear,1201,shuffle,15,0.05623988399777454
nonlinear,1201,shuffle,16,0.05278899979644447
nonlinear,1201,shuffle,17,0.04990751596565284
nonlinear,1201,shuffle,18,0.04730870139333095
nonlinear,1201,shuffle,19,0.044960443468277655
nonlinear,1201,shuffle,20,0.04277803258420704
nonlinear,1201,shuffle,21,0.040842038217177995
nonlinear,1201,shuffle,22,0.03921294787596972
nonlinear,1201,shuffle,23,0.03785094638274946
nonlinear,1201,shuffle,24,0.03660105473982938
nonlinear,1201,shuffle,25,0.035384664696802924
nonlinear,1201,shuffle,26,0.03441791568557543
nonlinear,1201,shuffle,27,0.03328794536332483
nonlinear,1201,shuffle,28,0.03247513433414093
nonlinear,1201,shuffle,29,0.03163365163186705
nonlinear,1201,shuffle,30,0.03074523743294441
nonlinear,1201,shuffle,31,0.03007482604860075
nonlinear,1201,shuffle,32,0.029479855521497966
nonlinear,1201,shuffle,33,0.028795592856991587
nonlinear,1201,shuffle,34,0.02809467263236821
nonlinear,1201,shuffle,35,0.027645573496568498
nonlinear,1201,shuffle,36,0.027148719312969166
nonlinear,1201,shuffle,37,0.026680961015403917
nonlinear,1201,shuffle,38,0.026227911073289492
nonlinear,1201,shuffle,39,0.025773747687731944
nonlinear,1201,shuffle,40,0.025311807858562362
nonlinear,1201,shuffle,41,0.024904582132412933
nonlinear,1201,shuffle,42,0.02451096648612448
nonlinear,1201,shuffle,43,0.024141964693657415
nonlinear,1201,shuffle,44,0.023734102765899847
nonlinear,1201,shuffle,45,0.023464421544058662
nonlinear,1201,shuffle,46,0.023086117492876593
nonlinear,1201,shuffle,47,0.022731696648309558
nonlinear,1201,shuffle,48,0.02247503696762033
nonlinear,1201,shuffle,49,0.022340184800918816
nonlinear,1201,shuffle,50,0.02186536713059511
nonlinear,1201,shuffle,51,0.02161997890445258
nonlinear,1201,shuffle,52,0.021337710966056047
nonlinear,1201,shuffle,53,0.021084152727531644
nonlinear,1201,shuffle,54,0.02079414907537099
nonlinear,1201,shuffle,55,0.020561813322920428
nonlinear,1201,shuffle,56,0.020370246110459244
nonlinear,1201,shuffle,57,0.020128390975523727
nonlinear,1201,shuffle,58,0.019892196294104776
nonlinear,1201,shuffle,59,0.01970679205442753
nonlinear,1201,shuffle,60,0.019491855174684814
nonlinear,1202,shuffle,1,0.3490413722565045
nonlinear,1202,shuffle,2,0.27472879854664506
nonlinear,1202,shuffle,3,0.22363452496381786
nonlinear,1202,shuffle,4,0.1856379023919634
nonlinear,1202,shuffle,5,0.1571956753960002
nonlinear,1202,shuffle,6,0.1352310327640058
nonlinear,1202,shuffle,7,0.11785528447388167
nonlinear,1202,shuffle,8,0.10426634686097873
nonlinear,1202,shuffle,9,0.09342592905788749
nonlinear,1202,shuffle,10,0.08433974417478478
nonlinear,1202,shuffle,11,0.07725259328912218
nonlinear,1202,shuffle,12,0.07126865547719488
nonlinear,1202,shuffle,13,0.06634651544251381
nonlinear,1202,shuffle,14,0.062366629247976146
nonlinear,1202,shuffle,15,0.058730772305358996
nonlinear,1202,shuffle,16,0.05575718618416667
nonlinear,1202,shuffle,17,0.053144648207099486
nonlinear,1202,shuffle,18,0.050861135345575424
nonlinear,1202,shuffle,19,0.04885600201990362
nonlinear,1202,shuffle,20,0.04723714144649455
nonlinear,1202,shuffle,21,0.04577636540852414
nonlinear,1202,shuffle,22,0.044460475614364336
nonlinear,1202,shuffle,23,0.043053231469896334
nonlinear,1202,shuffle,24,0.042010137715926286
nonlinear,1202,shuffle,25,0.040744277487171125
nonlinear,1202,shuffle,26,0.03971558991649374
nonlinear,1202,shuffle,27,0.03901866785798151
nonlinear,1202,shuffle,28,0.03810321191391023
nonlinear,1202,shuffle,29,0.037239216282099336
nonlinear,1202,shuffle,30,0.036374174522177304
nonlinear,1202,shuffle,31,0.03571826850195226
nonlinear,1202,shuffle,32,0.03505433068785231
nonlinear,1202,shuffle,33,0.034392218868803955
nonlinear,1202,shuffle,34,0.033793300340401074
nonlinear,1202,shuffle,35,0.03324534348328155
nonlinear,1202,shuffle,36,0.03244335249781042
nonlinear,1202,shuffle,37,0.0320118527830856
nonlinear,1202,shuffle,38,0.03154646477976822
nonlinear,1202,shuffle,39,0.030880774033934025
nonlinear,1202,shuffle,40,0.030505662783998595
nonlinear,1202,shuffle,41,0.029959877903032534
nonlinear,1202,shuffle,42,0.029731868429993803
nonlinear,1202,shuffle,43,0.029281144991805817
nonlinear,1202,shuffle,44,0.028562037187192097
nonlinear,1202,shuffle,45,0.028073992799913478
nonlinear,1202,shuffle,46,0.027917012326990908
nonlinear,1202,shuffle,47,0.02747448799715498
nonlinear,1202,shuffle,48,0.027009202110332444
nonlinear,1202,shuffle,49,0.026602642987209203
nonlinear,1202,shuffle,50,0.02633628647342034
nonlinear,1202,shuffle,51,0.0261594706505064
nonlinear,1202,shuffle,52,0.025551294898710483
nonlinear,1202,shuffle,53,0.025223680663564053
nonlinear,1202,shuffle,54,0.025164545325333455
nonlinear,1202,shuffle,55,0.024731339352576303
nonlinear,1202,shuffle,56,0.02432083344717793
nonlinear,1202,shuffle,57,0.0242229448273221
nonlinear,1202,shuffle,58,0.023806298062666677
nonlinear,1202,shuffle,59,0.02341895334651876
nonlinear,1202,shuffle,60,0.02347599391055696
nonlinear,1203,shuffle,1,0.29683105969100215
nonlinear,1203,shuffle,2,0.2384514834021323
nonlinear,1203,shuffle,3,0.1979740197298275
nonlinear,1203,shuffle,4,0.16878896773712104
nonlinear,1203,shuffle,5,0.14672800461863925
nonlinear,1203,shuffle,6,0.12984895500126892
nonlinear,1203,shuffle,7,0.11612655363096376
nonlinear,1203,shuffle,8,0.1048994056129755
nonlinear,1203,shuffle,9,0.09581950123798261
nonlinear,1203,shuffle,10,0.08772177772775132
nonlinear,1203,shuffle,11,0.08073204847450859
nonlinear,1203,shuffle,12,0.07481430828186036
nonlinear,1203,shuffle,13,0.06944477430926012
nonlinear,1203,shuffle,14,0.06437903977387015
nonlinear,1203,shuffle,15,0.060046041020975306
nonlinear,1203,shuffle,16,0.05621576156654776
nonlinear,1203,shuffle,17,0.052828572006349946
nonlinear,1203,shuffle,18,0.049940586522452445
nonlinear,1203,shuffle,19,0.04715215621694918
nonlinear,1203,shuffle,20,0.04495489718300691
nonlinear,1203,shuffle,21,0.043011907361025815
nonlinear,1203,shuffle,22,0.04119657485424879
nonlinear,1203,shuffle,23,0.03972117378707716
nonlinear,1203,shuffle,24,0.038293475485721006
nonlinear,1203,shuffle,25,0.036885631854736985
nonlinear,1203,shuffle,26,0.03585045565286104
nonlinear,1203,shuffle,27,0.03485577876514329
nonlinear,1203,shuffle,28,0.03387928944039814
nonlinear,1203,shuffle,29,0.032998678640315804
nonlinear,1203,shuffle,30,0.032148791929715564
nonlinear,1203,shuffle,31,0.031386297676496644
nonlinear,1203,shuffle,32,0.030583853333217587
nonlinear,1203,shuffle,33,0.029835670476421494
nonlinear,1203,shuffle,34,0.029060304187845682
nonlinear,1203,shuffle,35,0.028398727248959792
nonlinear,1203,shuffle,36,0.02782563232834725
nonlinear,1203,shuffle,37,0.0274342360866065
nonlinear,1203,shuffle,38,0.026889447117614252
nonlinear,1203,shuffle,39,0.026132660497474786
nonlinear,1203,shuffle,40,0.025546083321307884
nonlinear,1203,shuffle,41,0.025091998846156104
nonlinear,1203,shuffle,42,0.024707679592540915
nonlinear,1203,shuffle,43,0.024346517102393286
nonlinear,1203,shuffle,44,0.023902140192294027
nonlinear,1203,shuffle,45,0.023439733069184215
nonlinear,1203,shuffle,46,0.02311868584713422
nonlinear,1203,shuffle,47,0.022739550737688876
nonlinear,1203,shuffle,48,0.022484507497872685
nonlinear,1203,shuffle,49,0.022190151430387443
nonlinear,1203,shuffle,50,0.021715085288641658
nonlinear,1203,shuffle,51,0.02148879283290467
nonlinear,1203,shuffle,52,0.021218876698680566
nonlinear,1203,shuffle,53,0.021105546329916944
nonlinear,1203,shuffle,54,0.020818844825880322
nonlinear,1203,shuffle,55,0.020553530832894084
nonlinear,1203,shuffle,56,0.020395238131847324
nonlinear,1203,shuffle,57,0.020155824805849886
nonlinear,1203,shuffle,58,0.019996622249202047
nonlinear,1203,shuffle,59,0.019721677748778865
nonlinear,1203,shuffle,60,0.019616945113552144
nonlinear,1204,shuffle,1,0.2743492477354137
nonlinear,1204,shuffle,2,0.21013732035935861
nonlinear,1204,shuffle,3,0.16738310611668814
nonlinear,1204,shuffle,4,0.13773521488135324
nonlinear,1204,shuffle,5,0.11636937139806065
nonlinear,1204,shuffle,6,0.10029856435792235
nonlinear,1204,shuffle,7,0.08777748665990755
nonlinear,1204,shuffle,8,0.07769012032014327
nonlinear,1204,shuffle,9,0.06962527604882407
nonlinear,1204,shuffle,10,0.06308327944013953
nonlinear,1204,shuffle,11,0.05785873186681794
nonlinear,1204,shuffle,12,0.05359741012421778
nonlinear,1204,shuffle,13,0.050131875116708226
nonlinear,1204,shuffle,14,0.047085772230815164
nonlinear,1204,shuffle,15,0.04460146158293301
nonlinear,1204,shuffle,16,0.04242220919658291
nonlinear,1204,shuffle,17,0.04036316503873157
nonlinear,1204,shuffle,18,0.03868639122828794
nonlinear,1204,shuffle,19,0.03730105723134942
nonlinear,1204,shuffle,20,0.03592407112861091
nonlinear,1204,shuffle,21,0.03463268869321188
nonlinear,1204,shuffle,22,0.0335008564823657
nonlinear,1204,shuffle,23,0.03259355920232956
nonlinear,1204,shuffle,24,0.03173337799079977
nonlinear,1204,shuffle,25,0.031007846357854252
nonlinear,1204,shuffle,26,0.030262369681920465
nonlinear,1204,shuffle,27,0.029551258222776877
nonlinear,1204,shuffle,28,0.02899581984326499
nonlinear,1204,shuffle,29,0.028414683324328643
nonlinear,1204,shuffle,30,0.028031424885251288
nonlinear,1204,shuffle,31,0.027538167774903352
nonlinear,1204,shuffle,32,0.027095211043725795
nonlinear,1204,shuffle,33,0.026711460553096252
nonlinear,1204,shuffle,34,0.026283370373152964
nonlinear,1204,shuffle,35,0.025796113523827907
nonlinear,1204,shuffle,36,0.025512902398071444
nonlinear,1204,shuffle,37,0.02527547625260826
nonlinear,1204,shuffle,38,0.024998222646036457
nonlinear,1204,shuffle,39,0.024669466000880352
nonlinear,1204,shuffle,40,0.024393168147442926
nonlinear,1204,shuffle,41,0.02408488352770365
nonlinear,1204,shuffle,42,0.023968908126128587
nonlinear,1204,shuffle,43,0.023673993472275615
nonlinear,1204,shuffle,44,0.023442797583833618
nonlinear,1204,shuffle,45,0.023340645387926216
nonlinear,1204,shuffle,46,0.02321944556428043
nonlinear,1204,shuffle,47,0.022929927939757955
nonlinear,1204,shuffle,48,0.02278661180573825
nonlinear,1204,shuffle,49,0.022635969105127243
nonlinear,1204,shuffle,50,0.022451349506604396
nonlinear,1204,shuffle,51,0.022245518265746857
nonlinear,1204,shuffle,52,0.022170415424775106
nonlinear,1204,shuffle,53,0.022093263652260164
nonlinear,1204,shuffle,54,0.02183227299731279
nonlinear,1204,shuffle,55,0.02162064225883421
nonlinear,1204,shuffle,56,0.021543727133124847
nonlinear,1204,shuffle,57,0.02145634367641976
nonlinear,1204,shuffle,58,0.021332250705400874
nonlinear,1204,shuffle,59,0.021163704697419083
nonlinear,1204,shuffle,60,0.020977807649869017
nonlinear,1205,shuffle,1,0.30751306523358196
nonlinear,1205,shuffle,2,0.24293862255696905
nonlinear,1205,shuffle,3,0.19563788327739606
nonlinear,1205,shuffle,4,0.15977486029677934
nonlinear,1205,shuffle,5,0.13176830721983632
nonlinear,1205,shuffle,6,0.11027839837182536
nonlinear,1205,shuffle,7,0.09352632122740878
nonlinear,1205,shuffle,8,0.08043806660844195
nonlinear,1205,shuffle,9,0.07021102260922966
nonlinear,1205,shuffle,10,0.062420004369352466
nonlinear,1205,shuffle,11,0.056291289460134626
nonlinear,1205,shuffle,12,0.051248975189007916
nonlinear,1205,shuffle,13,0.047177045254073846
nonlinear,1205,shuffle,14,0.04383335666703273
nonlinear,1205,shuffle,15,0.041075028955790065
nonlinear,1205,shuffle,16,0.03864460719887932
nonlinear,1205,shuffle,17,0.036588276187656595
nonlinear,1205,shuffle,18,0.034792675451162776
nonlinear,1205,shuffle,19,0.03336631857289046
nonlinear,1205,shuffle,20,0.0321377476200719
nonlinear,1205,shuffle,21,0.031051252770939425
nonlinear,1205,shuffle,22,0.0300985991065414
nonlinear,1205,shuffle,23,0.029247243075660567
nonlinear,1205,shuffle,24,0.02853978177067167
nonlinear,1205,shuffle,25,0.027796048804775292
nonlinear,1205,shuffle,26,0.02720270336173682
nonlinear,1205,shuffle,27,0.026592039108056093
nonlinear,1205,shuffle,28,0.026096093278512828
nonlinear,1205,shuffle,29,0.025605969813582024
nonlinear,1205,shuffle,30,0.02516577265968652
nonlinear,1205,shuffle,31,0.024634699637583763
nonlinear,1205,shuffle,32,0.024348643070078144
nonlinear,1205,shuffle,33,0.02387368376673983
nonlinear,1205,shuffle,34,0.023546129531489882
nonlinear,1205,shuffle,35,0.02322187440835825
nonlinear,1205,shuffle,36,0.022827240781294198
nonlinear,1205,shuffle,37,0.022510490887901618
nonlinear,1205,shuffle,38,0.022204563606567057
nonlinear,1205,shuffle,39,0.0219577426187296
nonlinear,1205,shuffle,40,0.021629733552871566
nonlinear,1205,shuffle,41,0.021340703548632555
nonlinear,1205,shuffle,42,0.021128971891511583
nonlinear,1205,shuffle,43,0.02084531470182725
nonlinear,1205,shuffle,44,0.020557169085901855
nonlinear,1205,shuffle,45,0.020373710511786745
nonlinear,1205,shuffle,46,0.02017333803492721
nonlinear,1205,shuffle,47,0.01997410418324307
nonlinear,1205,shuffle,48,0.01969815061929103
nonlinear,1205,shuffle,49,0.019469265915091693
nonlinear,1205,shuffle,50,0.019290993922232807
nonlinear,1205,shuffle,51,0.019047396810251197
nonlinear,1205,shuffle,52,0.01890679762335334
nonlinear,1205,shuffle,53,0.01864165761970511
nonlinear,1205,shuffle,54,0.01841042741062893
nonlinear,1205,shuffle,55,0.01834860982886084
nonlinear,1205,shuffle,56,0.018104549775780607
nonlinear,1205,shuffle,57,0.017926495425311093
nonlinear,1205,shuffle,58,0.017808851399116213
nonlinear,1205,shuffle,59,0.0176104475084248
nonlinear,1205,shuffle,60,0.017403305492704513
nonlinear,1206,shuffle,1,0.40730405007118015
nonlinear,1206,shuffle,2,0.32885365118773485
nonlinear,1206,shuffle,3,0.2697768846413263
nonlinear,1206,shuffle,4,0.2223567911789001
nonlinear,1206,shuffle,5,0.18513696915725805
nonlinear,1206,shuffle,6,0.15595301914730694
nonlinear,1206,shuffle,7,0.13318335775854281
nonlinear,1206,shuffle,8,0.11530266280462664
nonlinear,1206,shuffle,9,0.10096569745188487
nonlinear,1206,shuffle,10,0.08974157744243157
nonlinear,1206,shuffle,11,0.08088315021768422
nonlinear,1206,shuffle,12,0.07371840061554684
nonlinear,1206,shuffle,13,0.06770949639581035
nonlinear,1206,shuffle,14,0.06278913607078794
nonlinear,1206,shuffle,15,0.05856407676045152
nonlinear,1206,shuffle,16,0.05495637951904492
nonlinear,1206,shuffle,17,0.0518673262041958
nonlinear,1206,shuffle,18,0.04922521943297294
nonlinear,1206,shuffle,19,0.046756448453433276
nonlinear,1206,shuffle,20,0.044662369147302726
nonlinear,1206,shuffle,21,0.04286007361336749
nonlinear,1206,shuffle,22,0.041165627549452084
nonlinear,1206,shuffle,23,0.03964746845775615
nonlinear,1206,shuffle,24,0.03839433645713238
nonlinear,1206,shuffle,25,0.03726941240425918
nonlinear,1206,shuffle,26,0.036215777936718624
nonlinear,1206,shuffle,27,0.03524306663057757
nonlinear,1206,shuffle,28,0.03431785128947721
nonlinear,1206,shuffle,29,0.03347334528874882
nonlinear,1206,shuffle,30,0.03274684476985857
nonlinear,1206,shuffle,31,0.03204188396087891
nonlinear,1206,shuffle,32,0.03142781063574033
nonlinear,1206,shuffle,33,0.03088029722180255
nonlinear,1206,shuffle,34,0.030348013390949474
nonlinear,1206,shuffle,35,0.029720842563019035
nonlinear,1206,shuffle,36,0.029177640533197435
nonlinear,1206,shuffle,37,0.0286842042624255
nonlinear,1206,shuffle,38,0.02831824133054522
nonlinear,1206,shuffle,39,0.028009334220998234
nonlinear,1206,shuffle,40,0.027636897711678963
nonlinear,1206,shuffle,41,0.027172561125942036
nonlinear,1206,shuffle,42,0.026849473031661186
nonlinear,1206,shuffle,43,0.026451028165402044
nonlinear,1206,shuffle,44,0.026101899757118897
nonlinear,1206,shuffle,45,0.025850946913947886
nonlinear,1206,shuffle,46,0.025621642106571654
nonlinear,1206,shuffle,47,0.025251817006161276
nonlinear,1206,shuffle,48,0.025003923570189265
nonlinear,1206,shuffle,49,0.024881684354025938
nonlinear,1206,shuffle,50,0.02450561991212645
nonlinear,1206,shuffle,51,0.024246304907766386
nonlinear,1206,shuffle,52,0.02394712619945546
nonlinear,1206,shuffle,53,0.023947645650690783
nonlinear,1206,shuffle,54,0.02361845621867356
nonlinear,1206,shuffle,55,0.023314015286338835
nonlinear,1206,shuffle,56,0.023217213019292502
nonlinear,1206,shuffle,57,0.02294382457731119
nonlinear,1206,shuffle,58,0.022816745361756107
nonlinear,1206,shuffle,59,0.022623148068623897
nonlinear,1206,shuffle,60,0.02247790334074939
nonlinear,1207,shuffle,1,0.28496819029987286
nonlinear,1207,shuffle,2,0.22041693535030227
nonlinear,1207,shuffle,3,0.1747073487035997
nonlinear,1207,shuffle,4,0.1421977194810109
nonlinear,1207,shuffle,5,0.11942031822287504
nonlinear,1207,shuffle,6,0.1029327971067221
nonlinear,1207,shuffle,7,0.09050037241612423
nonlinear,1207,shuffle,8,0.08064197970189742
nonlinear,1207,shuffle,9,0.07252841811583106
nonlinear,1207,shuffle,10,0.06571322710308157
nonlinear,1207,shuffle,11,0.05975476479842349
nonlinear,1207,shuffle,12,0.05468957701330651
nonlinear,1207,shuffle,13,0.050256084409655864
nonlinear,1207,shuffle,14,0.046435615005996383
nonlinear,1207,shuffle,15,0.04302764613611043
nonlinear,1207,shuffle,16,0.04014499587225392
nonlinear,1207,shuffle,17,0.03756021845236736
nonlinear,1207,shuffle,18,0.03539556059267187
nonlinear,1207,shuffle,19,0.033547007930536415
nonlinear,1207,shuffle,20,0.031967912694523655
nonlinear,1207,shuffle,21,0.030504790291068163
nonlinear,1207,shuffle,22,0.02925123055834712
nonlinear,1207,shuffle,23,0.02816798097192665
nonlinear,1207,shuffle,24,0.02706275206347093
nonlinear,1207,shuffle,25,0.026238832861756073
nonlinear,1207,shuffle,26,0.025472763429130504
nonlinear,1207,shuffle,27,0.02467113434651925
nonlinear,1207,shuffle,28,0.0239448862826443
nonlinear,1207,shuffle,29,0.023348466833229695
nonlinear,1207,shuffle,30,0.02276712666583744
nonlinear,1207,shuffle,31,0.02216772322576398
nonlinear,1207,shuffle,32,0.021657060348246087
nonlinear,1207,shuffle,33,0.02114954733295608
nonlinear,1207,shuffle,34,0.020643436017455663
nonlinear,1207,shuffle,35,0.020223926148562166
nonlinear,1207,shuffle,36,0.019846413913273932
nonlinear,1207,shuffle,37,0.0194037705297005
nonlinear,1207,shuffle,38,0.018976035773717263
nonlinear,1207,shuffle,39,0.018682024597163355
nonlinear,1207,shuffle,40,0.018392085655992513
nonlinear,1207,shuffle,41,0.01799757978320937
nonlinear,1207,shuffle,42,0.017712224789648786
nonlinear,1207,shuffle,43,0.01746197006116928
nonlinear,1207,shuffle,44,0.01710761017312681
nonlinear,1207,shuffle,45,0.01681617142041797
nonlinear,1207,shuffle,46,0.0166429307414003
nonlinear,1207,shuffle,47,0.016411826765429433
nonlinear,1207,shuffle,48,0.016123257913325292
nonlinear,1207,shuffle,49,0.01585734284334519
nonlinear,1207,shuffle,50,0.015686833084913
nonlinear,1207,shuffle,51,0.015511223446515801
nonlinear,1207,shuffle,52,0.015194220033660567
nonlinear,1207,shuffle,53,0.015065766856360097
nonlinear,1207,shuffle,54,0.014886488789137406
nonlinear,1207,shuffle,55,0.014612428251889775
nonlinear,1207,shuffle,56,0.014462438833100132
nonlinear,1207,shuffle,57,0.014321438171789236
nonlinear,1207,shuffle,58,0.014164849333465214
nonlinear,1207,shuffle,59,0.013910425800848654
nonlinear,1207,shuffle,60,0.013785967792578117
nonlinear,1208,shuffle,1,0.33424104498990026
nonlinear,1208,shuffle,2,0.26376644236435787
nonlinear,1208,shuffle,3,0.2151958200376616
nonlinear,1208,shuffle,4,0.18108121586711942
nonlinear,1208,shuffle,5,0.15513152694603752
nonlinear,1208,shuffle,6,0.13480776137699188
nonlinear,1208,shuffle,7,0.11802147114809898
nonlinear,1208,shuffle,8,0.10399510061846055
nonlinear,1208,shuffle,9,0.09224127442886963
nonlinear,1208,shuffle,10,0.08240369427271475
nonlinear,1208,shuffle,11,0.07440286920507373
nonlinear,1208,shuffle,12,0.06784298069494016
nonlinear,1208,shuffle,13,0.06227747543067169
nonlinear,1208,shuffle,14,0.057472097705347024
nonlinear,1208,shuffle,15,0.05332373823752896
nonlinear,1208,shuffle,16,0.04972718535573376
nonlinear,1208,shuffle,17,0.04655993135690604
nonlinear,1208,shuffle,18,0.043695016453312134
nonlinear,1208,shuffle,19,0.041217772041502766
nonlinear,1208,shuffle,20,0.03903914780472149
nonlinear,1208,shuffle,21,0.03689869377860153
nonlinear,1208,shuffle,22,0.035143866788092754
nonlinear,1208,shuffle,23,0.03354951397251648
nonlinear,1208,shuffle,24,0.032086880183689576
nonlinear,1208,shuffle,25,0.030855859609625905
nonlinear,1208,shuffle,26,0.029711913136609865
nonlinear,1208,shuffle,27,0.02865074965590045
nonlinear,1208,shuffle,28,0.027698045720540326
nonlinear,1208,shuffle,29,0.02684637853608371
nonlinear,1208,shuffle,30,0.0260420452099534
nonlinear,1208,shuffle,31,0.02526361850097132
nonlinear,1208,shuffle,32,0.024570994325077488
nonlinear,1208,shuffle,33,0.023943306538772868
nonlinear,1208,shuffle,34,0.02342163604903814
nonlinear,1208,shuffle,35,0.022869884895087577
nonlinear,1208,shuffle,36,0.02240172364437425
nonlinear,1208,shuffle,37,0.021938152014170015
nonlinear,1208,shuffle,38,0.021528680293710776
nonlinear,1208,shuffle,39,0.02105292367743289
nonlinear,1208,shuffle,40,0.020733767405407905
nonlinear,1208,shuffle,41,0.02030012903833721
nonlinear,1208,shuffle,42,0.019960782357068923
nonlinear,1208,shuffle,43,0.019691656624739196
nonlinear,1208,shuffle,44,0.01932614913596971
nonlinear,1208,shuffle,45,0.01901562732522836
nonlinear,1208,shuffle,46,0.018721155919431392
nonlinear,1208,shuffle,47,0.018450434362186904
nonlinear,1208,shuffle,48,0.018226166237999417
nonlinear,1208,shuffle,49,0.017880141943826793
nonlinear,1208,shuffle,50,0.01766255977859328
nonlinear,1208,shuffle,51,0.017388071254686912
nonlinear,1208,shuffle,52,0.017133773102503507
nonlinear,1208,shuffle,53,0.016936645266551423
nonlinear,1208,shuffle,54,0.01668827600742626
nonlinear,1208,shuffle,55,0.016463532074983286
nonlinear,1208,shuffle,56,0.016234442520782797
nonlinear,1208,shuffle,57,0.01599159990583735
nonlinear,1208,shuffle,58,0.015792093425755892
nonlinear,1208,shuffle,59,0.015615510585255522
nonlinear,1208,shuffle,60,0.015456555739068711
nonlinear,1209,shuffle,1,0.3541747942620286
nonlinear,1209,shuffle,2,0.26678364777085517
nonlinear,1209,shuffle,3,0.20684921877726103
nonlinear,1209,shuffle,4,0.1654720995096581
nonlinear,1209,shuffle,5,0.13589165129730343
nonlinear,1209,shuffle,6,0.11355118354561573
nonlinear,1209,shuffle,7,0.09711456965913305
nonlinear,1209,shuffle,8,0.0842978624257648
nonlinear,1209,shuffle,9,0.07402999903527274
nonlinear,1209,shuffle,10,0.06617474416541813
nonlinear,1209,shuffle,11,0.059611115993144254
nonlinear,1209,shuffle,12,0.05412256763434914
nonlinear,1209,shuffle,13,0.04986838683500335
nonlinear,1209,shuffle,14,0.046334659424926004
nonlinear,1209,shuffle,15,0.04327837330323914
nonlinear,1209,shuffle,16,0.04066261954865962
nonlinear,1209,shuffle,17,0.038397224964364124
nonlinear,1209,shuffle,18,0.03660116944889549
nonlinear,1209,shuffle,19,0.03514824786983466
nonlinear,1209,shuffle,20,0.03372769371933261
nonlinear,1209,shuffle,21,0.03251234275105741
nonlinear,1209,shuffle,22,0.031439655605851685
nonlinear,1209,shuffle,23,0.030623256254238954
nonlinear,1209,shuffle,24,0.029783328109765236
nonlinear,1209,shuffle,25,0.029035553238654737
nonlinear,1209,shuffle,26,0.02842596719195718
nonlinear,1209,shuffle,27,0.027844005335929217
nonlinear,1209,shuffle,28,0.02729041398217008
nonlinear,1209,shuffle,29,0.026857061251118225
nonlinear,1209,shuffle,30,0.02631186880880054
nonlinear,1209,shuffle,31,0.025930005997799998
nonlinear,1209,shuffle,32,0.025600389454355874
nonlinear,1209,shuffle,33,0.02504311875118527
nonlinear,1209,shuffle,34,0.0248144967710793
nonlinear,1209,shuffle,35,0.02456752618611846
nonlinear,1209,shuffle,36,0.024134906645636323
nonlinear,1209,shuffle,37,0.023789670361202272
nonlinear,1209,shuffle,38,0.0235527804159163
nonlinear,1209,shuffle,39,0.023205421567714744
nonlinear,1209,shuffle,40,0.02291836098943491
nonlinear,1209,shuffle,41,0.02267443259709638
nonlinear,1209,shuffle,42,0.022312898914009855
nonlinear,1209,shuffle,43,0.02205123683972897
nonlinear,1209,shuffle,44,0.02182909341199588
nonlinear,1209,shuffle,45,0.021602451463537994
nonlinear,1209,shuffle,46,0.021422149655090334
nonlinear,1209,shuffle,47,0.021003747137869986
nonlinear,1209,shuffle,48,0.020788976274676508
nonlinear,1209,shuffle,49,0.02050770563385369
nonlinear,1209,shuffle,50,0.02031000114315368
nonlinear,1209,shuffle,51,0.019996297130331117
nonlinear,1209,shuffle,52,0.019866183262865347
nonlinear,1209,shuffle,53,0.01961297717745961
nonlinear,1209,shuffle,54,0.01949389793108675
nonlinear,1209,shuffle,55,0.019183912848150013
nonlinear,1209,shuffle,56,0.019061644171276062
nonlinear,1209,shuffle,57,0.018829561239897524
nonlinear,1209,shuffle,58,0.018587287023174644
nonlinear,1209,shuffle,59,0.018405574076685974
nonlinear,1209,shuffle,60,0.01826423019606034
nonlinear,1210,shuffle,1,0.3879655408533851
nonlinear,1210,shuffle,2,0.2962568777039827
nonlinear,1210,shuffle,3,0.2303411001780303
nonlinear,1210,shuffle,4,0.1836700772832526
nonlinear,1210,shuffle,5,0.1501049270338085
nonlinear,1210,shuffle,6,0.12559854070441012
nonlinear,1210,shuffle,7,0.1077368843320456
nonlinear,1210,shuffle,8,0.09460644456150129
nonlinear,1210,shuffle,9,0.08498038774874639
nonlinear,1210,shuffle,10,0.07713560759351558
nonlinear,1210,shuffle,11,0.07078535698572086
nonlinear,1210,shuffle,12,0.0655792399816403
nonlinear,1210,shuffle,13,0.06115456496112783
nonlinear,1210,shuffle,14,0.05734207559102822
nonlinear,1210,shuffle,15,0.05393282315824103
nonlinear,1210,shuffle,16,0.05105824271129761
nonlinear,1210,shuffle,17,0.04856958904044666
nonlinear,1210,shuffle,18,0.04643207516377195
nonlinear,1210,shuffle,19,0.04456833545519493
nonlinear,1210,shuffle,20,0.04264101002065724
nonlinear,1210,shuffle,21,0.0410419876630552
nonlinear,1210,shuffle,22,0.03959127119762406
nonlinear,1210,shuffle,23,0.03827300535497841
nonlinear,1210,shuffle,24,0.03705537019207137
nonlinear,1210,shuffle,25,0.03589008084563398
nonlinear,1210,shuffle,26,0.03488674432999789
nonlinear,1210,shuffle,27,0.03394838243896665
nonlinear,1210,shuffle,28,0.033035221060415065
nonlinear,1210,shuffle,29,0.03217638594765218
nonlinear,1210,shuffle,30,0.03134228975919611
nonlinear,1210,shuffle,31,0.03054576089393581
nonlinear,1210,shuffle,32,0.029837489577442016
nonlinear,1210,shuffle,33,0.029204683176706516
nonlinear,1210,shuffle,34,0.02851205163255255
nonlinear,1210,shuffle,35,0.027924472629028457
nonlinear,1210,shuffle,36,0.027265291036660807
nonlinear,1210,shuffle,37,0.02670140635276724
nonlinear,1210,shuffle,38,0.02614070946984684
nonlinear,1210,shuffle,39,0.025614256007179065
nonlinear,1210,shuffle,40,0.025109819765982106
nonlinear,1210,shuffle,41,0.02462026432671489
nonlinear,1210,shuffle,42,0.024056970294132004
nonlinear,1210,shuffle,43,0.02355642521541906
nonlinear,1210,shuffle,44,0.02311023936942878
nonlinear,1210,shuffle,45,0.022652826864477626
nonlinear,1210,shuffle,46,0.02215694287870466
nonlinear,1210,shuffle,47,0.021687804057637233
nonlinear,1210,shuffle,48,0.021253107567313023
nonlinear,1210,shuffle,49,0.020850188511297024
nonlinear,1210,shuffle,50,0.02048799191705511
nonlinear,1210,shuffle,51,0.02007961028317174
nonlinear,1210,shuffle,52,0.019729876893840436
nonlinear,1210,shuffle,53,0.01944035655541317
nonlinear,1210,shuffle,54,0.019018452264498543
nonlinear,1210,shuffle,55,0.0187657765180244
nonlinear,1210,shuffle,56,0.01843126916593713
nonlinear,1210,shuffle,57,0.018155020639012892
nonlinear,1210,shuffle,58,0.017949975096196658
nonlinear,1210,shuffle,59,0.01768399270112228
nonlinear,1210,shuffle,60,0.0173446025255001
nonlinear,1211,shuffle,1,0.31905210659108435
nonlinear,1211,shuffle,2,0.2508256549348805
nonlinear,1211,shuffle,3,0.2032263782545648
nonlinear,1211,shuffle,4,0.1696918855618564
nonlinear,1211,shuffle,5,0.1448556001183805
nonlinear,1211,shuffle,6,0.1253121343794099
nonlinear,1211,shuffle,7,0.10933848697650823
nonlinear,1211,shuffle,8,0.09723967279072455
nonlinear,1211,shuffle,9,0.08754486234999921
nonlinear,1211,shuffle,10,0.07988570089529472
nonlinear,1211,shuffle,11,0.07372182599370007
nonlinear,1211,shuffle,12,0.06850561804240868
nonlinear,1211,shuffle,13,0.06410436320284424
nonlinear,1211,shuffle,14,0.060400517442102446
nonlinear,1211,shuffle,15,0.05695052972627097
nonlinear,1211,shuffle,16,0.053939219234332834
nonlinear,1211,shuffle,17,0.05125381126587166
nonlinear,1211,shuffle,18,0.048970478423423495
nonlinear,1211,shuffle,19,0.04682784130122233
nonlinear,1211,shuffle,20,0.044787460061805756
nonlinear,1211,shuffle,21,0.043026234591983736
nonlinear,1211,shuffle,22,0.041529218823668
nonlinear,1211,shuffle,23,0.04008150705691887
nonlinear,1211,shuffle,24,0.03872058160784738
nonlinear,1211,shuffle,25,0.037635738058262966
nonlinear,1211,shuffle,26,0.03655189444149635
nonlinear,1211,shuffle,27,0.03563166720033999
nonlinear,1211,shuffle,28,0.034684353285396034
nonlinear,1211,shuffle,29,0.033884283484125546
nonlinear,1211,shuffle,30,0.03317653456271446
nonlinear,1211,shuffle,31,0.032468026343479194
nonlinear,1211,shuffle,32,0.03180343423119795
nonlinear,1211,shuffle,33,0.031247204177398083
nonlinear,1211,shuffle,34,0.030710525571136297
nonlinear,1211,shuffle,35,0.030222627778052666
nonlinear,1211,shuffle,36,0.029668837335750875
nonlinear,1211,shuffle,37,0.029251747537422542
nonlinear,1211,shuffle,38,0.028754892865615056
nonlinear,1211,shuffle,39,0.028331641987230007
nonlinear,1211,shuffle,40,0.027994264116003087
nonlinear,1211,shuffle,41,0.0274730374789464
nonlinear,1211,shuffle,42,0.027126485073563713
nonlinear,1211,shuffle,43,0.02695699438151263
nonlinear,1211,shuffle,44,0.02654649137337023
nonlinear,1211,shuffle,45,0.02603446340618365
nonlinear,1211,shuffle,46,0.025585673177391677
nonlinear,1211,shuffle,47,0.02530471534981601
nonlinear,1211,shuffle,48,0.02511968200992712
nonlinear,1211,shuffle,49,0.02477599528614417
nonlinear,1211,shuffle,50,0.02443030480345675
nonlinear,1211,shuffle,51,0.02402750158825236
nonlinear,1211,shuffle,52,0.023797883343153067
nonlinear,1211,shuffle,53,0.023354801721460566
nonlinear,1211,shuffle,54,0.02314355068146366
nonlinear,1211,shuffle,55,0.022804137931435386
nonlinear,1211,shuffle,56,0.022495240996574378
nonlinear,1211,shuffle,57,0.02214434057152831
nonlinear,1211,shuffle,58,0.021935914431429896
nonlinear,1211,shuffle,59,0.021673874483563282
nonlinear,1211,shuffle,60,0.021496484444804138
nonlinear,1212,shuffle,1,0.23897598504544657
nonlinear,1212,shuffle,2,0.18127081631856437
nonlinear,1212,shuffle,3,0.14461389453382176
nonlinear,1212,shuffle,4,0.11937226657488305
nonlinear,1212,shuffle,5,0.1002731553134651
nonlinear,1212,shuffle,6,0.08532568471148942
nonlinear,1212,shuffle,7,0.07376833468259379
nonlinear,1212,shuffle,8,0.06510059280601087
nonlinear,1212,shuffle,9,0.058428886574329854
nonlinear,1212,shuffle,10,0.05299219059107326
nonlinear,1212,shuffle,11,0.04896269811182044
nonlinear,1212,shuffle,12,0.04540926020071279
nonlinear,1212,shuffle,13,0.04244022029431577
nonlinear,1212,shuffle,14,0.03974317422444281
nonlinear,1212,shuffle,15,0.03744091029848753
nonlinear,1212,shuffle,16,0.035407801279510875
nonlinear,1212,shuffle,17,0.033586208339603796
nonlinear,1212,shuffle,18,0.031958757168053915
nonlinear,1212,shuffle,19,0.03042578847678321
nonlinear,1212,shuffle,20,0.029122337246769697
nonlinear,1212,shuffle,21,0.027846017396887506
nonlinear,1212,shuffle,22,0.026752294365367007
nonlinear,1212,shuffle,23,0.025756388754156284
nonlinear,1212,shuffle,24,0.024699282077479772
nonlinear,1212,shuffle,25,0.023735297881623513
nonlinear,1212,shuffle,26,0.022971772170966156
nonlinear,1212,shuffle,27,0.02216871663736882
nonlinear,1212,shuffle,28,0.02140578116751583
nonlinear,1212,shuffle,29,0.02075832935039384
nonlinear,1212,shuffle,30,0.02008427975156322
nonlinear,1212,shuffle,31,0.019386613722360942
nonlinear,1212,shuffle,32,0.01885067661722173
nonlinear,1212,shuffle,33,0.018344219993886326
nonlinear,1212,shuffle,34,0.0177868778715358
nonlinear,1212,shuffle,35,0.017302809165302552
nonlinear,1212,shuffle,36,0.01687254693560586
nonlinear,1212,shuffle,37,0.016407922260394624
nonlinear,1212,shuffle,38,0.016070333538347203
nonlinear,1212,shuffle,39,0.015694669161851128
nonlinear,1212,shuffle,40,0.015287159734519275
nonlinear,1212,shuffle,41,0.014975200700803363
nonlinear,1212,shuffle,42,0.014653193982764087
nonlinear,1212,shuffle,43,0.014331356938469686
nonlinear,1212,shuffle,44,0.014091516454491889
nonlinear,1212,shuffle,45,0.013799513247128812
nonlinear,1212,shuffle,46,0.013534693470391128
nonlinear,1212,shuffle,47,0.013335227197303949
nonlinear,1212,shuffle,48,0.013099255215972069
nonlinear,1212,shuffle,49,0.012928683974762246
nonlinear,1212,shuffle,50,0.012690402952940131
nonlinear,1212,shuffle,51,0.012481854903158418
nonlinear,1212,shuffle,52,0.01233834231349123
nonlinear,1212,shuffle,53,0.012118898077116856
nonlinear,1212,shuffle,54,0.011987508779427137
nonlinear,1212,shuffle,55,0.011855472731058853
nonlinear,1212,shuffle,56,0.01166786982419129
nonlinear,1212,shuffle,57,0.011559091304329841
nonlinear,1212,shuffle,58,0.011373687798232014
nonlinear,1212,shuffle,59,0.01124623411406644
nonlinear,1212,shuffle,60,0.011144501880465271
nonlinear,1213,shuffle,1,0.38325625297255733
nonlinear,1213,shuffle,2,0.2910941224958089
nonlinear,1213,shuffle,3,0.2258846295663901
nonlinear,1213,shuffle,4,0.180297784998147
nonlinear,1213,shuffle,5,0.1474295998081786
nonlinear,1213,shuffle,6,0.12277042701702705
nonlinear,1213,shuffle,7,0.10454306638375647
nonlinear,1213,shuffle,8,0.09045758349572015
nonlinear,1213,shuffle,9,0.07974766623558847
nonlinear,1213,shuffle,10,0.07127353769186086
nonlinear,1213,shuffle,11,0.06444606984724245
nonlinear,1213,shuffle,12,0.05896874546540063
nonlinear,1213,shuffle,13,0.05441827007763888
nonlinear,1213,shuffle,14,0.05059264851082566
nonlinear,1213,shuffle,15,0.04746030865002219
nonlinear,1213,shuffle,16,0.04497637601643271
nonlinear,1213,shuffle,17,0.042559778072089764
nonlinear,1213,shuffle,18,0.040511661768251696
nonlinear,1213,shuffle,19,0.03877108402172357
nonlinear,1213,shuffle,20,0.03699018074901874
nonlinear,1213,shuffle,21,0.03563628542386293
nonlinear,1213,shuffle,22,0.03438888089986569
nonlinear,1213,shuffle,23,0.03308963726792659
nonlinear,1213,shuffle,24,0.032087042738774094
nonlinear,1213,shuffle,25,0.031066560407532473
nonlinear,1213,shuffle,26,0.030122049702102128
nonlinear,1213,shuffle,27,0.029366662046265254
nonlinear,1213,shuffle,28,0.028607813808043142
nonlinear,1213,shuffle,29,0.02794870286801329
nonlinear,1213,shuffle,30,0.027279560303090467
nonlinear,1213,shuffle,31,0.02661099861403779
nonlinear,1213,shuffle,32,0.026045631239778277
nonlinear,1213,shuffle,33,0.025346664565305595
nonlinear,1213,shuffle,34,0.02478019532122867
nonlinear,1213,shuffle,35,0.02447533429544202
nonlinear,1213,shuffle,36,0.023992269533174154
nonlinear,1213,shuffle,37,0.02342636708823394
nonlinear,1213,shuffle,38,0.02302181211237349
nonlinear,1213,shuffle,39,0.0225257375418534
nonlinear,1213,shuffle,40,0.02214285708384674
nonlinear,1213,shuffle,41,0.021787631572978583
nonlinear,1213,shuffle,42,0.021394865139688996
nonlinear,1213,shuffle,43,0.02105037248061171
nonlinear,1213,shuffle,44,0.020654036059795915
nonlinear,1213,shuffle,45,0.020420918802840922
nonlinear,1213,shuffle,46,0.019975664293811392
nonlinear,1213,shuffle,47,0.01974881933541248
nonlinear,1213,shuffle,48,0.019441447381305852
nonlinear,1213,shuffle,49,0.01908158481183293
nonlinear,1213,shuffle,50,0.018962015104441763
nonlinear,1213,shuffle,51,0.018649915637360025
nonlinear,1213,shuffle,52,0.01829874705170131
nonlinear,1213,shuffle,53,0.01814652891266794
nonlinear,1213,shuffle,54,0.01798558086009051
nonlinear,1213,shuffle,55,0.01756744191820537
nonlinear,1213,shuffle,56,0.017430828056913636
nonlinear,1213,shuffle,57,0.017193035921299244
nonlinear,1213,shuffle,58,0.016966685728504884
nonlinear,1213,shuffle,59,0.016763674638478384
nonlinear,1213,shuffle,60,0.016540577503752745
nonlinear,1214,shuffle,1,0.30777422684800165
nonlinear,1214,shuffle,2,0.23380224876539502
nonlinear,1214,shuffle,3,0.1836894327237016
nonlinear,1214,shuffle,4,0.1495802661055385
nonlinear,1214,shuffle,5,0.1251888137966715
nonlinear,1214,shuffle,6,0.10646339963903338
nonlinear,1214,shuffle,7,0.09233778377736283
nonlinear,1214,shuffle,8,0.08148595536226556
nonlinear,1214,shuffle,9,0.07336841764628275
nonlinear,1214,shuffle,10,0.0666214040771049
nonlinear,1214,shuffle,11,0.06139143751845719
nonlinear,1214,shuffle,12,0.057126479358610587
nonlinear,1214,shuffle,13,0.05347470943204918
nonlinear,1214,shuffle,14,0.050394168338014265
nonlinear,1214,shuffle,15,0.04759136790006815
nonlinear,1214,shuffle,16,0.04524956265769612
nonlinear,1214,shuffle,17,0.04300577725728799
nonlinear,1214,shuffle,18,0.04102540179954169
nonlinear,1214,shuffle,19,0.039242320259997354
nonlinear,1214,shuffle,20,0.03769633504233194
nonlinear,1214,shuffle,21,0.03625689650516701
nonlinear,1214,shuffle,22,0.03493129808194129
nonlinear,1214,shuffle,23,0.03362024915886839
nonlinear,1214,shuffle,24,0.03246318272721401
nonlinear,1214,shuffle,25,0.03144988997190732
nonlinear,1214,shuffle,26,0.03034369854219914
nonlinear,1214,shuffle,27,0.029500172968190044
nonlinear,1214,shuffle,28,0.02849204209251795
nonlinear,1214,shuffle,29,0.02755625213745097
nonlinear,1214,shuffle,30,0.026807008344965147
nonlinear,1214,shuffle,31,0.026137068874618957
nonlinear,1214,shuffle,32,0.02527497937459097
nonlinear,1214,shuffle,33,0.024592162115832993
nonlinear,1214,shuffle,34,0.023949986555704003
nonlinear,1214,shuffle,35,0.02318593876155492
nonlinear,1214,shuffle,36,0.02264419996179638
nonlinear,1214,shuffle,37,0.021897861631064136
nonlinear,1214,shuffle,38,0.02125330327486946
nonlinear,1214,shuffle,39,0.020663298214249
nonlinear,1214,shuffle,40,0.020153500815164208
nonlinear,1214,shuffle,41,0.019519489361274216
nonlinear,1214,shuffle,42,0.018880804467011326
nonlinear,1214,shuffle,43,0.018396610488368048
nonlinear,1214,shuffle,44,0.017819197973375958
nonlinear,1214,shuffle,45,0.01724208569123716
nonlinear,1214,shuffle,46,0.016827770102311543
nonlinear,1214,shuffle,47,0.01626102963837602
nonlinear,1214,shuffle,48,0.015647118135571285
nonlinear,1214,shuffle,49,0.0152464322047981
nonlinear,1214,shuffle,50,0.014741154990428737
nonlinear,1214,shuffle,51,0.014347149659510358
nonlinear,1214,shuffle,52,0.013900250884845256
nonlinear,1214,shuffle,53,0.013427058543176875
nonlinear,1214,shuffle,54,0.013110352725508673
nonlinear,1214,shuffle,55,0.012697333436385088
nonlinear,1214,shuffle,56,0.012342089892327913
nonlinear,1214,shuffle,57,0.012038845224926119
nonlinear,1214,shuffle,58,0.01174607382322271
nonlinear,1214,shuffle,59,0.01144159455025851
nonlinear,1214,shuffle,60,0.01111462941079533
nonlinear,1215,shuffle,1,0.34054153442110957
nonlinear,1215,shuffle,2,0.265863249707206
nonlinear,1215,shuffle,3,0.2162881398095681
nonlinear,1215,shuffle,4,0.18158409370935621
nonlinear,1215,shuffle,5,0.15511407833517357
nonlinear,1215,shuffle,6,0.13468203593214034
nonlinear,1215,shuffle,7,0.11797893528790467
nonlinear,1215,shuffle,8,0.10446467039027897
nonlinear,1215,shuffle,9,0.093344604482294
nonlinear,1215,shuffle,10,0.0843840017534437
nonlinear,1215,shuffle,11,0.07672001426462434
nonlinear,1215,shuffle,12,0.07015818406933054
nonlinear,1215,shuffle,13,0.06446177752495598
nonlinear,1215,shuffle,14,0.059702894332692345
nonlinear,1215,shuffle,15,0.05549423754502519
nonlinear,1215,shuffle,16,0.052107181472528095
nonlinear,1215,shuffle,17,0.04907222452617635
nonlinear,1215,shuffle,18,0.04642374267105007
nonlinear,1215,shuffle,19,0.04399141986797648
nonlinear,1215,shuffle,20,0.0418199749922317
nonlinear,1215,shuffle,21,0.03987311964666274
nonlinear,1215,shuffle,22,0.038049813345695904
nonlinear,1215,shuffle,23,0.03634992329438748
nonlinear,1215,shuffle,24,0.03475061897483375
nonlinear,1215,shuffle,25,0.033339371774921904
nonlinear,1215,shuffle,26,0.0319740528636087
nonlinear,1215,shuffle,27,0.0307133956795755
nonlinear,1215,shuffle,28,0.029411298234447044
nonlinear,1215,shuffle,29,0.02837559910108382
nonlinear,1215,shuffle,30,0.027338564857355196
nonlinear,1215,shuffle,31,0.0264025362230406
nonlinear,1215,shuffle,32,0.02547196419697741
nonlinear,1215,shuffle,33,0.024692565568158385
nonlinear,1215,shuffle,34,0.02392030034711791
nonlinear,1215,shuffle,35,0.02316887922054695
nonlinear,1215,shuffle,36,0.022527395606778855
nonlinear,1215,shuffle,37,0.02183685568353991
nonlinear,1215,shuffle,38,0.021322301725160784
nonlinear,1215,shuffle,39,0.020785758487678857
nonlinear,1215,shuffle,40,0.02032053466644251
nonlinear,1215,shuffle,41,0.01986359571220297
nonlinear,1215,shuffle,42,0.019415979700004454
nonlinear,1215,shuffle,43,0.019047210031522155
nonlinear,1215,shuffle,44,0.01872693941867674
nonlinear,1215,shuffle,45,0.01838453660694534
nonlinear,1215,shuffle,46,0.01803285731156952
nonlinear,1215,shuffle,47,0.017715312254000096
nonlinear,1215,shuffle,48,0.017448540161566342
nonlinear,1215,shuffle,49,0.01709475662152468
nonlinear,1215,shuffle,50,0.016829095606811912
nonlinear,1215,shuffle,51,0.016685784352858234
nonlinear,1215,shuffle,52,0.016440479854530482
nonlinear,1215,shuffle,53,0.016153820243755723
nonlinear,1215,shuffle,54,0.01591715453527193
nonlinear,1215,shuffle,55,0.015661874732274376
nonlinear,1215,shuffle,56,0.015487938431760417
nonlinear,1215,shuffle,57,0.015298149214950568
nonlinear,1215,shuffle,58,0.01508179404371728
nonlinear,1215,shuffle,59,0.014912492226286678
nonlinear,1215,shuffle,60,0.01471842571690987
nonlinear,1216,shuffle,1,0.3074398338897854
nonlinear,1216,shuffle,2,0.23296812183623372
nonlinear,1216,shuffle,3,0.18319276590009684
nonlinear,1216,shuffle,4,0.1486734122853172
nonlinear,1216,shuffle,5,0.12424214258578403
nonlinear,1216,shuffle,6,0.10690300469513941
nonlinear,1216,shuffle,7,0.09327392117161408
nonlinear,1216,shuffle,8,0.0827678897845401
nonlinear,1216,shuffle,9,0.07411577304854097
nonlinear,1216,shuffle,10,0.0668811124059648
nonlinear,1216,shuffle,11,0.060778973215542875
nonlinear,1216,shuffle,12,0.05553513871780705
nonlinear,1216,shuffle,13,0.05098942745489395
nonlinear,1216,shuffle,14,0.04723527093643649
nonlinear,1216,shuffle,15,0.04383185311778959
nonlinear,1216,shuffle,16,0.04079357024880433
nonlinear,1216,shuffle,17,0.03816115596776817
nonlinear,1216,shuffle,18,0.03589728444066393
nonlinear,1216,shuffle,19,0.033935110622541974
nonlinear,1216,shuffle,20,0.03208881322647681
nonlinear,1216,shuffle,21,0.030590456818770834
nonlinear,1216,shuffle,22,0.02914330751328149
nonlinear,1216,shuffle,23,0.027890016612861977
nonlinear,1216,shuffle,24,0.02680637455494045
nonlinear,1216,shuffle,25,0.02585511414812312
nonlinear,1216,shuffle,26,0.02489677474992184
nonlinear,1216,shuffle,27,0.024116497535038944
nonlinear,1216,shuffle,28,0.023325917654611034
nonlinear,1216,shuffle,29,0.02258582514370804
nonlinear,1216,shuffle,30,0.02194567671456149
nonlinear,1216,shuffle,31,0.021337372813330268
nonlinear,1216,shuffle,32,0.020816614324146547
nonlinear,1216,shuffle,33,0.020270641181766188
nonlinear,1216,shuffle,34,0.01983208076248461
nonlinear,1216,shuffle,35,0.01934581050542988
nonlinear,1216,shuffle,36,0.01889689352989467
nonlinear,1216,shuffle,37,0.018556771330085795
nonlinear,1216,shuffle,38,0.018168585815745018
nonlinear,1216,shuffle,39,0.017757229594974597
nonlinear,1216,shuffle,40,0.017470959075607122
nonlinear,1216,shuffle,41,0.01709490871360811
nonlinear,1216,shuffle,42,0.01680854589238251
nonlinear,1216,shuffle,43,0.01654052231052923
nonlinear,1216,shuffle,44,0.016236116668560303
nonlinear,1216,shuffle,45,0.01593679608056424
nonlinear,1216,shuffle,46,0.01570187829477833
nonlinear,1216,shuffle,47,0.015525774376576542
nonlinear,1216,shuffle,48,0.015273719117456496
nonlinear,1216,shuffle,49,0.015011013868506048
nonlinear,1216,shuffle,50,0.014723622043062766
nonlinear,1216,shuffle,51,0.01448869804850754
nonlinear,1216,shuffle,52,0.01423954761433593
nonlinear,1216,shuffle,53,0.014119108618127268
nonlinear,1216,shuffle,54,0.013927130618140174
nonlinear,1216,shuffle,55,0.0136816966683957
nonlinear,1216,shuffle,56,0.01345376920412721
nonlinear,1216,shuffle,57,0.013371576886534073
nonlinear,1216,shuffle,58,0.013187225736605052
nonlinear,1216,shuffle,59,0.012948583006019749
nonlinear,1216,shuffle,60,0.01280121698181371
nonlinear,1217,shuffle,1,0.3054657930499256
nonlinear,1217,shuffle,2,0.242596457259853
nonlinear,1217,shuffle,3,0.19883530719583184
nonlinear,1217,shuffle,4,0.16926153211365655
nonlinear,1217,shuffle,5,0.14801433044216328
nonlinear,1217,shuffle,6,0.13111908959154545
nonlinear,1217,shuffle,7,0.11699165302680647
nonlinear,1217,shuffle,8,0.10538891184144776
nonlinear,1217,shuffle,9,0.09556239851495425
nonlinear,1217,shuffle,10,0.08705744051305753
nonlinear,1217,shuffle,11,0.0797868888041255
nonlinear,1217,shuffle,12,0.07332292733169628
nonlinear,1217,shuffle,13,0.06788315345817075
nonlinear,1217,shuffle,14,0.06293601744371104
nonlinear,1217,shuffle,15,0.058545629949513615
nonlinear,1217,shuffle,16,0.05471858772753772
nonlinear,1217,shuffle,17,0.05140113858086413
nonlinear,1217,shuffle,18,0.048542807157071356
nonlinear,1217,shuffle,19,0.04595645375076518
nonlinear,1217,shuffle,20,0.043915571689267095
nonlinear,1217,shuffle,21,0.0420291478594649
nonlinear,1217,shuffle,22,0.04018102980514124
nonlinear,1217,shuffle,23,0.03874719425113895
nonlinear,1217,shuffle,24,0.03742652392050326
nonlinear,1217,shuffle,25,0.036240674871313626
nonlinear,1217,shuffle,26,0.03520950451784557
nonlinear,1217,shuffle,27,0.03401620416140302
nonlinear,1217,shuffle,28,0.03295736440637071
nonlinear,1217,shuffle,29,0.032110054651199975
nonlinear,1217,shuffle,30,0.031177304026085446
nonlinear,1217,shuffle,31,0.030361553469233887
nonlinear,1217,shuffle,32,0.029555043749447906
nonlinear,1217,shuffle,33,0.02880825344528698
nonlinear,1217,shuffle,34,0.028159532329997784
nonlinear,1217,shuffle,35,0.02761874059872063
nonlinear,1217,shuffle,36,0.026734856266015
nonlinear,1217,shuffle,37,0.02625037535698586
nonlinear,1217,shuffle,38,0.025685821607580723
nonlinear,1217,shuffle,39,0.025051896806478097
nonlinear,1217,shuffle,40,0.024670665877491078
nonlinear,1217,shuffle,41,0.024255744544318777
nonlinear,1217,shuffle,42,0.02364278258787896
nonlinear,1217,shuffle,43,0.023323366807852883
nonlinear,1217,shuffle,44,0.02296850872157713
nonlinear,1217,shuffle,45,0.022411299665693246
nonlinear,1217,shuffle,46,0.02207494945600881
nonlinear,1217,shuffle,47,0.021909444557448542
nonlinear,1217,shuffle,48,0.021404717036437815
nonlinear,1217,shuffle,49,0.020995574385655646
nonlinear,1217,shuffle,50,0.020854046221190626
nonlinear,1217,shuffle,51,0.020508053562739572
nonlinear,1217,shuffle,52,0.02016459944610223
nonlinear,1217,shuffle,53,0.019897449439702255
nonlinear,1217,shuffle,54,0.01956136718465727
nonlinear,1217,shuffle,55,0.019340295420443215
nonlinear,1217,shuffle,56,0.019096369814233405
nonlinear,1217,shuffle,57,0.018713788733629038
nonlinear,1217,shuffle,58,0.018633823725005494
nonlinear,1217,shuffle,59,0.018345521038241372
nonlinear,1217,shuffle,60,0.018119379915164043
nonlinear,1218,shuffle,1,0.3376036794884476
nonlinear,1218,shuffle,2,0.262017725984623
nonlinear,1218,shuffle,3,0.20928418411176
nonlinear,1218,shuffle,4,0.17159504065935802
nonlinear,1218,shuffle,5,0.14326598545924688
nonlinear,1218,shuffle,6,0.12206390349403906
nonlinear,1218,shuffle,7,0.10574415156472934
nonlinear,1218,shuffle,8,0.09310967745126215
nonlinear,1218,shuffle,9,0.0834139249869718
nonlinear,1218,shuffle,10,0.07560309615136679
nonlinear,1218,shuffle,11,0.06924230091401533
nonlinear,1218,shuffle,12,0.06406668934842384
nonlinear,1218,shuffle,13,0.05972114579991339
nonlinear,1218,shuffle,14,0.05611966738632252
nonlinear,1218,shuffle,15,0.052979425824879
nonlinear,1218,shuffle,16,0.05016198843703521
nonlinear,1218,shuffle,17,0.04789059380605625
nonlinear,1218,shuffle,18,0.04587545826422044
nonlinear,1218,shuffle,19,0.044064651826837074
nonlinear,1218,shuffle,20,0.04234714447658363
nonlinear,1218,shuffle,21,0.04090409212472166
nonlinear,1218,shuffle,22,0.039642085402925305
nonlinear,1218,shuffle,23,0.038387488193697826
nonlinear,1218,shuffle,24,0.03719839013817422
nonlinear,1218,shuffle,25,0.03618801788027559
nonlinear,1218,shuffle,26,0.03502699695747289
nonlinear,1218,shuffle,27,0.034110521546284335
nonlinear,1218,shuffle,28,0.033273205211502614
nonlinear,1218,shuffle,29,0.03237498579071029
nonlinear,1218,shuffle,30,0.031469105756586915
nonlinear,1218,shuffle,31,0.030690634351907994
nonlinear,1218,shuffle,32,0.02995320184043054
nonlinear,1218,shuffle,33,0.029302416840144684
nonlinear,1218,shuffle,34,0.028696083383087007
nonlinear,1218,shuffle,35,0.02799613163618952
nonlinear,1218,shuffle,36,0.02735336014071545
nonlinear,1218,shuffle,37,0.02673932977813609
nonlinear,1218,shuffle,38,0.02624678127491904
nonlinear,1218,shuffle,39,0.02570902215884184
nonlinear,1218,shuffle,40,0.025228619455865003
nonlinear,1218,shuffle,41,0.024688638882921433
nonlinear,1218,shuffle,42,0.024240275290322216
nonlinear,1218,shuffle,43,0.0238325457124705
nonlinear,1218,shuffle,44,0.02350204280751476
nonlinear,1218,shuffle,45,0.023149306134416407
nonlinear,1218,shuffle,46,0.022781724825157
nonlinear,1218,shuffle,47,0.022385423823485646
nonlinear,1218,shuffle,48,0.02205640733587205
nonlinear,1218,shuffle,49,0.021737097164737356
nonlinear,1218,shuffle,50,0.021425644613132306
nonlinear,1218,shuffle,51,0.021099635735866706
nonlinear,1218,shuffle,52,0.020955202305764906
nonlinear,1218,shuffle,53,0.02077172996178453
nonlinear,1218,shuffle,54,0.020393415653233434
nonlinear,1218,shuffle,55,0.02007410569560409
nonlinear,1218,shuffle,56,0.01995404484002399
nonlinear,1218,shuffle,57,0.019763480999235333
nonlinear,1218,shuffle,58,0.019429445304370397
nonlinear,1218,shuffle,59,0.019304100868328178
nonlinear,1218,shuffle,60,0.019012165868963756
nonlinear,1219,shuffle,1,0.29249797348430023
nonlinear,1219,shuffle,2,0.21738415698910354
nonlinear,1219,shuffle,3,0.16778488469929273
nonlinear,1219,shuffle,4,0.13468492891375175
nonlinear,1219,shuffle,5,0.1119086092486326
nonlinear,1219,shuffle,6,0.09567817592355114
nonlinear,1219,shuffle,7,0.08355040152441828
nonlinear,1219,shuffle,8,0.07459815947836691
nonlinear,1219,shuffle,9,0.06756602822746494
nonlinear,1219,shuffle,10,0.06203874492842865
nonlinear,1219,shuffle,11,0.0575486017753849
nonlinear,1219,shuffle,12,0.05386041204694339
nonlinear,1219,shuffle,13,0.05071302512286554
nonlinear,1219,shuffle,14,0.047974345655230725
nonlinear,1219,shuffle,15,0.04564747529418093
nonlinear,1219,shuffle,16,0.043494109118669744
nonlinear,1219,shuffle,17,0.041628605708865195
nonlinear,1219,shuffle,18,0.039871607413548046
nonlinear,1219,shuffle,19,0.038330277141573645
nonlinear,1219,shuffle,20,0.03702336548678078
nonlinear,1219,shuffle,21,0.03571550038256261
nonlinear,1219,shuffle,22,0.03444265918349523
nonlinear,1219,shuffle,23,0.03338226061445384
nonlinear,1219,shuffle,24,0.032231516160308206
nonlinear,1219,shuffle,25,0.031218852993599833
nonlinear,1219,shuffle,26,0.030427047626225844
nonlinear,1219,shuffle,27,0.029516547517832458
nonlinear,1219,shuffle,28,0.028728705678262596
nonlinear,1219,shuffle,29,0.027871516979322563
nonlinear,1219,shuffle,30,0.02722452227038452
nonlinear,1219,shuffle,31,0.02661895531558171
nonlinear,1219,shuffle,32,0.025909896607834892
nonlinear,1219,shuffle,33,0.025256231094578502
nonlinear,1219,shuffle,34,0.024808877518333772
nonlinear,1219,shuffle,35,0.024139737041730978
nonlinear,1219,shuffle,36,0.02365397683342398
nonlinear,1219,shuffle,37,0.02310766240566316
nonlinear,1219,shuffle,38,0.02255474469858385
nonlinear,1219,shuffle,39,0.02213495519081546
nonlinear,1219,shuffle,40,0.021775958485175866
nonlinear,1219,shuffle,41,0.021327830709798493
nonlinear,1219,shuffle,42,0.02101850758064899
nonlinear,1219,shuffle,43,0.02065156706302861
nonlinear,1219,shuffle,44,0.020370730599143978
nonlinear,1219,shuffle,45,0.020064797438355233
nonlinear,1219,shuffle,46,0.01972537116400418
nonlinear,1219,shuffle,47,0.019432696402200803
nonlinear,1219,shuffle,48,0.01923355640071431
nonlinear,1219,shuffle,49,0.018942521267419753
nonlinear,1219,shuffle,50,0.01878383847658879
nonlinear,1219,shuffle,51,0.01854543032076607
nonlinear,1219,shuffle,52,0.018318321675665886
nonlinear,1219,shuffle,53,0.018095300867254586
nonlinear,1219,shuffle,54,0.01796491060550603
nonlinear,1219,shuffle,55,0.017748129725749906
nonlinear,1219,shuffle,56,0.01765796897933902
nonlinear,1219,shuffle,57,0.017480680484640975
nonlinear,1219,shuffle,58,0.017247978642582155
nonlinear,1219,shuffle,59,0.017154816760982117
nonlinear,1219,shuffle,60,0.017053603623724586
nonlinear,1200,tp,1,0.3560434791101077
nonlinear,1200,tp,2,0.2869988372515883
nonlinear,1200,tp,3,0.23558059042580745
nonlinear,1200,tp,4,0.19566107630867446
nonlinear,1200,tp,5,0.16493884771563902
nonlinear,1200,tp,6,0.14068072759925437
nonlinear,1200,tp,7,0.12137195757521457
nonlinear,1200,tp,8,0.10581582572459358
nonlinear,1200,tp,9,0.09322830642053644
nonlinear,1200,tp,10,0.08265094496390217
nonlinear,1200,tp,11,0.07387257798420237
nonlinear,1200,tp,12,0.06656036968752237
nonlinear,1200,tp,13,0.06035457286525201
nonlinear,1200,tp,14,0.055047486552796565
nonlinear,1200,tp,15,0.05057445924448423
nonlinear,1200,tp,16,0.046824040565211555
nonlinear,1200,tp,17,0.04386293183242832
nonlinear,1200,tp,18,0.04103560783499325
nonlinear,1200,tp,19,0.03873672003802542
nonlinear,1200,tp,20,0.03666114602232583
nonlinear,1200,tp,21,0.03481076207953369
nonlinear,1200,tp,22,0.03313122616866699
nonlinear,1200,tp,23,0.03175709441152977
nonlinear,1200,tp,24,0.030414735546115956
nonlinear,1200,tp,25,0.029232105904653846
nonlinear,1200,tp,26,0.028187000409391896
nonlinear,1200,tp,27,0.027169548062835756
nonlinear,1200,tp,28,0.026273431766133077
nonlinear,1200,tp,29,0.02548913576983654
nonlinear,1200,tp,30,0.024630196660730786
nonlinear,1200,tp,31,0.023961571042814035
nonlinear,1200,tp,32,0.02327616867932042
nonlinear,1200,tp,33,0.02265434415039518
nonlinear,1200,tp,34,0.022079704446737587
nonlinear,1200,tp,35,0.02154436447256544
nonlinear,1200,tp,36,0.02103847030156462
nonlinear,1200,tp,37,0.02056969263358889
nonlinear,1200,tp,38,0.020100496784457272
nonlinear,1200,tp,39,0.019642325810980726
nonlinear,1200,tp,40,0.019229828367026396
nonlinear,1200,tp,41,0.018846350715994165
nonlinear,1200,tp,42,0.018484606467300286
nonlinear,1200,tp,43,0.018168810603905364
nonlinear,1200,tp,44,0.01771435245141038
nonlinear,1200,tp,45,0.017401942395778695
nonlinear,1200,tp,46,0.01714228172572745
nonlinear,1200,tp,47,0.01677427725867375
nonlinear,1200,tp,48,0.01645351323725267
nonlinear,1200,tp,49,0.016166727190824164
nonlinear,1200,tp,50,0.015879082096009897
nonlinear,1200,tp,51,0.015637709858864993
nonlinear,1200,tp,52,0.015395784442892186
nonlinear,1200,tp,53,0.015119983687898894
nonlinear,1200,tp,54,0.01491416699569269
nonlinear,1200,tp,55,0.014667437936569551
nonlinear,1200,tp,56,0.014377940787197558
nonlinear,1200,tp,57,0.014141180860500166
nonlinear,1200,tp,58,0.01401853172204536
nonlinear,1200,tp,59,0.013737522420041804
nonlinear,1200,tp,60,0.013543241213141932
nonlinear,1201,tp,1,0.3371400966085132
nonlinear,1201,tp,2,0.2659821873584716
nonlinear,1201,tp,3,0.21565716989100905
nonlinear,1201,tp,4,0.17893033290326302
nonlinear,1201,tp,5,0.15145794902704454
nonlinear,1201,tp,6,0.13108395059212627
nonlinear,1201,tp,7,0.11541157153184552
nonlinear,1201,tp,8,0.1026899523114554
nonlinear,1201,tp,9,0.09216543429536338
nonlinear,1201,tp,10,0.08321664684364255
nonlinear,1201,tp,11,0.07611692343330619
nonlinear,1201,tp,12,0.06999066276169884
nonlinear,1201,tp,13,0.06455599482583119
nonlinear,1201,tp,14,0.06008636545315325
nonlinear,1201,tp,15,0.05627741728846817
nonlinear,1201,tp,16,0.052835071857162796
nonlinear,1201,tp,17,0.04995659678582574
nonlinear,1201,tp,18,0.04735805318456524
nonlinear,1201,tp,19,0.04501381335544624
nonlinear,1201,tp,20,0.04285091458429497
nonlinear,1201,tp,21,0.04093012752894251
nonlinear,1201,tp,22,0.0393095401065447
nonlinear,1201,tp,23,0.037954738708478486
nonlinear,1201,tp,24,0.0366938137659327
nonlinear,1201,tp,25,0.03546818068429918
nonlinear,1201,tp,26,0.034508391554405084
nonlinear,1201,tp,27,0.03335937399376332
nonlinear,1201,tp,28,0.03253714909944643
nonlinear,1201,tp,29,0.03168559950524081
nonlinear,1201,tp,30,0.03078815118679379
nonlinear,1201,tp,31,0.030105733808653473
nonlinear,1201,tp,32,0.029502837835945223
nonlinear,1201,tp,33,0.028802138825299667
nonlinear,1201,tp,34,0.028098096241426476
nonlinear,1201,tp,35,0.027641060850666626
nonlinear,1201,tp,36,0.027133234415706305
nonlinear,1201,tp,37,0.026649784693163533
nonlinear,1201,tp,38,0.026187292181128165
nonlinear,1201,tp,39,0.025721171254927986
nonlinear,1201,tp,40,0.025248678986429934
nonlinear,1201,tp,41,0.024821271127932337
nonlinear,1201,tp,42,0.02442586702854757
nonlinear,1201,tp,43,0.024055550939961364
nonlinear,1201,tp,44,0.023645565643014555
nonlinear,1201,tp,45,0.023369806228519696
nonlinear,1201,tp,46,0.02299443504466862
nonlinear,1201,tp,47,0.02264813522801251
nonlinear,1201,tp,48,0.022407816261384383
nonlinear,1201,tp,49,0.02227036310656806
nonlinear,1201,tp,50,0.02179641511879941
nonlinear,1201,tp,51,0.02155391610785785
nonlinear,1201,tp,52,0.02128495389124023
nonlinear,1201,tp,53,0.021051750060014876
nonlinear,1201,tp,54,0.020755443365655445
nonlinear,1201,tp,55,0.020524241768359555
nonlinear,1201,tp,56,0.020361066348637206
nonlinear,1201,tp,57,0.02011061707802231
nonlinear,1201,tp,58,0.019885362507382747
nonlinear,1201,tp,59,0.01972333864694334
nonlinear,1201,tp,60,0.019505854136876718
nonlinear,1202,tp,1,0.3489722047295491
nonlinear,1202,tp,2,0.2746870429534296
nonlinear,1202,tp,3,0.22373266423703855
nonlinear,1202,tp,4,0.18595715046105465
nonlinear,1202,tp,5,0.15767056567705773
nonlinear,1202,tp,6,0.13580991628704303
nonlinear,1202,tp,7,0.11845141884586456
nonlinear,1202,tp,8,0.10489806060140694
nonlinear,1202,tp,9,0.09403531415318693
nonlinear,1202,tp,10,0.08496933755579043
nonlinear,1202,tp,11,0.07786724710283623
nonlinear,1202,tp,12,0.07185817117083633
nonlinear,1202,tp,13,0.06691613534506823
nonlinear,1202,tp,14,0.06290968767791104
nonlinear,1202,tp,15,0.059246258888253696
nonlinear,1202,tp,16,0.05624768221732713
nonlinear,1202,tp,17,0.053606427213750585
nonlinear,1202,tp,18,0.05130286451931806
nonlinear,1202,tp,19,0.049284314902276756
nonlinear,1202,tp,20,0.047650404387430255
nonlinear,1202,tp,21,0.046179691929842864
nonlinear,1202,tp,22,0.044878283475499124
nonlinear,1202,tp,23,0.04346338804707504
nonlinear,1202,tp,24,0.042425925402200866
nonlinear,1202,tp,25,0.04113038606223931
nonlinear,1202,tp,26,0.04010313884774293
nonlinear,1202,tp,27,0.039409017279821816
nonlinear,1202,tp,28,0.03848913425795591
nonlinear,1202,tp,29,0.037614514414740105
nonlinear,1202,tp,30,0.036724478243872656
nonlinear,1202,tp,31,0.036075617507499255
nonlinear,1202,tp,32,0.03539825863597936
nonlinear,1202,tp,33,0.03472618382220027
nonlinear,1202,tp,34,0.03412154535719902
nonlinear,1202,tp,35,0.0335757696084123
nonlinear,1202,tp,36,0.032742880546364206
nonlinear,1202,tp,37,0.03230475714684904
nonlinear,1202,tp,38,0.03182983575953666
nonlinear,1202,tp,39,0.03115062155803953
nonlinear,1202,tp,40,0.03078416714170198
nonlinear,1202,tp,41,0.030212503412565688
nonlinear,1202,tp,42,0.029996914362165884
nonlinear,1202,tp,43,0.029515841552452016
nonlinear,1202,tp,44,0.02878406167729329
nonlinear,1202,tp,45,0.02830709576295085
nonlinear,1202,tp,46,0.02817670080664778
nonlinear,1202,tp,47,0.02770895809334069
nonlinear,1202,tp,48,0.027216681114989566
nonlinear,1202,tp,49,0.02681734630294938
nonlinear,1202,tp,50,0.026548777260948873
nonlinear,1202,tp,51,0.026352453759936754
nonlinear,1202,tp,52,0.025731272485680537
nonlinear,1202,tp,53,0.02541199442215833
nonlinear,1202,tp,54,0.025326196331413437
nonlinear,1202,tp,55,0.02488192828998183
nonlinear,1202,tp,56,0.024467723364815102
nonlinear,1202,tp,57,0.0243625084175427
nonlinear,1202,tp,58,0.02390807946631013
nonlinear,1202,tp,59,0.02353968437673834
nonlinear,1202,tp,60,0.023591744635048758
nonlinear,1203,tp,1,0.29699902108656023
nonlinear,1203,tp,2,0.23864414065319095
nonlinear,1203,tp,3,0.19814608730544356
nonlinear,1203,tp,4,0.1689110786210504
nonlinear,1203,tp,5,0.14690142603980105
nonlinear,1203,tp,6,0.13020593481451284
nonlinear,1203,tp,7,0.11666655367040328
nonlinear,1203,tp,8,0.10554182412964995
nonlinear,1203,tp,9,0.09652671261408884
nonlinear,1203,tp,10,0.08847152427864262
nonlinear,1203,tp,11,0.08142636468721277
nonlinear,1203,tp,12,0.07546561441253466
nonlinear,1203,tp,13,0.07007355830001823
nonlinear,1203,tp,14,0.06492206363979902
nonlinear,1203,tp,15,0.0605059251312009
nonlinear,1203,tp,16,0.05663767056041088
nonlinear,1203,tp,17,0.05320072396553416
nonlinear,1203,tp,18,0.05025642910489166
nonlinear,1203,tp,19,0.047383943537843164
nonlinear,1203,tp,20,0.045122586293717674
nonlinear,1203,tp,21,0.04314081744429385
nonlinear,1203,tp,22,0.041308475214641364
nonlinear,1203,tp,23,0.03982327100860892
nonlinear,1203,tp,24,0.03838385196259663
nonlinear,1203,tp,25,0.03696350270052887
nonlinear,1203,tp,26,0.03593264553343908
nonlinear,1203,tp,27,0.034954270992032944
nonlinear,1203,tp,28,0.034019339015750334
nonlinear,1203,tp,29,0.03315350921238094
nonlinear,1203,tp,30,0.03231725539143232
nonlinear,1203,tp,31,0.03157582062570177
nonlinear,1203,tp,32,0.03082223258752867
nonlinear,1203,tp,33,0.030129602842858635
nonlinear,1203,tp,34,0.02938860203962825
nonlinear,1203,tp,35,0.028778270733791203
nonlinear,1203,tp,36,0.028214238083823544
nonlinear,1203,tp,37,0.027858432770025924
nonlinear,1203,tp,38,0.02736346554602181
nonlinear,1203,tp,39,0.02664526748487668
nonlinear,1203,tp,40,0.026081666983232388
nonlinear,1203,tp,41,0.02564803706310456
nonlinear,1203,tp,42,0.025292080582858114
nonlinear,1203,tp,43,0.024962472761913327
nonlinear,1203,tp,44,0.02450865998357656
nonlinear,1203,tp,45,0.024064799498046463
nonlinear,1203,tp,46,0.023720160395514917
nonlinear,1203,tp,47,0.023298856117245175
nonlinear,1203,tp,48,0.02304796782368369
nonlinear,1203,tp,49,0.02273444428308835
nonlinear,1203,tp,50,0.02221590510437525
nonlinear,1203,tp,51,0.021953927643426935
nonlinear,1203,tp,52,0.021650410168798446
nonlinear,1203,tp,53,0.021504488408563293
nonlinear,1203,tp,54,0.021186966683139973
nonlinear,1203,tp,55,0.02090183619886836
nonlinear,1203,tp,56,0.02072195996443448
nonlinear,1203,tp,57,0.02048066362479919
nonlinear,1203,tp,58,0.020274261860677958
nonlinear,1203,tp,59,0.019969104767845466
nonlinear,1203,tp,60,0.01986464048683542
nonlinear,1204,tp,1,0.27483421163337146
nonlinear,1204,tp,2,0.21051075378013215
nonlinear,1204,tp,3,0.16758185295612404
nonlinear,1204,tp,4,0.1376795212923793
nonlinear,1204,tp,5,0.11615851904247793
nonlinear,1204,tp,6,0.0999980018072389
nonlinear,1204,tp,7,0.08744031869217743
nonlinear,1204,tp,8,0.07740684260642333
nonlinear,1204,tp,9,0.06942094819319261
nonlinear,1204,tp,10,0.06295518298342008
nonlinear,1204,tp,11,0.057815480273538444
nonlinear,1204,tp,12,0.053633866864855384
nonlinear,1204,tp,13,0.050191314324592895
nonlinear,1204,tp,14,0.04717634177992514
nonlinear,1204,tp,15,0.044698600655479016
nonlinear,1204,tp,16,0.04249593725805032
nonlinear,1204,tp,17,0.04047565673303069
nonlinear,1204,tp,18,0.038815455264239705
nonlinear,1204,tp,19,0.03738084063378106
nonlinear,1204,tp,20,0.03596773661334693
nonlinear,1204,tp,21,0.034662164879030295
nonlinear,1204,tp,22,0.033542614133821536
nonlinear,1204,tp,23,0.032636866051532286
nonlinear,1204,tp,24,0.03179844933493594
nonlinear,1204,tp,25,0.031061012873518062
nonlinear,1204,tp,26,0.030312337043402166
nonlinear,1204,tp,27,0.02959542703877983
nonlinear,1204,tp,28,0.029058932707762872
nonlinear,1204,tp,29,0.028490207553067304
nonlinear,1204,tp,30,0.028107702892576015
nonlinear,1204,tp,31,0.027616502208495403
nonlinear,1204,tp,32,0.027165125333535083
nonlinear,1204,tp,33,0.026785148308453587
nonlinear,1204,tp,34,0.02632869356487637
nonlinear,1204,tp,35,0.02583989111925415
nonlinear,1204,tp,36,0.02553899953784941
nonlinear,1204,tp,37,0.02527585474626116
nonlinear,1204,tp,38,0.024994464761352555
nonlinear,1204,tp,39,0.024613079736316722
nonlinear,1204,tp,40,0.024318397666389335
nonlinear,1204,tp,41,0.023937064335043553
nonlinear,1204,tp,42,0.02375485783382419
nonlinear,1204,tp,43,0.0234013862888246
nonlinear,1204,tp,44,0.023143310607302358
nonlinear,1204,tp,45,0.022956640954480297
nonlinear,1204,tp,46,0.022731974762698753
nonlinear,1204,tp,47,0.022325831796830575
nonlinear,1204,tp,48,0.02212808927781949
nonlinear,1204,tp,49,0.02196817853833659
nonlinear,1204,tp,50,0.021732533419582634
nonlinear,1204,tp,51,0.021505316273943004
nonlinear,1204,tp,52,0.02138132850180574
nonlinear,1204,tp,53,0.021301485238914772
nonlinear,1204,tp,54,0.021003172385790237
nonlinear,1204,tp,55,0.020787498701426547
nonlinear,1204,tp,56,0.020675414047935197
nonlinear,1204,tp,57,0.02059686151103426
nonlinear,1204,tp,58,0.02040413247845187
nonlinear,1204,tp,59,0.020264130700994937
nonlinear,1204,tp,60,0.020073933426551
nonlinear,1205,tp,1,0.3076712058166306
nonlinear,1205,tp,2,0.24322847720097437
nonlinear,1205,tp,3,0.19609168777179273
nonlinear,1205,tp,4,0.16032624666353587
nonlinear,1205,tp,5,0.1323660627534122
nonlinear,1205,tp,6,0.11086820723012464
nonlinear,1205,tp,7,0.09408205034907902
nonlinear,1205,tp,8,0.0809341339573068
nonlinear,1205,tp,9,0.07065374343730497
nonlinear,1205,tp,10,0.06281274445880981
nonlinear,1205,tp,11,0.056614783712386374
nonlinear,1205,tp,12,0.05152330911367519
nonlinear,1205,tp,13,0.04741028153046403
nonlinear,1205,tp,14,0.044054384350239006
nonlinear,1205,tp,15,0.041278820752252206
nonlinear,1205,tp,16,0.038806115584514245
nonlinear,1205,tp,17,0.03672736951363134
nonlinear,1205,tp,18,0.034926996652469164
nonlinear,1205,tp,19,0.03348668759806837
nonlinear,1205,tp,20,0.03225562244926149
nonlinear,1205,tp,21,0.031172173550318427
nonlinear,1205,tp,22,0.030199628084978142
nonlinear,1205,tp,23,0.029336183838554148
nonlinear,1205,tp,24,0.0286383495145659
nonlinear,1205,tp,25,0.027886712707956673
nonlinear,1205,tp,26,0.027290126865012587
nonlinear,1205,tp,27,0.02665972628302193
nonlinear,1205,tp,28,0.026162799509231217
nonlinear,1205,tp,29,0.0256855675355963
nonlinear,1205,tp,30,0.025250826111213626
nonlinear,1205,tp,31,0.02471682074759628
nonlinear,1205,tp,32,0.024425176497342948
nonlinear,1205,tp,33,0.023961230580904994
nonlinear,1205,tp,34,0.023621690348867286
nonlinear,1205,tp,35,0.023295583873837716
nonlinear,1205,tp,36,0.022906517788180425
nonlinear,1205,tp,37,0.022577550806276676
nonlinear,1205,tp,38,0.022278615377836517
nonlinear,1205,tp,39,0.02201439871819016
nonlinear,1205,tp,40,0.0216876916307225
nonlinear,1205,tp,41,0.021393635387275973
nonlinear,1205,tp,42,0.021186980336559247
nonlinear,1205,tp,43,0.020880688527564927
nonlinear,1205,tp,44,0.020598669973985215
nonlinear,1205,tp,45,0.020424828907261855
nonlinear,1205,tp,46,0.020241073186798044
nonlinear,1205,tp,47,0.020037876822329815
nonlinear,1205,tp,48,0.01975704962867796
nonlinear,1205,tp,49,0.019545354772498816
nonlinear,1205,tp,50,0.019351964887103387
nonlinear,1205,tp,51,0.019108958637741025
nonlinear,1205,tp,52,0.019004168574341177
nonlinear,1205,tp,53,0.01874574662905441
nonlinear,1205,tp,54,0.018541326109550428
nonlinear,1205,tp,55,0.018497197837713707
nonlinear,1205,tp,56,0.01826233410811331
nonlinear,1205,tp,57,0.018098072573038606
nonlinear,1205,tp,58,0.018010533254704433
nonlinear,1205,tp,59,0.017835746794066867
nonlinear,1205,tp,60,0.017624121617831928
nonlinear,1206,tp,1,0.40660375054159165
nonlinear,1206,tp,2,0.32788599031782906
nonlinear,1206,tp,3,0.268844397320834
nonlinear,1206,tp,4,0.22170789297180768
nonlinear,1206,tp,5,0.18473675253243602
nonlinear,1206,tp,6,0.15563089455022228
nonlinear,1206,tp,7,0.13292216368084017
nonlinear,1206,tp,8,0.11505299060274733
nonlinear,1206,tp,9,0.10077722245554
nonlinear,1206,tp,10,0.08964684262987715
nonlinear,1206,tp,11,0.08089713210208695
nonlinear,1206,tp,12,0.07389220449450294
nonlinear,1206,tp,13,0.06801122880752582
nonlinear,1206,tp,14,0.06317732485422775
nonlinear,1206,tp,15,0.0589606561497002
nonlinear,1206,tp,16,0.055341687124525724
nonlinear,1206,tp,17,0.0522271842914476
nonlinear,1206,tp,18,0.04955933505695063
nonlinear,1206,tp,19,0.047074237985588935
nonlinear,1206,tp,20,0.044923691166786274
nonlinear,1206,tp,21,0.04307064094111696
nonlinear,1206,tp,22,0.04134219602694722
nonlinear,1206,tp,23,0.03979487036224373
nonlinear,1206,tp,24,0.038524648765710934
nonlinear,1206,tp,25,0.03740083782174763
nonlinear,1206,tp,26,0.03634009980510358
nonlinear,1206,tp,27,0.03534907909658533
nonlinear,1206,tp,28,0.03441223034811091
nonlinear,1206,tp,29,0.033554526213567866
nonlinear,1206,tp,30,0.0328213853395562
nonlinear,1206,tp,31,0.03211426383543516
nonlinear,1206,tp,32,0.03149413306436837
nonlinear,1206,tp,33,0.0309467293553157
nonlinear,1206,tp,34,0.030417280728945766
nonlinear,1206,tp,35,0.02980118853004934
nonlinear,1206,tp,36,0.029275422477463526
nonlinear,1206,tp,37,0.02878017609326569
nonlinear,1206,tp,38,0.028433635187260598
nonlinear,1206,tp,39,0.02813920630374231
nonlinear,1206,tp,40,0.027777239524023212
nonlinear,1206,tp,41,0.027343932407400573
nonlinear,1206,tp,42,0.027041485221121764
nonlinear,1206,tp,43,0.02663938752643315
nonlinear,1206,tp,44,0.026290545313295388
nonlinear,1206,tp,45,0.026076718429213285
nonlinear,1206,tp,46,0.02589337994267499
nonlinear,1206,tp,47,0.02552737234222861
nonlinear,1206,tp,48,0.025282024055945634
nonlinear,1206,tp,49,0.025186445995870516
nonlinear,1206,tp,50,0.024803067546171915
nonlinear,1206,tp,51,0.02457499445626464
nonlinear,1206,tp,52,0.02428614753704353
nonlinear,1206,tp,53,0.024311414121668276
nonlinear,1206,tp,54,0.024003990378651474
nonlinear,1206,tp,55,0.023699858430437187
nonlinear,1206,tp,56,0.02359922438110157
nonlinear,1206,tp,57,0.023330370531762387
nonlinear,1206,tp,58,0.023211675053450398
nonlinear,1206,tp,59,0.023042566015097382
nonlinear,1206,tp,60,0.022906888743160842
nonlinear,1207,tp,1,0.2852005090207913
nonlinear,1207,tp,2,0.22064221661801028
nonlinear,1207,tp,3,0.17488048589986724
nonlinear,1207,tp,4,0.1423130471960594
nonlinear,1207,tp,5,0.11946671253995488
nonlinear,1207,tp,6,0.10296819518684801
nonlinear,1207,tp,7,0.09051525506043077
nonlinear,1207,tp,8,0.0806564911356245
nonlinear,1207,tp,9,0.0725196504907656
nonlinear,1207,tp,10,0.06568543315188366
nonlinear,1207,tp,11,0.05973353782726782
nonlinear,1207,tp,12,0.054661365754849235
nonlinear,1207,tp,13,0.05024802269377587
nonlinear,1207,tp,14,0.04643032610123138
nonlinear,1207,tp,15,0.0430216636336945
nonlinear,1207,tp,16,0.04012913544122706
nonlinear,1207,tp,17,0.03752570755755371
nonlinear,1207,tp,18,0.035338093561032714
nonlinear,1207,tp,19,0.03346663413041442
nonlinear,1207,tp,20,0.031889364796690745
nonlinear,1207,tp,21,0.030387158266687236
nonlinear,1207,tp,22,0.029101055409888416
nonlinear,1207,tp,23,0.027982329829827735
nonlinear,1207,tp,24,0.02685530358826263
nonlinear,1207,tp,25,0.02600563045828566
nonlinear,1207,tp,26,0.025234844624691777
nonlinear,1207,tp,27,0.024419566725265657
nonlinear,1207,tp,28,0.02367620640137667
nonlinear,1207,tp,29,0.023057420010515556
nonlinear,1207,tp,30,0.022470371916482327
nonlinear,1207,tp,31,0.021856167326223558
nonlinear,1207,tp,32,0.021334792282311763
nonlinear,1207,tp,33,0.020823870770231102
nonlinear,1207,tp,34,0.02032896476453333
nonlinear,1207,tp,35,0.019910155159197453
nonlinear,1207,tp,36,0.019518858418942978
nonlinear,1207,tp,37,0.019100247481641394
nonlinear,1207,tp,38,0.018668811095599484
nonlinear,1207,tp,39,0.018388914477526355
nonlinear,1207,tp,40,0.01810444726591322
nonlinear,1207,tp,41,0.017720244156375912
nonlinear,1207,tp,42,0.017430812506440355
nonlinear,1207,tp,43,0.017177708016440384
nonlinear,1207,tp,44,0.016847231900584334
nonlinear,1207,tp,45,0.016543541936641818
nonlinear,1207,tp,46,0.016369886029275207
nonlinear,1207,tp,47,0.01615960325219436
nonlinear,1207,tp,48,0.015883868223362154
nonlinear,1207,tp,49,0.01560964080490706
nonlinear,1207,tp,50,0.01543841707092107
nonlinear,1207,tp,51,0.015281745850738363
nonlinear,1207,tp,52,0.014976702409767681
nonlinear,1207,tp,53,0.014847044100592557
nonlinear,1207,tp,54,0.014692531376550383
nonlinear,1207,tp,55,0.014434744174596684
nonlinear,1207,tp,56,0.014300302829228827
nonlinear,1207,tp,57,0.014178631947724245
nonlinear,1207,tp,58,0.014037186261451865
nonlinear,1207,tp,59,0.013805123630800184
nonlinear,1207,tp,60,0.013701057683180464
nonlinear,1208,tp,1,0.33439635881674284
nonlinear,1208,tp,2,0.26395865271107816
nonlinear,1208,tp,3,0.21544985664074834
nonlinear,1208,tp,4,0.18140206215714524
nonlinear,1208,tp,5,0.1552919453254949
nonlinear,1208,tp,6,0.13473627120548404
nonlinear,1208,tp,7,0.11769697416589091
nonlinear,1208,tp,8,0.10344399887001886
nonlinear,1208,tp,9,0.09153145080466747
nonlinear,1208,tp,10,0.08156129197067592
nonlinear,1208,tp,11,0.07347844392963933
nonlinear,1208,tp,12,0.06681932412673323
nonlinear,1208,tp,13,0.06114580745707371
nonlinear,1208,tp,14,0.05628768069851675
nonlinear,1208,tp,15,0.052094342110451726
nonlinear,1208,tp,16,0.048432117364049815
nonlinear,1208,tp,17,0.045241377299403474
nonlinear,1208,tp,18,0.04234292003778459
nonlinear,1208,tp,19,0.039837557310853915
nonlinear,1208,tp,20,0.03768305756470048
nonlinear,1208,tp,21,0.03558275878212031
nonlinear,1208,tp,22,0.03387124561090327
nonlinear,1208,tp,23,0.03231957976124977
nonlinear,1208,tp,24,0.030889490514221424
nonlinear,1208,tp,25,0.029690793126449
nonlinear,1208,tp,26,0.028612740898202246
nonlinear,1208,tp,27,0.027604568842285192
nonlinear,1208,tp,28,0.026704711283040822
nonlinear,1208,tp,29,0.02591451351525968
nonlinear,1208,tp,30,0.025189745596334884
nonlinear,1208,tp,31,0.024463635725489947
nonlinear,1208,tp,32,0.023830925171669463
nonlinear,1208,tp,33,0.023252270726133534
nonlinear,1208,tp,34,0.02277137292834691
nonlinear,1208,tp,35,0.022235501146505396
nonlinear,1208,tp,36,0.02178691785438817
nonlinear,1208,tp,37,0.02134590871170393
nonlinear,1208,tp,38,0.020976088298443444
nonlinear,1208,tp,39,0.020508333325298625
nonlinear,1208,tp,40,0.02021194201382348
nonlinear,1208,tp,41,0.01977803880030186
nonlinear,1208,tp,42,0.019454742458050404
nonlinear,1208,tp,43,0.019210269194265682
nonlinear,1208,tp,44,0.01882962595138268
nonlinear,1208,tp,45,0.018544088793751076
nonlinear,1208,tp,46,0.018268352583779738
nonlinear,1208,tp,47,0.017985075310237412
nonlinear,1208,tp,48,0.017778839160418055
nonlinear,1208,tp,49,0.0174428882571156
nonlinear,1208,tp,50,0.017216024090490886
nonlinear,1208,tp,51,0.016960472291256645
nonlinear,1208,tp,52,0.016708337570752824
nonlinear,1208,tp,53,0.016505893379844334
nonlinear,1208,tp,54,0.016259565089552685
nonlinear,1208,tp,55,0.016043294043903967
nonlinear,1208,tp,56,0.01580740649972445
nonlinear,1208,tp,57,0.015569616691104585
nonlinear,1208,tp,58,0.015375128800312063
nonlinear,1208,tp,59,0.015210743551440203
nonlinear,1208,tp,60,0.01503706677985243
nonlinear,1209,tp,1,0.3540053144768284
nonlinear,1209,tp,2,0.2668015625136543
nonlinear,1209,tp,3,0.20718353116863522
nonlinear,1209,tp,4,0.16602249454872042
nonlinear,1209,tp,5,0.13657604605341678
nonlinear,1209,tp,6,0.11424811607889179
nonlinear,1209,tp,7,0.09770121756456984
nonlinear,1209,tp,8,0.0847577709894504
nonlinear,1209,tp,9,0.0743841204810456
nonlinear,1209,tp,10,0.06643005733488021
nonlinear,1209,tp,11,0.059805534108764956
nonlinear,1209,tp,12,0.05425447575642084
nonlinear,1209,tp,13,0.049944554883772085
nonlinear,1209,tp,14,0.04640172506668575
nonlinear,1209,tp,15,0.04331484416799619
nonlinear,1209,tp,16,0.040648260629760055
nonlinear,1209,tp,17,0.038345963653990574
nonlinear,1209,tp,18,0.03649077019964925
nonlinear,1209,tp,19,0.03501902164630912
nonlinear,1209,tp,20,0.03355652173839003
nonlinear,1209,tp,21,0.03229654702828374
nonlinear,1209,tp,22,0.031195463203209654
nonlinear,1209,tp,23,0.030381990438241486
nonlinear,1209,tp,24,0.02953404036895622
nonlinear,1209,tp,25,0.02875586666661532
nonlinear,1209,tp,26,0.02814252050675346
nonlinear,1209,tp,27,0.02754869589608432
nonlinear,1209,tp,28,0.02700272170897919
nonlinear,1209,tp,29,0.026572864377534876
nonlinear,1209,tp,30,0.026027916928974635
nonlinear,1209,tp,31,0.025627324436283506
nonlinear,1209,tp,32,0.02531664742005249
nonlinear,1209,tp,33,0.02477953519998032
nonlinear,1209,tp,34,0.024550312172361758
nonlinear,1209,tp,35,0.02432430868272441
nonlinear,1209,tp,36,0.023889238712512594
nonlinear,1209,tp,37,0.023551727122144456
nonlinear,1209,tp,38,0.023339687438956685
nonlinear,1209,tp,39,0.023006783578871672
nonlinear,1209,tp,40,0.022704725545794304
nonlinear,1209,tp,41,0.022463766339682233
nonlinear,1209,tp,42,0.022138826568457743
nonlinear,1209,tp,43,0.021885492910780586
nonlinear,1209,tp,44,0.02167594756743862
nonlinear,1209,tp,45,0.02144761140741276
nonlinear,1209,tp,46,0.021274570589555297
nonlinear,1209,tp,47,0.020869399929352356
nonlinear,1209,tp,48,0.020650908258334197
nonlinear,1209,tp,49,0.020358568982359087
nonlinear,1209,tp,50,0.020167803474421205
nonlinear,1209,tp,51,0.01983842527995267
nonlinear,1209,tp,52,0.01971494948629712
nonlinear,1209,tp,53,0.01946484560242789
nonlinear,1209,tp,54,0.019349256938825256
nonlinear,1209,tp,55,0.019051352304577357
nonlinear,1209,tp,56,0.018907049380134423
nonlinear,1209,tp,57,0.018670797926011156
nonlinear,1209,tp,58,0.0184311360326041
nonlinear,1209,tp,59,0.018242069937276617
nonlinear,1209,tp,60,0.018087543644930443
nonlinear,1210,tp,1,0.38694548097368786
nonlinear,1210,tp,2,0.29547075812665385
nonlinear,1210,tp,3,0.23006949746140462
nonlinear,1210,tp,4,0.18379712193386855
nonlinear,1210,tp,5,0.15038734222825947
nonlinear,1210,tp,6,0.12592503009134914
nonlinear,1210,tp,7,0.10802276125186543
nonlinear,1210,tp,8,0.09482340824698972
nonlinear,1210,tp,9,0.08514145037325643
nonlinear,1210,tp,10,0.0772658690599523
nonlinear,1210,tp,11,0.07088482995994554
nonlinear,1210,tp,12,0.06566238718138026
nonlinear,1210,tp,13,0.0612016128582073
nonlinear,1210,tp,14,0.057370173559542305
nonlinear,1210,tp,15,0.05393559530758716
nonlinear,1210,tp,16,0.05102820326712867
nonlinear,1210,tp,17,0.048530002511932645
nonlinear,1210,tp,18,0.046413538301534225
nonlinear,1210,tp,19,0.04455176959502035
nonlinear,1210,tp,20,0.0426223388864847
nonlinear,1210,tp,21,0.04104200409771042
nonlinear,1210,tp,22,0.03960411644997678
nonlinear,1210,tp,23,0.03829730084767929
nonlinear,1210,tp,24,0.037097410235916395
nonlinear,1210,tp,25,0.03594525840790421
nonlinear,1210,tp,26,0.03496111228118345
nonlinear,1210,tp,27,0.034038240226775346
nonlinear,1210,tp,28,0.033140328821736224
nonlinear,1210,tp,29,0.03229842411325348
nonlinear,1210,tp,30,0.0314749726681804
nonlinear,1210,tp,31,0.030693448350179637
nonlinear,1210,tp,32,0.029991650595438152
nonlinear,1210,tp,33,0.029371558922755097
nonlinear,1210,tp,34,0.02869722593608216
nonlinear,1210,tp,35,0.028115737731451134
nonlinear,1210,tp,36,0.027467409290038703
nonlinear,1210,tp,37,0.026909001887205897
nonlinear,1210,tp,38,0.026348463087526235
nonlinear,1210,tp,39,0.025832230453210286
nonlinear,1210,tp,40,0.025341801869714565
nonlinear,1210,tp,41,0.024854632788250428
nonlinear,1210,tp,42,0.024293188057192813
nonlinear,1210,tp,43,0.023790160142877246
nonlinear,1210,tp,44,0.023358349442793715
nonlinear,1210,tp,45,0.022902079850502965
nonlinear,1210,tp,46,0.022410826030307186
nonlinear,1210,tp,47,0.021927584310072332
nonlinear,1210,tp,48,0.02148465741329761
nonlinear,1210,tp,49,0.02107403842044915
nonlinear,1210,tp,50,0.020693156392375674
nonlinear,1210,tp,51,0.020258418322239163
nonlinear,1210,tp,52,0.01988725862083839
nonlinear,1210,tp,53,0.01956116666415258
nonlinear,1210,tp,54,0.019110803415391144
nonlinear,1210,tp,55,0.018856780823584024
nonlinear,1210,tp,56,0.01853425116237105
nonlinear,1210,tp,57,0.0182441275065266
nonlinear,1210,tp,58,0.01803690955771892
nonlinear,1210,tp,59,0.017759446335595643
nonlinear,1210,tp,60,0.01740268080496629
nonlinear,1211,tp,1,0.31878340862403687
nonlinear,1211,tp,2,0.2506241535653105
nonlinear,1211,tp,3,0.20314135771463485
nonlinear,1211,tp,4,0.1697227897629079
nonlinear,1211,tp,5,0.14499307593113667
nonlinear,1211,tp,6,0.1254695437899939
nonlinear,1211,tp,7,0.10947737970396369
nonlinear,1211,tp,8,0.09734526649314783
nonlinear,1211,tp,9,0.08759501217509091
nonlinear,1211,tp,10,0.07989908137994714
nonlinear,1211,tp,11,0.07367564002523484
nonlinear,1211,tp,12,0.06840652903038978
nonlinear,1211,tp,13,0.06396411221841354
nonlinear,1211,tp,14,0.06021765406146428
nonlinear,1211,tp,15,0.056728919617357244
nonlinear,1211,tp,16,0.053667249610427105
nonlinear,1211,tp,17,0.050954995540858326
nonlinear,1211,tp,18,0.04865127230247888
nonlinear,1211,tp,19,0.04650577573754668
nonlinear,1211,tp,20,0.044470953731288725
nonlinear,1211,tp,21,0.042707526750690415
nonlinear,1211,tp,22,0.04123483097765865
nonlinear,1211,tp,23,0.0398115595162885
nonlinear,1211,tp,24,0.03848595721191736
nonlinear,1211,tp,25,0.03742241907295347
nonlinear,1211,tp,26,0.036348867289836155
nonlinear,1211,tp,27,0.035439784672571445
nonlinear,1211,tp,28,0.03452230334030581
nonlinear,1211,tp,29,0.03375721228498521
nonlinear,1211,tp,30,0.03307782414665527
nonlinear,1211,tp,31,0.032382242948895926
nonlinear,1211,tp,32,0.0317184874233429
nonlinear,1211,tp,33,0.031211286468982666
nonlinear,1211,tp,34,0.030723859226553074
nonlinear,1211,tp,35,0.03023973388448965
nonlinear,1211,tp,36,0.029680250786842263
nonlinear,1211,tp,37,0.029265124162585893
nonlinear,1211,tp,38,0.028770787265187798
nonlinear,1211,tp,39,0.028351604716155342
nonlinear,1211,tp,40,0.02802021707703495
nonlinear,1211,tp,41,0.02749668832640208
nonlinear,1211,tp,42,0.027165333509541752
nonlinear,1211,tp,43,0.026990739194352086
nonlinear,1211,tp,44,0.026580943430657773
nonlinear,1211,tp,45,0.0260726713019858
nonlinear,1211,tp,46,0.025625676929657934
nonlinear,1211,tp,47,0.025349777416441233
nonlinear,1211,tp,48,0.02517507197029183
nonlinear,1211,tp,49,0.024832154496480383
nonlinear,1211,tp,50,0.024491782844934213
nonlinear,1211,tp,51,0.024100569250108977
nonlinear,1211,tp,52,0.023882731020789878
nonlinear,1211,tp,53,0.02344758908887949
nonlinear,1211,tp,54,0.02325529686257077
nonlinear,1211,tp,55,0.022917062943041213
nonlinear,1211,tp,56,0.022607726377709126
nonlinear,1211,tp,57,0.022271763012802242
nonlinear,1211,tp,58,0.022084930346539175
nonlinear,1211,tp,59,0.021828641388789722
nonlinear,1211,tp,60,0.021656752577989297
nonlinear,1212,tp,1,0.23906686522199957
nonlinear,1212,tp,2,0.18148091345632156
nonlinear,1212,tp,3,0.14470170359047815
nonlinear,1212,tp,4,0.1193225743297901
nonlinear,1212,tp,5,0.1001003860829686
nonlinear,1212,tp,6,0.08509459000801424
nonlinear,1212,tp,7,0.07355036323147209
nonlinear,1212,tp,8,0.06493846674914905
nonlinear,1212,tp,9,0.05831558683363922
nonlinear,1212,tp,10,0.052899985141695936
nonlinear,1212,tp,11,0.04890556803709319
nonlinear,1212,tp,12,0.04538564560688369
nonlinear,1212,tp,13,0.042461680171085425
nonlinear,1212,tp,14,0.0397738410885839
nonlinear,1212,tp,15,0.03747534886572788
nonlinear,1212,tp,16,0.03545835380178372
nonlinear,1212,tp,17,0.03362862371961134
nonlinear,1212,tp,18,0.03198850559293531
nonlinear,1212,tp,19,0.030457864565192044
nonlinear,1212,tp,20,0.029145287994613356
nonlinear,1212,tp,21,0.02786103671845022
nonlinear,1212,tp,22,0.026762433407300324
nonlinear,1212,tp,23,0.025769845733427246
nonlinear,1212,tp,24,0.02473437204260337
nonlinear,1212,tp,25,0.023771883643102343
nonlinear,1212,tp,26,0.02302066850072658
nonlinear,1212,tp,27,0.022211503629167684
nonlinear,1212,tp,28,0.02144870554797564
nonlinear,1212,tp,29,0.0208168503609141
nonlinear,1212,tp,30,0.02015887783580551
nonlinear,1212,tp,31,0.019489175366989363
nonlinear,1212,tp,32,0.018966810655737906
nonlinear,1212,tp,33,0.018494783617031434
nonlinear,1212,tp,34,0.017943511915913046
nonlinear,1212,tp,35,0.01746540504267703
nonlinear,1212,tp,36,0.017051800617213904
nonlinear,1212,tp,37,0.016589518179048957
nonlinear,1212,tp,38,0.016264958603496058
nonlinear,1212,tp,39,0.01589564103036564
nonlinear,1212,tp,40,0.015492685494941072
nonlinear,1212,tp,41,0.015199953088748159
nonlinear,1212,tp,42,0.014877897959498301
nonlinear,1212,tp,43,0.014559019368190986
nonlinear,1212,tp,44,0.014314875552269441
nonlinear,1212,tp,45,0.014029598131904408
nonlinear,1212,tp,46,0.01374485045789945
nonlinear,1212,tp,47,0.013546935140495051
nonlinear,1212,tp,48,0.013335495664457589
nonlinear,1212,tp,49,0.013151073802885369
nonlinear,1212,tp,50,0.012900707377666123
nonlinear,1212,tp,51,0.012682067277041987
nonlinear,1212,tp,52,0.01253182178284277
nonlinear,1212,tp,53,0.012324464245854228
nonlinear,1212,tp,54,0.012169420617946894
nonlinear,1212,tp,55,0.01204526321799052
nonlinear,1212,tp,56,0.011850483256029049
nonlinear,1212,tp,57,0.01172332616624353
nonlinear,1212,tp,58,0.011536240617927887
nonlinear,1212,tp,59,0.011391097972810314
nonlinear,1212,tp,60,0.011303957813445745
nonlinear,1213,tp,1,0.38296305001914144
nonlinear,1213,tp,2,0.29068659157729365
nonlinear,1213,tp,3,0.225596368832236
nonlinear,1213,tp,4,0.180248742776444
nonlinear,1213,tp,5,0.14748070094044036
nonlinear,1213,tp,6,0.12275752303986232
nonlinear,1213,tp,7,0.10447006663444913
nonlinear,1213,tp,8,0.0903071344501817
nonlinear,1213,tp,9,0.07952576554943629
nonlinear,1213,tp,10,0.07103689213738652
nonlinear,1213,tp,11,0.06423294644627243
nonlinear,1213,tp,12,0.058790883060901876
nonlinear,1213,tp,13,0.05427634733829848
nonlinear,1213,tp,14,0.05045051056534536
nonlinear,1213,tp,15,0.04732699098471521
nonlinear,1213,tp,16,0.04484676381062802
nonlinear,1213,tp,17,0.0424317361721989
nonlinear,1213,tp,18,0.04036492890540499
nonlinear,1213,tp,19,0.038605850535252534
nonlinear,1213,tp,20,0.03683601792092634
nonlinear,1213,tp,21,0.03549316112792935
nonlinear,1213,tp,22,0.03423757581362761
nonlinear,1213,tp,23,0.032948923220941125
nonlinear,1213,tp,24,0.0319655675411434
nonlinear,1213,tp,25,0.03093864566514784
nonlinear,1213,tp,26,0.02999004231218375
nonlinear,1213,tp,27,0.02923748932185377
nonlinear,1213,tp,28,0.028480346214484586
nonlinear,1213,tp,29,0.027824994134607085
nonlinear,1213,tp,30,0.027166312275133248
nonlinear,1213,tp,31,0.02651675915680433
nonlinear,1213,tp,32,0.025950213335046008
nonlinear,1213,tp,33,0.025240773810067684
nonlinear,1213,tp,34,0.024682725845372806
nonlinear,1213,tp,35,0.02439357644059054
nonlinear,1213,tp,36,0.023937249990717873
nonlinear,1213,tp,37,0.02335933348145688
nonlinear,1213,tp,38,0.022955633483260313
nonlinear,1213,tp,39,0.022472342987931507
nonlinear,1213,tp,40,0.022089461610386548
nonlinear,1213,tp,41,0.021745555442770778
nonlinear,1213,tp,42,0.021368176855345658
nonlinear,1213,tp,43,0.021010428351937643
nonlinear,1213,tp,44,0.02060483773621848
nonlinear,1213,tp,45,0.020411190802679894
nonlinear,1213,tp,46,0.019967973013767557
nonlinear,1213,tp,47,0.019734116604509366
nonlinear,1213,tp,48,0.01944639297280987
nonlinear,1213,tp,49,0.019078239238062386
nonlinear,1213,tp,50,0.018986287938717865
nonlinear,1213,tp,51,0.018690442905977673
nonlinear,1213,tp,52,0.018324299585053706
nonlinear,1213,tp,53,0.01817183991273731
nonlinear,1213,tp,54,0.01804966418413952
nonlinear,1213,tp,55,0.01762393990240563
nonlinear,1213,tp,56,0.017503235610496506
nonlinear,1213,tp,57,0.01727241841122584
nonlinear,1213,tp,58,0.01704814090630004
nonlinear,1213,tp,59,0.016852374221112656
nonlinear,1213,tp,60,0.016627553756966285
nonlinear,1214,tp,1,0.30756376218603043
nonlinear,1214,tp,2,0.23351810045941404
nonlinear,1214,tp,3,0.18346996122428663
nonlinear,1214,tp,4,0.14938985937045682
nonlinear,1214,tp,5,0.12501913616896332
nonlinear,1214,tp,6,0.1062480678993607
nonlinear,1214,tp,7,0.09207280319743794
nonlinear,1214,tp,8,0.08116395379621504
nonlinear,1214,tp,9,0.0730045766233735
nonlinear,1214,tp,10,0.06620366360681884
nonlinear,1214,tp,11,0.060985803318456426
nonlinear,1214,tp,12,0.05673140738544787
nonlinear,1214,tp,13,0.05307751672002725
nonlinear,1214,tp,14,0.0500272332143387
nonlinear,1214,tp,15,0.04728161046945254
nonlinear,1214,tp,16,0.04500631152159975
nonlinear,1214,tp,17,0.04283172742568812
nonlinear,1214,tp,18,0.040893279779919266
nonlinear,1214,tp,19,0.03913571894960827
nonlinear,1214,tp,20,0.037627450631022595
nonlinear,1214,tp,21,0.03619696874248328
nonlinear,1214,tp,22,0.034875662740668896
nonlinear,1214,tp,23,0.0335651247852942
nonlinear,1214,tp,24,0.03240461597594988
nonlinear,1214,tp,25,0.03138535646376297
nonlinear,1214,tp,26,0.030276247967823855
nonlinear,1214,tp,27,0.02942510936077732
nonlinear,1214,tp,28,0.028409668617050698
nonlinear,1214,tp,29,0.027478338533880996
nonlinear,1214,tp,30,0.02672514978123051
nonlinear,1214,tp,31,0.026031738035559155
nonlinear,1214,tp,32,0.02516272048739869
nonlinear,1214,tp,33,0.02446612764191894
nonlinear,1214,tp,34,0.023825893907547118
nonlinear,1214,tp,35,0.02305693091837006
nonlinear,1214,tp,36,0.022507725695546
nonlinear,1214,tp,37,0.021753803110904954
nonlinear,1214,tp,38,0.021123536743729188
nonlinear,1214,tp,39,0.020552700154827932
nonlinear,1214,tp,40,0.020026156027554552
nonlinear,1214,tp,41,0.019387090274039228
nonlinear,1214,tp,42,0.018774338450671106
nonlinear,1214,tp,43,0.01830154205587284
nonlinear,1214,tp,44,0.017734223841541965
nonlinear,1214,tp,45,0.01717007045184266
nonlinear,1214,tp,46,0.016776363750853215
nonlinear,1214,tp,47,0.016206054953930862
nonlinear,1214,tp,48,0.015612973103696325
nonlinear,1214,tp,49,0.015245207186073589
nonlinear,1214,tp,50,0.014745498237577107
nonlinear,1214,tp,51,0.014381295296125245
nonlinear,1214,tp,52,0.013945504070872935
nonlinear,1214,tp,53,0.013477230801903854
nonlinear,1214,tp,54,0.013182728072417877
nonlinear,1214,tp,55,0.01277236510197028
nonlinear,1214,tp,56,0.012422216507495637
nonlinear,1214,tp,57,0.012129190059562344
nonlinear,1214,tp,58,0.011840519848538478
nonlinear,1214,tp,59,0.011532407846527279
nonlinear,1214,tp,60,0.011215817286753834
nonlinear,1215,tp,1,0.34008423383208797
nonlinear,1215,tp,2,0.26538567074491165
nonlinear,1215,tp,3,0.21576171055817883
nonlinear,1215,tp,4,0.18104836210176414
nonlinear,1215,tp,5,0.15475105796246372
nonlinear,1215,tp,6,0.13450505736125573
nonlinear,1215,tp,7,0.11786728930581279
nonlinear,1215,tp,8,0.10445823819012096
nonlinear,1215,tp,9,0.09339989902086428
nonlinear,1215,tp,10,0.08449562998803473
nonlinear,1215,tp,11,0.07693869194031637
nonlinear,1215,tp,12,0.0704453372696651
nonlinear,1215,tp,13,0.06481100202098675
nonlinear,1215,tp,14,0.060037172307121266
nonlinear,1215,tp,15,0.05581389643085285
nonlinear,1215,tp,16,0.05237803441977662
nonlinear,1215,tp,17,0.049296808965506284
nonlinear,1215,tp,18,0.04660169257174967
nonlinear,1215,tp,19,0.044118243935467004
nonlinear,1215,tp,20,0.04193175609894528
nonlinear,1215,tp,21,0.03996078213139746
nonlinear,1215,tp,22,0.03810016308582748
nonlinear,1215,tp,23,0.03641248413029699
nonlinear,1215,tp,24,0.03481098642941314
nonlinear,1215,tp,25,0.03339489490132527
nonlinear,1215,tp,26,0.032047237773033865
nonlinear,1215,tp,27,0.03080766239545078
nonlinear,1215,tp,28,0.029505826877613644
nonlinear,1215,tp,29,0.028473437308256716
nonlinear,1215,tp,30,0.027445541815571628
nonlinear,1215,tp,31,0.026519780967400115
nonlinear,1215,tp,32,0.025604045715106785
nonlinear,1215,tp,33,0.024838920138556566
nonlinear,1215,tp,34,0.024082970843219167
nonlinear,1215,tp,35,0.023348259159948776
nonlinear,1215,tp,36,0.022736245636440694
nonlinear,1215,tp,37,0.022056373339669994
nonlinear,1215,tp,38,0.021558680945489805
nonlinear,1215,tp,39,0.02103981766390838
nonlinear,1215,tp,40,0.020607417215266842
nonlinear,1215,tp,41,0.02015820462836467
nonlinear,1215,tp,42,0.019720707629335414
nonlinear,1215,tp,43,0.01936544473766284
nonlinear,1215,tp,44,0.019052880218901724
nonlinear,1215,tp,45,0.018732186746191214
nonlinear,1215,tp,46,0.01838693163429324
nonlinear,1215,tp,47,0.018073530136898674
nonlinear,1215,tp,48,0.017807902528872186
nonlinear,1215,tp,49,0.017445134832364394
nonlinear,1215,tp,50,0.01719113374502823
nonlinear,1215,tp,51,0.017062071249656193
nonlinear,1215,tp,52,0.016818965509133883
nonlinear,1215,tp,53,0.016535692314811227
nonlinear,1215,tp,54,0.016293906119357052
nonlinear,1215,tp,55,0.016043154131105138
nonlinear,1215,tp,56,0.015878075236203878
nonlinear,1215,tp,57,0.015681786871052577
nonlinear,1215,tp,58,0.015468698221664455
nonlinear,1215,tp,59,0.01529909724534026
nonlinear,1215,tp,60,0.01510006901942384
nonlinear,1216,tp,1,0.3074873775652159
nonlinear,1216,tp,2,0.23307769094341502
nonlinear,1216,tp,3,0.18335525138153197
nonlinear,1216,tp,4,0.1489462273360308
nonlinear,1216,tp,5,0.12461699922979212
nonlinear,1216,tp,6,0.10735266699197465
nonlinear,1216,tp,7,0.0937563442678303
nonlinear,1216,tp,8,0.08326295400646945
nonlinear,1216,tp,9,0.07458304108133358
nonlinear,1216,tp,10,0.06732673617540479
nonlinear,1216,tp,11,0.06118968229398549
nonlinear,1216,tp,12,0.05591995884141302
nonlinear,1216,tp,13,0.05136318501805628
nonlinear,1216,tp,14,0.04759429894022201
nonlinear,1216,tp,15,0.044164010211084355
nonlinear,1216,tp,16,0.041094986408786366
nonlinear,1216,tp,17,0.03844441919919832
nonlinear,1216,tp,18,0.03616306527775251
nonlinear,1216,tp,19,0.034186016123556005
nonlinear,1216,tp,20,0.03232393001433565
nonlinear,1216,tp,21,0.030807721904795082
nonlinear,1216,tp,22,0.02934955275247623
nonlinear,1216,tp,23,0.02809082105113735
nonlinear,1216,tp,24,0.02699230629040712
nonlinear,1216,tp,25,0.02602655853239633
nonlinear,1216,tp,26,0.025057899741519646
nonlinear,1216,tp,27,0.024264018519644975
nonlinear,1216,tp,28,0.023472331547794528
nonlinear,1216,tp,29,0.02272277303315025
nonlinear,1216,tp,30,0.02208606795896044
nonlinear,1216,tp,31,0.021485873795439245
nonlinear,1216,tp,32,0.020970177500609855
nonlinear,1216,tp,33,0.020441714672922193
nonlinear,1216,tp,34,0.020018656005957744
nonlinear,1216,tp,35,0.019538763668701543
nonlinear,1216,tp,36,0.019094786375927906
nonlinear,1216,tp,37,0.018768349955920135
nonlinear,1216,tp,38,0.018383592270749666
nonlinear,1216,tp,39,0.017978541428421202
nonlinear,1216,tp,40,0.017690027910317423
nonlinear,1216,tp,41,0.017326121997394032
nonlinear,1216,tp,42,0.01704279348784203
nonlinear,1216,tp,43,0.016771188907674265
nonlinear,1216,tp,44,0.01646649896459737
nonlinear,1216,tp,45,0.01618130757895596
nonlinear,1216,tp,46,0.01593003695909881
nonlinear,1216,tp,47,0.015755598033724658
nonlinear,1216,tp,48,0.015506079282244787
nonlinear,1216,tp,49,0.015252699195623361
nonlinear,1216,tp,50,0.01495573842618629
nonlinear,1216,tp,51,0.014734425114167525
nonlinear,1216,tp,52,0.01449016955951303
nonlinear,1216,tp,53,0.014355379177455089
nonlinear,1216,tp,54,0.014169905145819851
nonlinear,1216,tp,55,0.013919938232637626
nonlinear,1216,tp,56,0.013689772232708787
nonlinear,1216,tp,57,0.01360258283434188
nonlinear,1216,tp,58,0.013427367072524203
nonlinear,1216,tp,59,0.013185670564708804
nonlinear,1216,tp,60,0.013031329145654053
nonlinear,1217,tp,1,0.3053758059001528
nonlinear,1217,tp,2,0.242293497142524
nonlinear,1217,tp,3,0.19836863985427955
nonlinear,1217,tp,4,0.16880972658054352
nonlinear,1217,tp,5,0.14761414574566278
nonlinear,1217,tp,6,0.13067196047423715
nonlinear,1217,tp,7,0.11653142741720603
nonlinear,1217,tp,8,0.10497624360554904
nonlinear,1217,tp,9,0.09523944244026705
nonlinear,1217,tp,10,0.08677253771014952
nonlinear,1217,tp,11,0.07954750128634237
nonlinear,1217,tp,12,0.07316029899413225
nonlinear,1217,tp,13,0.06778163084775429
nonlinear,1217,tp,14,0.06289347228200882
nonlinear,1217,tp,15,0.05854948702222898
nonlinear,1217,tp,16,0.054760256126088445
nonlinear,1217,tp,17,0.05144313538245565
nonlinear,1217,tp,18,0.04857747390930326
nonlinear,1217,tp,19,0.045954011022265186
nonlinear,1217,tp,20,0.04383785990426886
nonlinear,1217,tp,21,0.0419061784291145
nonlinear,1217,tp,22,0.04000761614725829
nonlinear,1217,tp,23,0.03849043504831071
nonlinear,1217,tp,24,0.03713098001259561
nonlinear,1217,tp,25,0.03588678954699554
nonlinear,1217,tp,26,0.03481765584040878
nonlinear,1217,tp,27,0.03361046041092162
nonlinear,1217,tp,28,0.03253200705390674
nonlinear,1217,tp,29,0.031664592982214135
nonlinear,1217,tp,30,0.0307162067000156
nonlinear,1217,tp,31,0.02989706484676879
nonlinear,1217,tp,32,0.029071373480970636
nonlinear,1217,tp,33,0.028348695667608986
nonlinear,1217,tp,34,0.027699995231979233
nonlinear,1217,tp,35,0.027143154606254157
nonlinear,1217,tp,36,0.02628292480010799
nonlinear,1217,tp,37,0.02578392544972674
nonlinear,1217,tp,38,0.025187967081062287
nonlinear,1217,tp,39,0.02457177758228707
nonlinear,1217,tp,40,0.024177268352711962
nonlinear,1217,tp,41,0.023742362844484097
nonlinear,1217,tp,42,0.02316369450495513
nonlinear,1217,tp,43,0.02281078103125336
nonlinear,1217,tp,44,0.02242091331258227
nonlinear,1217,tp,45,0.021891275260953923
nonlinear,1217,tp,46,0.021532479349416933
nonlinear,1217,tp,47,0.021330648701171476
nonlinear,1217,tp,48,0.020837264275227682
nonlinear,1217,tp,49,0.020425970145469756
nonlinear,1217,tp,50,0.020241864055066477
nonlinear,1217,tp,51,0.019929953278310722
nonlinear,1217,tp,52,0.019554271699604785
nonlinear,1217,tp,53,0.01927003572855489
nonlinear,1217,tp,54,0.018970376824845033
nonlinear,1217,tp,55,0.018727298370029295
nonlinear,1217,tp,56,0.018453802172087207
nonlinear,1217,tp,57,0.018106959056166844
nonlinear,1217,tp,58,0.018018583107933066
nonlinear,1217,tp,59,0.017753916988568843
nonlinear,1217,tp,60,0.01750054343159255
nonlinear,1218,tp,1,0.33766004913324776
nonlinear,1218,tp,2,0.26231605039652434
nonlinear,1218,tp,3,0.2096967587991708
nonlinear,1218,tp,4,0.1720774030506662
nonlinear,1218,tp,5,0.14376725072662835
nonlinear,1218,tp,6,0.12252312571660222
nonlinear,1218,tp,7,0.10608511655007115
nonlinear,1218,tp,8,0.09331729753658148
nonlinear,1218,tp,9,0.08349404355356423
nonlinear,1218,tp,10,0.07561473342187118
nonlinear,1218,tp,11,0.06921743229416928
nonlinear,1218,tp,12,0.06400789913508094
nonlinear,1218,tp,13,0.05965061906652582
nonlinear,1218,tp,14,0.05602447900876165
nonlinear,1218,tp,15,0.05284503097586126
nonlinear,1218,tp,16,0.049982020912740815
nonlinear,1218,tp,17,0.0476864649067252
nonlinear,1218,tp,18,0.04564869226394139
nonlinear,1218,tp,19,0.04382753850391891
nonlinear,1218,tp,20,0.04211303513940003
nonlinear,1218,tp,21,0.04066114037932678
nonlinear,1218,tp,22,0.03938673109201791
nonlinear,1218,tp,23,0.03812089013832664
nonlinear,1218,tp,24,0.03691330449493554
nonlinear,1218,tp,25,0.03588301835883745
nonlinear,1218,tp,26,0.03473020600101584
nonlinear,1218,tp,27,0.0338101637546795
nonlinear,1218,tp,28,0.03294978755381753
nonlinear,1218,tp,29,0.03205180260231821
nonlinear,1218,tp,30,0.031151185093370923
nonlinear,1218,tp,31,0.03037257775516511
nonlinear,1218,tp,32,0.029641166295368063
nonlinear,1218,tp,33,0.028979309401303582
nonlinear,1218,tp,34,0.028368726224032765
nonlinear,1218,tp,35,0.027670170832636592
nonlinear,1218,tp,36,0.027028955334069946
nonlinear,1218,tp,37,0.026431464974392176
nonlinear,1218,tp,38,0.025946091277622135
nonlinear,1218,tp,39,0.02542312893752545
nonlinear,1218,tp,40,0.02494724059642492
nonlinear,1218,tp,41,0.024415074432359782
nonlinear,1218,tp,42,0.023984480651795
nonlinear,1218,tp,43,0.02357103955035336
nonlinear,1218,tp,44,0.02324553968338157
nonlinear,1218,tp,45,0.022910042548475295
nonlinear,1218,tp,46,0.022546109244731664
nonlinear,1218,tp,47,0.022139842325133913
nonlinear,1218,tp,48,0.021820108261085252
nonlinear,1218,tp,49,0.021504224534241223
nonlinear,1218,tp,50,0.02121236922496827
nonlinear,1218,tp,51,0.02087241773973537
nonlinear,1218,tp,52,0.02073160538827393
nonlinear,1218,tp,53,0.020554861829042963
nonlinear,1218,tp,54,0.020184789775285875
nonlinear,1218,tp,55,0.01986484091919091
nonlinear,1218,tp,56,0.019733972704602344
nonlinear,1218,tp,57,0.01954295920637453
nonlinear,1218,tp,58,0.019210082038132913
nonlinear,1218,tp,59,0.019083710180143
nonlinear,1218,tp,60,0.018795219887994236
nonlinear,1219,tp,1,0.2921233778160705
nonlinear,1219,tp,2,0.21699769637531227
nonlinear,1219,tp,3,0.16731149539982773
nonlinear,1219,tp,4,0.13418438302315483
nonlinear,1219,tp,5,0.11153081275366299
nonlinear,1219,tp,6,0.09545241996266912
nonlinear,1219,tp,7,0.08345865921100425
nonlinear,1219,tp,8,0.07458466814013524
nonlinear,1219,tp,9,0.06758803387719461
nonlinear,1219,tp,10,0.06207668595547674
nonlinear,1219,tp,11,0.057579302582887716
nonlinear,1219,tp,12,0.053859857960548506
nonlinear,1219,tp,13,0.050671508734421215
nonlinear,1219,tp,14,0.04789052087132076
nonlinear,1219,tp,15,0.04549213329333491
nonlinear,1219,tp,16,0.043230389385293194
nonlinear,1219,tp,17,0.04126999431903058
nonlinear,1219,tp,18,0.039424765080717995
nonlinear,1219,tp,19,0.037830595305441465
nonlinear,1219,tp,20,0.036466020210896954
nonlinear,1219,tp,21,0.035107403087450244
nonlinear,1219,tp,22,0.03381884823809346
nonlinear,1219,tp,23,0.032743129892039105
nonlinear,1219,tp,24,0.03161671235739608
nonlinear,1219,tp,25,0.03061356153866428
nonlinear,1219,tp,26,0.0298219987345511
nonlinear,1219,tp,27,0.02897241265515153
nonlinear,1219,tp,28,0.02820217858568898
nonlinear,1219,tp,29,0.027356621500152764
nonlinear,1219,tp,30,0.026734946638219705
nonlinear,1219,tp,31,0.02613256998921241
nonlinear,1219,tp,32,0.025440480419211237
nonlinear,1219,tp,33,0.024793692688962993
nonlinear,1219,tp,34,0.02436695449105099
nonlinear,1219,tp,35,0.02370028685339859
nonlinear,1219,tp,36,0.023216601853115946
nonlinear,1219,tp,37,0.022710419299340128
nonlinear,1219,tp,38,0.022170854976188776
nonlinear,1219,tp,39,0.021773544011330092
nonlinear,1219,tp,40,0.021404566832387045
nonlinear,1219,tp,41,0.02099995392091883
nonlinear,1219,tp,42,0.020708939215434898
nonlinear,1219,tp,43,0.0203281445680048
nonlinear,1219,tp,44,0.020066716021270806
nonlinear,1219,tp,45,0.019780576030117
nonlinear,1219,tp,46,0.019459478085522487
nonlinear,1219,tp,47,0.01916357358706769
nonlinear,1219,tp,48,0.018961688543207653
nonlinear,1219,tp,49,0.018653558209868994
nonlinear,1219,tp,50,0.018476461053674665
nonlinear,1219,tp,51,0.018256673897175744
nonlinear,1219,tp,52,0.018023796281081927
nonlinear,1219,tp,53,0.01778390699842904
nonlinear,1219,tp,54,0.01764180820013971
nonlinear,1219,tp,55,0.01742735058265173
nonlinear,1219,tp,56,0.01734236622517699
nonlinear,1219,tp,57,0.017129770752481895
nonlinear,1219,tp,58,0.016872265142919566
nonlinear,1219,tp,59,0.016776490566387497
nonlinear,1219,tp,60,0.016654014993415647
