topology,method,seed,epoch,train_local_loss,train_forward_loss,train_accuracy,test_loss,test_accuracy,mean_residual_norm,mean_dual_norm
native,bp,0,1,1.2427096590399742,0.8644846677780151,0.32421875,0.8649041056632996,0.3203125,0.0,0.0
native,bp,0,2,0.6619061138480902,0.4846004843711853,0.5,0.4844359755516052,0.4921875,0.0,0.0
native,bp,0,3,0.40961180813610554,0.3561009168624878,0.55859375,0.35571184754371643,0.55859375,0.0,0.0
native,bp,0,4,0.3384257834404707,0.3184446096420288,0.517578125,0.3184722363948822,0.5078125,0.0,0.0
native,bp,0,5,0.3050362356007099,0.2888621389865875,0.68359375,0.2892424762248993,0.6875,0.0,0.0
native,bp,0,6,0.2753590773791075,0.25868526101112366,0.8359375,0.2595183253288269,0.8125,0.0,0.0
native,bp,0,7,0.24503448884934187,0.22793447971343994,0.896484375,0.22915756702423096,0.890625,0.0,0.0
native,bp,0,8,0.21340514533221722,0.19526387751102448,0.96484375,0.1967640072107315,0.9609375,0.0,0.0
native,bp,0,9,0.18016012758016586,0.16297227144241333,0.990234375,0.16491053998470306,0.98828125,0.0,0.0
native,bp,0,10,0.14915476273745298,0.13360795378684998,0.994140625,0.13569356501102448,1.0,0.0,0.0
native,bp,0,11,0.12194943660870194,0.10923732817173004,0.998046875,0.11123771220445633,1.0,0.0,0.0
native,bp,0,12,0.10072207730263472,0.09061809629201889,0.998046875,0.09239837527275085,1.0,0.0,0.0
native,pc,0,1,0.8878389038145542,0.8637371063232422,0.419921875,0.8641367554664612,0.39453125,0.4897706764895702,0.0
native,pc,0,2,0.4661477878689766,0.4868239462375641,0.484375,0.48665738105773926,0.47265625,0.36431011673024233,0.0
native,pc,0,3,0.2856400441378355,0.3592299520969391,0.55859375,0.3587680757045746,0.5546875,0.2939131842625405,0.0
native,pc,0,4,0.23493987508118153,0.3215278685092926,0.49609375,0.3213909864425659,0.48828125,0.2691791101436441,0.0
native,pc,0,5,0.21172355581074953,0.2930470108985901,0.697265625,0.29326632618904114,0.70703125,0.25699485082683776,0.0
native,pc,0,6,0.19116964656859636,0.2643309533596039,0.84375,0.264995813369751,0.81640625,0.24613767271512188,0.0
native,pc,0,7,0.17089163791388273,0.23538027703762054,0.892578125,0.23641327023506165,0.875,0.23443825710758878,0.0
native,pc,0,8,0.14987292978912592,0.2047271877527237,0.951171875,0.2060190886259079,0.94140625,0.22126558441959787,0.0
native,pc,0,9,0.127691937610507,0.17314033210277557,0.9921875,0.1748211532831192,0.9921875,0.20599366512275688,0.0
native,pc,0,10,0.10605383897200227,0.14274996519088745,0.99609375,0.14464233815670013,1.0,0.18938308982372595,0.0
native,pc,0,11,0.08605508087202907,0.11589598655700684,0.998046875,0.11778644472360611,1.0,0.17268492918568276,0.0
native,pc,0,12,0.06937399879097939,0.09448566287755966,1.0,0.09639713168144226,1.0,0.15737629012680068,0.0
native,pcalm,0,1,0.9096815921366215,0.8655930757522583,0.421875,0.865985631942749,0.41015625,0.466035568950853,1.3418865744461073
native,pcalm,0,2,0.47938824258744717,0.48960283398628235,0.48828125,0.4894236922264099,0.4765625,0.3472190164999726,1.0016345576950698
native,pcalm,0,3,0.29512674920260906,0.36157482862472534,0.5859375,0.3610840439796448,0.56640625,0.28041118802987813,0.8103104895926663
native,pcalm,0,4,0.24277986586093903,0.3232363164424896,0.48828125,0.32305994629859924,0.484375,0.25665000307102065,0.7418322934317985
native,pcalm,0,5,0.21885741967707872,0.29480379819869995,0.69140625,0.29498329758644104,0.6953125,0.24494331038052528,0.7079731741832802
native,pcalm,0,6,0.1979289036244154,0.2661583125591278,0.826171875,0.2667900621891022,0.80078125,0.23461776829208247,0.6782809934084071
native,pcalm,0,7,0.17723569832742214,0.2373325228691101,0.88671875,0.23833903670310974,0.86328125,0.22350619342372133,0.6463228297798196
native,pcalm,0,8,0.15582039672881365,0.20693208277225494,0.94921875,0.20820419490337372,0.93359375,0.2110920305325029,0.6105977225815877
native,pcalm,0,9,0.13322531944140792,0.17558035254478455,0.990234375,0.177242249250412,0.9921875,0.1967466072528623,0.5693651183246402
native,pcalm,0,10,0.11111691407859325,0.14536979794502258,0.99609375,0.1472454071044922,1.0,0.18115608524143076,0.5245536708680447
native,pcalm,0,11,0.09061925299465656,0.1184975728392601,0.998046875,0.12037497013807297,1.0,0.1654757788249602,0.47962108543288196
native,pcalm,0,12,0.07335008075460792,0.09682555496692657,0.998046875,0.09874293953180313,1.0,0.15099137243911778,0.4381181671851664
degree_preserving,bp,0,1,1.2482676059007645,0.9098883271217346,0.427734375,0.9080610275268555,0.40625,0.0,0.0
degree_preserving,bp,0,2,0.7119185701012611,0.5292432904243469,0.509765625,0.5281069278717041,0.51171875,0.0,0.0
degree_preserving,bp,0,3,0.4341598264873028,0.35706037282943726,0.681640625,0.35641252994537354,0.671875,0.0,0.0
degree_preserving,bp,0,4,0.3238190747797489,0.2921450138092041,0.646484375,0.29166483879089355,0.63671875,0.0,0.0
degree_preserving,bp,0,5,0.27514231763780117,0.2552771270275116,0.705078125,0.25480860471725464,0.71484375,0.0,0.0
degree_preserving,bp,0,6,0.23926983587443829,0.21898743510246277,0.9765625,0.21838656067848206,0.98828125,0.0,0.0
degree_preserving,bp,0,7,0.20255515445023775,0.18389351665973663,0.998046875,0.18316978216171265,1.0,0.0,0.0
degree_preserving,bp,0,8,0.17010702565312386,0.1551731824874878,0.998046875,0.15427041053771973,1.0,0.0,0.0
degree_preserving,bp,0,9,0.14459366025403142,0.1331467181444168,1.0,0.13204941153526306,1.0,0.0,0.0
degree_preserving,bp,0,10,0.12550951167941093,0.11704771220684052,1.0,0.11568432301282883,1.0,0.0,0.0
degree_preserving,bp,0,11,0.11104155099019408,0.10513792932033539,1.0,0.10368439555168152,1.0,0.0,0.0
degree_preserving,bp,0,12,0.10141899110749364,0.09605531394481659,1.0,0.09447003901004791,1.0,0.0,0.0
degree_preserving,pc,0,1,0.8785871267318726,0.9095485806465149,0.453125,0.9077106714248657,0.4375,0.5006326558626218,0.0
degree_preserving,pc,0,2,0.49590814858675003,0.5298845171928406,0.509765625,0.52875816822052,0.51171875,0.383476323314729,0.0
degree_preserving,pc,0,3,0.30122788809239864,0.35664069652557373,0.669921875,0.3560413122177124,0.6640625,0.3002165456176347,0.0
degree_preserving,pc,0,4,0.22466983646154404,0.29468250274658203,0.625,0.29428765177726746,0.6015625,0.2613847800021176,0.0
degree_preserving,pc,0,5,0.19197218213230371,0.2612196207046509,0.68359375,0.26085853576660156,0.6875,0.24404184069377757,0.0
degree_preserving,pc,0,6,0.168372412212193,0.22784841060638428,0.9296875,0.22733266651630402,0.9453125,0.23079636888724053,0.0
degree_preserving,pc,0,7,0.14393097441643476,0.19351615011692047,0.9921875,0.19280806183815002,1.0,0.21524098015167206,0.0
degree_preserving,pc,0,8,0.12016307190060616,0.16297635436058044,0.994140625,0.1620168685913086,1.0,0.19973942771806227,0.0
degree_preserving,pc,0,9,0.10023264959454536,0.13895243406295776,0.998046875,0.13777796924114227,1.0,0.18600806009150497,0.0
degree_preserving,pc,0,10,0.08510686969384551,0.12145357578992844,0.998046875,0.11997321248054504,1.0,0.17516910715251774,0.0
degree_preserving,pc,0,11,0.07373119331896305,0.10835860669612885,1.0,0.10675135254859924,1.0,0.16639923957457844,0.0
degree_preserving,pc,0,12,0.06604659813456237,0.09836339950561523,1.0,0.09661189466714859,1.0,0.16002403653449923,0.0
degree_preserving,pcalm,0,1,0.9003501906991005,0.9095044732093811,0.453125,0.907667875289917,0.43359375,0.4768157723689607,1.3726842185133137
degree_preserving,pcalm,0,2,0.5086006484925747,0.5297999382019043,0.509765625,0.5286765098571777,0.51171875,0.3651864218894237,1.0530733456143935
degree_preserving,pcalm,0,3,0.3091789223253727,0.35700273513793945,0.66796875,0.3564067482948303,0.66015625,0.2859341205718617,0.8248658594820881
degree_preserving,pcalm,0,4,0.2308823186904192,0.2952628433704376,0.623046875,0.29487156867980957,0.6015625,0.2491378230721845,0.7189500358217629
degree_preserving,pcalm,0,5,0.1976474290713668,0.26223769783973694,0.68359375,0.2618826627731323,0.68359375,0.23275885646580718,0.6720404506158957
degree_preserving,pcalm,0,6,0.17385626677423716,0.22936096787452698,0.923828125,0.22885212302207947,0.94140625,0.22032147066299027,0.6366366504626058
degree_preserving,pcalm,0,7,0.14914019592106342,0.19537967443466187,0.9921875,0.19467870891094208,1.0,0.20563858950724048,0.5947965527266206
degree_preserving,pcalm,0,8,0.12494886619970202,0.16479453444480896,0.994140625,0.16384071111679077,1.0,0.19086506091116462,0.5531034564010042
degree_preserving,pcalm,0,9,0.10442869225516915,0.14048558473587036,0.998046875,0.1393226981163025,1.0,0.17761380540711494,0.5158292037376668
degree_preserving,pcalm,0,10,0.08873540163040161,0.12266917526721954,0.998046875,0.12119690328836441,1.0,0.16706314719340298,0.4862582205350918
degree_preserving,pcalm,0,11,0.07688436144962907,0.10930820554494858,1.0,0.10770431905984879,1.0,0.15852610950726861,0.4623550671785779
degree_preserving,pcalm,0,12,0.06885061040520668,0.0991138145327568,1.0,0.09735961258411407,1.0,0.15230362160946243,0.44488542648832663
random,bp,0,1,1.1084294132888317,0.7851347327232361,0.25,0.784253716468811,0.25,0.0,0.0
random,bp,0,2,0.6318807601928711,0.504002571105957,0.37890625,0.5027218461036682,0.34375,0.0,0.0
random,bp,0,3,0.4445676151663065,0.392205148935318,0.501953125,0.39168596267700195,0.50390625,0.0,0.0
random,bp,0,4,0.36225141398608685,0.3283185064792633,0.740234375,0.32837367057800293,0.73828125,0.0,0.0
random,bp,0,5,0.3055431880056858,0.2805980443954468,0.7265625,0.28069156408309937,0.73046875,0.0,0.0
random,bp,0,6,0.2625402733683586,0.23977220058441162,0.748046875,0.23964300751686096,0.7421875,0.0,0.0
random,bp,0,7,0.22476328257471323,0.20798178017139435,0.75,0.20749354362487793,0.75,0.0,0.0
random,bp,0,8,0.19660253264009953,0.1843208521604538,0.75,0.18350154161453247,0.75,0.0,0.0
random,bp,0,9,0.17534094769507647,0.1653086245059967,1.0,0.1643373668193817,1.0,0.0,0.0
random,bp,0,10,0.15788907185196877,0.14936214685440063,1.0,0.14833727478981018,1.0,0.0,0.0
random,bp,0,11,0.14267677534371614,0.13510029017925262,1.0,0.13413718342781067,1.0,0.0,0.0
random,bp,0,12,0.1297947927378118,0.1219405084848404,1.0,0.12111690640449524,1.0,0.0,0.0
random,pc,0,1,0.7728631272912025,0.7840746641159058,0.25,0.783227801322937,0.25,0.4748188088609216,0.0
random,pc,0,2,0.4338510725647211,0.5046040415763855,0.498046875,0.5032474398612976,0.5,0.3660217938255907,0.0
random,pc,0,3,0.3025425495579839,0.3936997056007385,0.505859375,0.39302220940589905,0.515625,0.3119039402420943,0.0
random,pc,0,4,0.24477835185825825,0.3274593651294708,0.73046875,0.3274111747741699,0.73828125,0.2831167856832811,0.0
random,pc,0,5,0.2041278975084424,0.2798464000225067,0.724609375,0.27988481521606445,0.73046875,0.2614567634542861,0.0
random,pc,0,6,0.17357819341123104,0.2402316927909851,0.75,0.2400587499141693,0.74609375,0.24569095203332836,0.0
random,pc,0,7,0.1473934929817915,0.2091502696275711,0.75,0.2085932046175003,0.75,0.23101626133090272,0.0
random,pc,0,8,0.12745736446231604,0.18532046675682068,0.75,0.18439917266368866,0.75,0.21877715734444791,0.0
random,pc,0,9,0.11231852835044265,0.16584192216396332,0.99609375,0.16474924981594086,1.0,0.20850300273135267,0.0
random,pc,0,10,0.10009547369554639,0.1494443416595459,1.0,0.1482926905155182,1.0,0.19919991359832542,0.0
random,pc,0,11,0.08957216050475836,0.13481268286705017,1.0,0.1337137520313263,1.0,0.19007120195844132,0.0
random,pc,0,12,0.08084168983623385,0.12143221497535706,1.0,0.12049031257629395,1.0,0.18171380827698158,0.0
random,pcalm,0,1,0.7927700318396091,0.7840933799743652,0.25,0.7832451462745667,0.25,0.4513429898652248,1.3042792650485353
random,pcalm,0,2,0.4453235752880573,0.5042119026184082,0.498046875,0.5028510093688965,0.4921875,0.34825966455294594,1.0072386559731967
random,pcalm,0,3,0.3108026860281825,0.393602192401886,0.505859375,0.3929186165332794,0.51171875,0.29689111874904484,0.8590890772065904
random,pcalm,0,4,0.25168058928102255,0.3274494707584381,0.728515625,0.3274036943912506,0.73828125,0.2695532334522189,0.7801609310263302
random,pcalm,0,5,0.21008930820971727,0.2799656093120575,0.72265625,0.2800099551677704,0.73046875,0.2488981127195681,0.7208853937809181
random,pcalm,0,6,0.17898765858262777,0.24050000309944153,0.75,0.24033062160015106,0.74609375,0.233921696630811,0.6782276628691761
random,pcalm,0,7,0.1522684535011649,0.20946869254112244,0.75,0.2089117169380188,0.75,0.21996315444509187,0.6384783235116629
random,pcalm,0,8,0.13185194972902536,0.18556737899780273,0.75,0.1846410632133484,0.75,0.20828831788579313,0.6052907318080543
random,pcalm,0,9,0.11626412393525243,0.16599193215370178,0.99609375,0.16488738358020782,1.0,0.19846353561539823,0.5772348855898599
random,pcalm,0,10,0.1036412320099771,0.14949530363082886,1.0,0.1483270227909088,1.0,0.18954530346187917,0.5516806454652396
random,pcalm,0,11,0.09275950258597732,0.13478191196918488,1.0,0.133662149310112,1.0,0.18078702473333882,0.526508621762332
random,pcalm,0,12,0.0837305011227727,0.12134591490030289,1.0,0.12038213759660721,1.0,0.17278008645613832,0.5033824894708232
native,bp,1,1,2.788817271590233,1.923558235168457,0.25,1.926871418952942,0.25,0.0,0.0
native,bp,1,2,1.3897299207746983,0.8959774374961853,0.25,0.8962814807891846,0.25,0.0,0.0
native,bp,1,3,0.6573017537593842,0.48055076599121094,0.240234375,0.4771935045719147,0.24609375,0.0,0.0
native,bp,1,4,0.41287268698215485,0.36798226833343506,0.169921875,0.36298686265945435,0.171875,0.0,0.0
native,bp,1,5,0.34738850966095924,0.32571589946746826,0.685546875,0.3208194971084595,0.71875,0.0,0.0
native,bp,1,6,0.31166247092187405,0.2963566184043884,0.740234375,0.2920462489128113,0.75,0.0,0.0
native,bp,1,7,0.28484673146158457,0.27202701568603516,0.75,0.2683042883872986,0.75,0.0,0.0
native,bp,1,8,0.26226730551570654,0.25138503313064575,0.75,0.24804936349391937,0.75,0.0,0.0
native,bp,1,9,0.24293831642717123,0.23344284296035767,0.755859375,0.23054800927639008,0.7578125,0.0,0.0
native,bp,1,10,0.22618625406175852,0.2181835174560547,0.767578125,0.21561749279499054,0.765625,0.0,0.0
native,bp,1,11,0.21212088316679,0.2054162621498108,0.783203125,0.2032650262117386,0.78515625,0.0,0.0
native,bp,1,12,0.20038262102752924,0.19460400938987732,0.80078125,0.19272184371948242,0.8046875,0.0,0.0
native,pc,1,1,1.7112881317734718,1.9345881938934326,0.25,1.9378445148468018,0.25,0.8544235517911147,0.0
native,pc,1,2,0.9011023752391338,0.9122247695922852,0.25,0.9127367734909058,0.25,0.5786321661241042,0.0
native,pc,1,3,0.4536406025290489,0.48674511909484863,0.234375,0.48397311568260193,0.2421875,0.38097391862538643,0.0
native,pc,1,4,0.29256901144981384,0.3675423860549927,0.150390625,0.3629274368286133,0.15625,0.2873112556747704,0.0
native,pc,1,5,0.24905373342335224,0.3284286558628082,0.6640625,0.3235369026660919,0.69921875,0.2596547399298288,0.0
native,pc,1,6,0.2264635916799307,0.2993372678756714,0.744140625,0.2948507070541382,0.74609375,0.2450279858749127,0.0
native,pc,1,7,0.20788436569273472,0.2735536992549896,0.751953125,0.26962488889694214,0.75,0.23226745157444384,0.0
native,pc,1,8,0.19142056722193956,0.251335471868515,0.751953125,0.2478022426366806,0.75,0.22075635579191535,0.0
native,pc,1,9,0.1770411655306816,0.23176316916942596,0.767578125,0.22865554690361023,0.76953125,0.21047784875311967,0.0
native,pc,1,10,0.16410740837454796,0.21504828333854675,0.783203125,0.21227578818798065,0.7734375,0.20163495955057442,0.0
native,pc,1,11,0.1529075400903821,0.2009175568819046,0.80859375,0.19855880737304688,0.80859375,0.19418393184120455,0.0
native,pc,1,12,0.14319517649710178,0.1888953149318695,0.826171875,0.1868096888065338,0.83203125,0.1883535728629795,0.0
native,pcalm,1,1,1.7736519128084183,1.937544584274292,0.25,1.9408090114593506,0.25,0.8120496154685194,2.375869962881552
native,pcalm,1,2,0.9321191050112247,0.9165396690368652,0.25,0.9171062707901001,0.25,0.5507965789875016,1.604731666360749
native,pcalm,1,3,0.4686107635498047,0.489928662776947,0.23046875,0.48725077509880066,0.23828125,0.3635696427663788,1.054327366364305
native,pcalm,1,4,0.3012077547609806,0.36927205324172974,0.134765625,0.3647145628929138,0.140625,0.2741240304603707,0.7918445386749227
native,pcalm,1,5,0.25608024653047323,0.33021703362464905,0.66015625,0.3253270983695984,0.68359375,0.24752793906372972,0.7140529499156401
native,pcalm,1,6,0.23298425693064928,0.30119574069976807,0.7421875,0.29668712615966797,0.74609375,0.23374498794631413,0.6737164921651129
native,pcalm,1,7,0.2138842586427927,0.2753200829029083,0.751953125,0.2713715732097626,0.75,0.22164742860089368,0.6382218307844596
native,pcalm,1,8,0.1969395624473691,0.2530004680156708,0.751953125,0.2494545876979828,0.75,0.21067148760387985,0.6060237701385631
native,pcalm,1,9,0.18213173281401396,0.23327559232711792,0.763671875,0.23015661537647247,0.76953125,0.20082682962917411,0.5771438526062411
native,pcalm,1,10,0.16880889516323805,0.21638834476470947,0.783203125,0.21360686421394348,0.7734375,0.19231191288660435,0.552253994239436
native,pcalm,1,11,0.15725664887577295,0.20204636454582214,0.80859375,0.199679434299469,0.8046875,0.1850893802329665,0.5312338036492292
native,pcalm,1,12,0.14723616931587458,0.18983885645866394,0.826171875,0.18774805963039398,0.83203125,0.17939448121857518,0.5147837589611299
degree_preserving,bp,1,1,3.2822143882513046,2.44280743598938,0.25,2.4420571327209473,0.25,0.0,0.0
degree_preserving,bp,1,2,1.8951391205191612,1.357222557067871,0.25,1.357299566268921,0.25,0.0,0.0
degree_preserving,bp,1,3,1.0307471230626106,0.7440296411514282,0.25,0.7444891333580017,0.25,0.0,0.0
degree_preserving,bp,1,4,0.5908335447311401,0.47251519560813904,0.236328125,0.4723571836948395,0.25,0.0,0.0
degree_preserving,bp,1,5,0.41686417162418365,0.3677991032600403,0.5,0.3672110438346863,0.5,0.0,0.0
degree_preserving,bp,1,6,0.34107075817883015,0.3152140974998474,0.5,0.3147726058959961,0.5,0.0,0.0
degree_preserving,bp,1,7,0.29820734541863203,0.2808706760406494,0.5,0.28069284558296204,0.5,0.0,0.0
degree_preserving,bp,1,8,0.26830620877444744,0.25564345717430115,0.5,0.2556613087654114,0.5,0.0,0.0
degree_preserving,bp,1,9,0.2462875759229064,0.2356746941804886,0.50390625,0.23585806787014008,0.5078125,0.0,0.0
degree_preserving,bp,1,10,0.22812354378402233,0.21965673565864563,0.65234375,0.21995913982391357,0.671875,0.0,0.0
degree_preserving,bp,1,11,0.21325582452118397,0.20575037598609924,0.765625,0.20612438023090363,0.796875,0.0,0.0
degree_preserving,bp,1,12,0.2000000337138772,0.19305069744586945,0.919921875,0.19347892701625824,0.921875,0.0,0.0
degree_preserving,pc,1,1,1.9880863651633263,2.44942569732666,0.25,2.448640823364258,0.25,0.9369257241196465,0.0
degree_preserving,pc,1,2,1.1967413537204266,1.374232530593872,0.25,1.3741815090179443,0.25,0.69191053158526,0.0
degree_preserving,pc,1,3,0.6825271099805832,0.7568954825401306,0.25,0.75731360912323,0.25,0.49584640736187185,0.0
degree_preserving,pc,1,4,0.407188193872571,0.47657302021980286,0.25,0.47653764486312866,0.25,0.3600711171942142,0.0
degree_preserving,pc,1,5,0.29248244501650333,0.36885780096054077,0.5,0.36840495467185974,0.5,0.2930965335496391,0.0
degree_preserving,pc,1,6,0.24092554580420256,0.3151174485683441,0.5,0.3147217035293579,0.5,0.2616646212336491,0.0
degree_preserving,pc,1,7,0.21072112303227186,0.27781224250793457,0.5,0.2776281237602234,0.5,0.2418716420943383,0.0
degree_preserving,pc,1,8,0.18817166704684496,0.2490515261888504,0.5,0.24905848503112793,0.5,0.22650527838413836,0.0
degree_preserving,pc,1,9,0.1707048136740923,0.2254858911037445,0.505859375,0.22567126154899597,0.5,0.2142727882868106,0.0
degree_preserving,pc,1,10,0.15566587820649147,0.20640762150287628,0.7421875,0.20673368871212006,0.765625,0.2036425550856317,0.0
degree_preserving,pc,1,11,0.14309630449861288,0.1897570937871933,0.984375,0.19015620648860931,0.984375,0.1947963149420199,0.0
degree_preserving,pc,1,12,0.13176243240013719,0.17489571869373322,1.0,0.17535939812660217,1.0,0.18685723235830665,0.0
degree_preserving,pcalm,1,1,2.0636131316423416,2.45538330078125,0.25,2.454566717147827,0.25,0.8911286530007297,2.608892885502428
degree_preserving,pcalm,1,2,1.2435675896704197,1.3882752656936646,0.25,1.3881473541259766,0.25,0.6599283426379164,1.9255482285370817
degree_preserving,pcalm,1,3,0.714507058262825,0.7750108242034912,0.25,0.775381326675415,0.25,0.47578452901992324,1.383800698487903
degree_preserving,pcalm,1,4,0.4293597526848316,0.4905984401702881,0.25,0.49062782526016235,0.25,0.3480232020180362,1.008218668983318
degree_preserving,pcalm,1,5,0.30784677527844906,0.3786664605140686,0.5,0.3782995939254761,0.5,0.28357739207179594,0.8186683381645707
degree_preserving,pcalm,1,6,0.25268364883959293,0.32257717847824097,0.5,0.3222375512123108,0.5,0.2528970876010135,0.7286932427232387
degree_preserving,pcalm,1,7,0.2200593315064907,0.28320807218551636,0.5,0.28307315707206726,0.5,0.23358806953183375,0.672261337058444
degree_preserving,pcalm,1,8,0.19537794683128595,0.25232863426208496,0.5,0.2524026036262512,0.5,0.21838152895118887,0.6279648135314346
degree_preserving,pcalm,1,9,0.17585164960473776,0.22669583559036255,0.505859375,0.22696799039840698,0.5,0.20590008611422186,0.5916913757209841
degree_preserving,pcalm,1,10,0.15911407861858606,0.2059774398803711,0.73828125,0.2064233273267746,0.73046875,0.1949860357126454,0.5600457336950058
degree_preserving,pcalm,1,11,0.14518288802355528,0.18798428773880005,0.982421875,0.18853867053985596,0.9921875,0.18580829881345076,0.5335350805180497
degree_preserving,pcalm,1,12,0.13273314340040088,0.17199473083019257,1.0,0.1726512461900711,1.0,0.17754780680600865,0.5097533750922594
random,bp,1,1,2.6105044335126877,1.948876142501831,0.25,1.9500329494476318,0.25,0.0,0.0
random,bp,1,2,1.5571299716830254,1.1851022243499756,0.005859375,1.1854796409606934,0.0,0.0,0.0
random,bp,1,3,0.9690151996910572,0.7745183110237122,0.005859375,0.7736074924468994,0.0,0.0,0.0
random,bp,1,4,0.6555650867521763,0.5554676651954651,0.123046875,0.5534119009971619,0.12890625,0.0,0.0
random,bp,1,5,0.49512351863086224,0.43781137466430664,0.044921875,0.4354575276374817,0.08203125,0.0,0.0
random,bp,1,6,0.4006487466394901,0.36119839549064636,0.474609375,0.35927027463912964,0.48046875,0.0,0.0
random,bp,1,7,0.3314368352293968,0.29858270287513733,0.66015625,0.29735150933265686,0.66796875,0.0,0.0
random,bp,1,8,0.2725824238732457,0.24380725622177124,0.759765625,0.24323414266109467,0.76171875,0.0,0.0
random,bp,1,9,0.22185645159333944,0.198111891746521,0.998046875,0.19800600409507751,1.0,0.0,0.0
random,bp,1,10,0.1802642708644271,0.161764994263649,1.0,0.16192075610160828,1.0,0.0,0.0
random,bp,1,11,0.1484260968863964,0.1344134360551834,1.0,0.13472267985343933,1.0,0.0,0.0
random,bp,1,12,0.12479995843023062,0.114661306142807,1.0,0.11507429927587509,1.0,0.0,0.0
random,pc,1,1,1.6194358319044113,1.949723482131958,0.25,1.9508793354034424,0.25,0.8202642492688028,0.0
random,pc,1,2,0.9971520006656647,1.1839416027069092,0.0,1.18433678150177,0.0,0.6154195179406088,0.0
random,pc,1,3,0.6327292397618294,0.7722727656364441,0.005859375,0.7713701725006104,0.0,0.4763413844630122,0.0
random,pc,1,4,0.43539802357554436,0.5551457405090332,0.0,0.5529998540878296,0.00390625,0.38554369757912355,0.0
random,pc,1,5,0.33620699122548103,0.44267070293426514,0.0,0.4401184022426605,0.0,0.33098337880558876,0.0
random,pc,1,6,0.27810765616595745,0.3681505024433136,0.416015625,0.3659861087799072,0.41015625,0.29610089298997383,0.0
random,pc,1,7,0.23353807535022497,0.30457186698913574,0.654296875,0.303144633769989,0.66796875,0.26690270696174895,0.0
random,pc,1,8,0.19348192773759365,0.247426837682724,0.759765625,0.2467382550239563,0.76171875,0.23903553385995716,0.0
random,pc,1,9,0.1578329699113965,0.1991344392299652,0.998046875,0.19898667931556702,0.99609375,0.21247169990480566,0.0
random,pc,1,10,0.1279710908420384,0.16095714271068573,1.0,0.16112074255943298,1.0,0.18865973744444395,0.0
random,pc,1,11,0.1051310570910573,0.13255935907363892,1.0,0.13289187848567963,1.0,0.16870985412970185,0.0
random,pc,1,12,0.08829425927251577,0.11245422810316086,1.0,0.11289231479167938,1.0,0.15284367391723208,0.0
random,pcalm,1,1,1.6762099415063858,1.9494043588638306,0.25,1.9505521059036255,0.25,0.7810749867348932,2.2788370598645997
random,pcalm,1,2,1.0307272486388683,1.1850907802581787,0.0,1.1854801177978516,0.0,0.585502817411907,1.7040615590158268
random,pcalm,1,3,0.6540554501116276,0.7743654251098633,0.00390625,0.773467481136322,0.0,0.453407338509957,1.3174511335382704
random,pcalm,1,4,0.4500844143331051,0.5574423670768738,0.0,0.5553054213523865,0.00390625,0.3673344350633367,1.0655674339213874
random,pcalm,1,5,0.3474817294627428,0.44508498907089233,0.0,0.44252991676330566,0.0,0.3156398674764205,0.9142191703358549
random,pcalm,1,6,0.2875743582844734,0.3708168864250183,0.41015625,0.36863526701927185,0.40234375,0.2826309160348804,0.8177170380440657
random,pcalm,1,7,0.2417385708540678,0.307373046875,0.64453125,0.30592477321624756,0.6640625,0.25497722941994044,0.7369521507062018
random,pcalm,1,8,0.20052168518304825,0.2501232922077179,0.744140625,0.24942106008529663,0.7421875,0.2285090332637386,0.6598512384080095
random,pcalm,1,9,0.16366951074451208,0.20144714415073395,0.994140625,0.20129968225955963,0.99609375,0.20317350208642893,0.5861470054769597
random,pcalm,1,10,0.13266522902995348,0.16278015077114105,1.0,0.1629575788974762,1.0,0.18037768115270106,0.5199268136857427
random,pcalm,1,11,0.10881997784599662,0.13384026288986206,1.0,0.1341947317123413,1.0,0.1611964342785844,0.4641584598502959
random,pcalm,1,12,0.09116684459149837,0.11329308897256851,1.0,0.11375567317008972,1.0,0.14587100493857483,0.4195965065046039
native,bp,2,1,2.3503340780735016,1.611668586730957,0.25,1.6112682819366455,0.25,0.0,0.0
native,bp,2,2,1.1913426369428635,0.8303531408309937,0.34765625,0.8307159543037415,0.3671875,0.0,0.0
native,bp,2,3,0.6564240641891956,0.5121429562568665,0.3984375,0.5130435228347778,0.3828125,0.0,0.0
native,bp,2,4,0.44357282668352127,0.38340306282043457,0.380859375,0.3845117688179016,0.3671875,0.0,0.0
native,bp,2,5,0.3504699934273958,0.3188111186027527,0.40234375,0.3199341297149658,0.3671875,0.0,0.0
native,bp,2,6,0.29881654866039753,0.27867671847343445,0.607421875,0.2798239588737488,0.609375,0.0,0.0
native,bp,2,7,0.26414545625448227,0.24851010739803314,0.70703125,0.24969898164272308,0.703125,0.0,0.0
native,bp,2,8,0.23711826838552952,0.22419050335884094,0.734375,0.22545193135738373,0.73046875,0.0,0.0
native,bp,2,9,0.21465608477592468,0.20381790399551392,0.74609375,0.2051514983177185,0.75,0.0,0.0
native,bp,2,10,0.19562294892966747,0.18636272847652435,0.748046875,0.187728151679039,0.75,0.0,0.0
native,bp,2,11,0.17941670957952738,0.17162930965423584,0.75390625,0.1730233132839203,0.75,0.0,0.0
native,bp,2,12,0.16587992291897535,0.1590680330991745,0.830078125,0.16039466857910156,0.828125,0.0,0.0
native,pc,2,1,1.9082059860229492,1.6154853105545044,0.25,1.6150140762329102,0.25,0.5439768385646554,0.0
native,pc,2,2,0.9795471094548702,0.8268177509307861,0.36328125,0.8270501494407654,0.390625,0.37723476430013153,0.0
native,pc,2,3,0.5201964881271124,0.4981738328933716,0.4296875,0.4989115297794342,0.41015625,0.29145026106562,0.0
native,pc,2,4,0.3322182931005955,0.36699944734573364,0.421875,0.36794012784957886,0.40625,0.2527268921209422,0.0
native,pc,2,5,0.254288568161428,0.30540573596954346,0.46875,0.30640244483947754,0.4140625,0.23254092343267985,0.0
native,pc,2,6,0.2158542526885867,0.26964282989501953,0.619140625,0.27071839570999146,0.609375,0.21892863364094714,0.0
native,pc,2,7,0.1920679183676839,0.2434353530406952,0.697265625,0.24460530281066895,0.6953125,0.20872156053519575,0.0
native,pc,2,8,0.17380585800856352,0.2223505824804306,0.72265625,0.2236378788948059,0.7265625,0.20051157727478616,0.0
native,pc,2,9,0.15797997824847698,0.20432233810424805,0.73828125,0.20572224259376526,0.73828125,0.19416598149594697,0.0
native,pc,2,10,0.1442401921376586,0.18854974210262299,0.744140625,0.19002291560173035,0.74609375,0.1885446591525882,0.0
native,pc,2,11,0.13191454717889428,0.1746739000082016,0.76953125,0.17621178925037384,0.7578125,0.1835967107108445,0.0
native,pc,2,12,0.12117086257785559,0.16246385872364044,0.904296875,0.16395825147628784,0.8828125,0.18002060980992005,0.0
native,pcalm,2,1,1.934858299791813,1.617064118385315,0.251953125,1.6165851354599,0.25,0.5172589034385359,1.4715784049767535
native,pcalm,2,2,0.9935500174760818,0.8282991051673889,0.373046875,0.8285089731216431,0.39453125,0.3589984868691924,1.0222989167814376
native,pcalm,2,3,0.5282987933605909,0.4978867769241333,0.431640625,0.4985860586166382,0.41015625,0.27727372853163007,0.7927152513948386
native,pcalm,2,4,0.3369655068963766,0.3653429448604584,0.42578125,0.3662453889846802,0.41015625,0.23997351632957967,0.6888371042950894
native,pcalm,2,5,0.2575386315584183,0.3036637604236603,0.466796875,0.3046320676803589,0.40234375,0.22057374878204428,0.6343369338428602
native,pcalm,2,6,0.21882313303649426,0.2685094475746155,0.626953125,0.2695663869380951,0.6171875,0.20771182142198086,0.5975903280850616
native,pcalm,2,7,0.1952510867267847,0.24303686618804932,0.69140625,0.24419479072093964,0.6953125,0.19820773646157855,0.570170843602682
native,pcalm,2,8,0.1773096974939108,0.22260679304599762,0.72265625,0.22388647496700287,0.72265625,0.19060358221759088,0.5482023133663461
native,pcalm,2,9,0.16177264414727688,0.20509293675422668,0.736328125,0.20648907124996185,0.73828125,0.184728969320228,0.5313067070455872
native,pcalm,2,10,0.1482643038034439,0.18972735106945038,0.744140625,0.1912015825510025,0.74609375,0.179503308609128,0.5163531913931365
native,pcalm,2,11,0.13607773138210177,0.17609405517578125,0.7734375,0.17763805389404297,0.76953125,0.17490097696039206,0.5032467484925292
native,pcalm,2,12,0.1253724778071046,0.16400764882564545,0.908203125,0.16551335155963898,0.890625,0.17155704330070876,0.4938075072641368
degree_preserving,bp,2,1,2.732109919190407,2.0198795795440674,0.25,2.0184569358825684,0.25,0.0,0.0
degree_preserving,bp,2,2,1.5684947967529297,1.1549445390701294,0.25,1.1533323526382446,0.25,0.0,0.0
degree_preserving,bp,2,3,0.9201614744961262,0.7129680514335632,0.251953125,0.7114639282226562,0.25,0.0,0.0
degree_preserving,bp,2,4,0.6026710662990808,0.5030332207679749,0.296875,0.5018041729927063,0.2890625,0.0,0.0
degree_preserving,bp,2,5,0.44882309064269066,0.39667242765426636,0.291015625,0.3957102298736572,0.28125,0.0,0.0
degree_preserving,bp,2,6,0.36487549915909767,0.3331146836280823,0.447265625,0.3324190676212311,0.4453125,0.0,0.0
degree_preserving,bp,2,7,0.3105374053120613,0.2867484986782074,0.498046875,0.2862689197063446,0.4921875,0.0,0.0
degree_preserving,bp,2,8,0.26854716800153255,0.24868078529834747,0.58203125,0.24836301803588867,0.5859375,0.0,0.0
degree_preserving,bp,2,9,0.23307425621896982,0.2155642807483673,0.9375,0.2153903841972351,0.94921875,0.0,0.0
degree_preserving,bp,2,10,0.20189375802874565,0.18737052381038666,0.998046875,0.18726417422294617,1.0,0.0,0.0
degree_preserving,bp,2,11,0.17640104331076145,0.16416408121585846,1.0,0.16419903934001923,1.0,0.0,0.0
degree_preserving,bp,2,12,0.15587327536195517,0.14637789130210876,1.0,0.1463336944580078,1.0,0.0,0.0
degree_preserving,pc,2,1,2.197449915111065,2.021449089050293,0.25,2.0200626850128174,0.25,0.6011752680157466,0.0
degree_preserving,pc,2,2,1.2792991399765015,1.1511211395263672,0.25,1.149580955505371,0.25,0.44276389909888775,0.0
degree_preserving,pc,2,3,0.7396868765354156,0.7047796249389648,0.28125,0.703357458114624,0.28125,0.3429247771176354,0.0
degree_preserving,pc,2,4,0.46994857490062714,0.49587053060531616,0.361328125,0.4946734607219696,0.37890625,0.290888144923277,0.0
degree_preserving,pc,2,5,0.34137849137187004,0.3932533264160156,0.283203125,0.39225706458091736,0.27734375,0.26311921873517957,0.0
degree_preserving,pc,2,6,0.27537351939827204,0.3337729871273041,0.4375,0.33299514651298523,0.4375,0.24480907172498215,0.0
degree_preserving,pc,2,7,0.23484743013978004,0.2903347611427307,0.49609375,0.2897430956363678,0.48828125,0.2300920805913241,0.0
degree_preserving,pc,2,8,0.20389364659786224,0.25377318263053894,0.568359375,0.25331801176071167,0.5625,0.21680548168660607,0.0
degree_preserving,pc,2,9,0.17702503129839897,0.2208910584449768,0.8671875,0.22056260704994202,0.8984375,0.20422889387070123,0.0
degree_preserving,pc,2,10,0.15255464147776365,0.19230031967163086,0.998046875,0.19204062223434448,1.0,0.1925307589529742,0.0
degree_preserving,pc,2,11,0.13166011590510607,0.16796332597732544,1.0,0.16785475611686707,1.0,0.18258467825944535,0.0
degree_preserving,pc,2,12,0.11413658037781715,0.14886736869812012,1.0,0.14869605004787445,1.0,0.17466573604663913,0.0
degree_preserving,pcalm,2,1,2.2299486473202705,2.0228211879730225,0.25,2.021437644958496,0.25,0.5725203467009123,1.6279548670718214
degree_preserving,pcalm,2,2,1.2982682958245277,1.1533668041229248,0.25,1.1518380641937256,0.25,0.421791835668652,1.2004181650700048
degree_preserving,pcalm,2,3,0.751895610243082,0.7064671516418457,0.287109375,0.7050572633743286,0.29296875,0.3268881763409202,0.9322968496489921
degree_preserving,pcalm,2,4,0.47844570130109787,0.4968709647655487,0.373046875,0.4956820011138916,0.39453125,0.27737041070940904,0.793465283815749
degree_preserving,pcalm,2,5,0.34812016412615776,0.3942454755306244,0.283203125,0.39325472712516785,0.2734375,0.2509584135453527,0.719580148193927
degree_preserving,pcalm,2,6,0.2813906203955412,0.33506065607070923,0.4375,0.33428555727005005,0.43359375,0.23357871935877483,0.6706351145949156
degree_preserving,pcalm,2,7,0.2405445408076048,0.2919246554374695,0.49609375,0.2913338243961334,0.48828125,0.2196026760696744,0.6309415897485451
degree_preserving,pcalm,2,8,0.2093352535739541,0.2555331885814667,0.564453125,0.25507813692092896,0.55859375,0.20692268122608462,0.5947944809922774
degree_preserving,pcalm,2,9,0.18217160739004612,0.2226749062538147,0.853515625,0.22234605252742767,0.8828125,0.19485675691006085,0.5603486676409375
degree_preserving,pcalm,2,10,0.1573360376060009,0.19395938515663147,0.998046875,0.19370272755622864,1.0,0.18354569763080994,0.5281114392091695
degree_preserving,pcalm,2,11,0.13602708652615547,0.16935572028160095,1.0,0.1692529022693634,1.0,0.17387175056986356,0.500601010669925
degree_preserving,pcalm,2,12,0.11803273856639862,0.1498943269252777,1.0,0.1497342884540558,1.0,0.16611973410181236,0.4786829747063166
random,bp,2,1,2.6358361542224884,1.9617561101913452,0.25,1.9617105722427368,0.25,0.0,0.0
random,bp,2,2,1.530159443616867,1.1350252628326416,0.25,1.1342811584472656,0.25,0.0,0.0
random,bp,2,3,0.911008458584547,0.7145086526870728,0.32421875,0.7133235931396484,0.30078125,0.0,0.0
random,bp,2,4,0.6139533445239067,0.5246103405952454,0.251953125,0.5234972238540649,0.25390625,0.0,0.0
random,bp,2,5,0.47766850516200066,0.432824045419693,0.353515625,0.432037353515625,0.37890625,0.0,0.0
random,bp,2,6,0.4054933041334152,0.3779747486114502,0.505859375,0.3775060772895813,0.5,0.0,0.0
random,bp,2,7,0.3584458436816931,0.3379555940628052,0.51171875,0.33777379989624023,0.50390625,0.0,0.0
random,bp,2,8,0.3220259416848421,0.30454516410827637,0.611328125,0.30459287762641907,0.60546875,0.0,0.0
random,bp,2,9,0.2902987916022539,0.2742072343826294,0.7421875,0.2744605839252472,0.7421875,0.0,0.0
random,bp,2,10,0.26097224093973637,0.2465982735157013,0.75,0.24703535437583923,0.75,0.0,0.0
random,bp,2,11,0.23516207467764616,0.22184720635414124,0.759765625,0.22254222631454468,0.765625,0.0,0.0
random,bp,2,12,0.21188925486057997,0.20045621693134308,0.837890625,0.20129017531871796,0.84765625,0.0,0.0
random,pc,2,1,2.0925632044672966,1.9616214036941528,0.25,1.96156644821167,0.25,0.6062894671243461,0.0
random,pc,2,2,1.2249106466770172,1.1274325847625732,0.25,1.1266669034957886,0.25,0.4530285985820228,0.0
random,pc,2,3,0.7166882753372192,0.7035815119743347,0.33203125,0.7023497819900513,0.30078125,0.35359781181856914,0.0
random,pc,2,4,0.4684919938445091,0.514622688293457,0.2578125,0.5134159326553345,0.265625,0.3021878871635029,0.0
random,pc,2,5,0.3565256055444479,0.42672213912010193,0.46484375,0.4258091151714325,0.45703125,0.2768841071859545,0.0
random,pc,2,6,0.3010429348796606,0.3759225010871887,0.501953125,0.37532639503479004,0.5,0.26117106251088745,0.0
random,pc,2,7,0.26648555416613817,0.3385230302810669,0.5,0.33823028206825256,0.5,0.24892796967712152,0.0
random,pc,2,8,0.23989035841077566,0.3066883981227875,0.509765625,0.30664512515068054,0.5,0.23816220699033389,0.0
random,pc,2,9,0.2163264760747552,0.2772356867790222,0.66015625,0.27741289138793945,0.65234375,0.2279371805222278,0.0
random,pc,2,10,0.19424256402999163,0.24986770749092102,0.74609375,0.25023558735847473,0.74609375,0.21771916579988707,0.0
random,pc,2,11,0.17421963158994913,0.224326491355896,0.79296875,0.2249448150396347,0.78515625,0.20799672463181196,0.0
random,pc,2,12,0.15573832485824823,0.20194603502750397,0.830078125,0.20268169045448303,0.83984375,0.1984939009368342,0.0
random,pcalm,2,1,2.125434309244156,1.9618637561798096,0.25,1.961808443069458,0.25,0.5771832981845364,1.644488422505674
random,pcalm,2,2,1.2434930242598057,1.128013253211975,0.25,1.1272493600845337,0.25,0.4313287346740253,1.2298967961323797
random,pcalm,2,3,0.7283729016780853,0.7039084434509277,0.3203125,0.7026825547218323,0.30078125,0.3367109215178061,0.9619525028028875
random,pcalm,2,4,0.47665926069021225,0.5143277049064636,0.255859375,0.5131196975708008,0.265625,0.28762155018921476,0.8237710998146213
random,pcalm,2,5,0.363033052533865,0.42633140087127686,0.48046875,0.425409197807312,0.4765625,0.2634008824097691,0.7558356278605061
random,pcalm,2,6,0.30680730007588863,0.3757011890411377,0.5,0.37509235739707947,0.5,0.24841604453589147,0.7135986340363161
random,pcalm,2,7,0.2718441803008318,0.3384494483470917,0.5,0.33814510703086853,0.5,0.23677042413328309,0.680520972397062
random,pcalm,2,8,0.24489811435341835,0.306679904460907,0.509765625,0.3066271245479584,0.5,0.22648233131621964,0.6512407652699039
random,pcalm,2,9,0.2209750795736909,0.27723726630210876,0.634765625,0.2774060368537903,0.63671875,0.21668419333582278,0.6233430690626847
random,pcalm,2,10,0.1985008530318737,0.24983027577400208,0.744140625,0.2501909136772156,0.74609375,0.2068638930892727,0.5954059585783398
random,pcalm,2,11,0.17807434033602476,0.22415262460708618,0.796875,0.22476349771022797,0.79296875,0.19749099306742815,0.5687181138200685
random,pcalm,2,12,0.1591711463406682,0.20164859294891357,0.833984375,0.20237478613853455,0.84375,0.18831841027228316,0.5426460145390593
native,bp,3,1,1.0739295147359371,0.7541345953941345,0.25,0.753521740436554,0.25,0.0,0.0
native,bp,3,2,0.6009113993495703,0.4759364128112793,0.01953125,0.47518420219421387,0.01171875,0.0,0.0
native,bp,3,3,0.4254605881869793,0.3873395323753357,0.25,0.38655978441238403,0.25,0.0,0.0
native,bp,3,4,0.3701151553541422,0.3542631268501282,0.462890625,0.353429913520813,0.46484375,0.0,0.0
native,bp,3,5,0.3447818513959646,0.33266305923461914,0.5,0.3317558169364929,0.5,0.0,0.0
native,bp,3,6,0.32273805886507034,0.3094601035118103,0.505859375,0.3085421919822693,0.5078125,0.0,0.0
native,bp,3,7,0.297483803704381,0.28227168321609497,0.533203125,0.2812534272670746,0.54296875,0.0,0.0
native,bp,3,8,0.2696773912757635,0.25284868478775024,0.953125,0.2518252730369568,0.9296875,0.0,0.0
native,bp,3,9,0.23842452373355627,0.2214578241109848,0.751953125,0.22053207457065582,0.75,0.0,0.0
native,bp,3,10,0.20671832654625177,0.1910526007413864,0.9921875,0.19013427197933197,0.99609375,0.0,0.0
native,bp,3,11,0.17885241843760014,0.16498778760433197,0.99609375,0.16417984664440155,1.0,0.0,0.0
native,bp,3,12,0.1558092813938856,0.14439085125923157,0.98046875,0.14368417859077454,0.984375,0.0,0.0
native,pc,3,1,0.6750809065997601,0.7502948045730591,0.24609375,0.749638020992279,0.24609375,0.5179981324981782,0.0
native,pc,3,2,0.39240345172584057,0.47717180848121643,0.0,0.476380854845047,0.0,0.3749816329485232,0.0
native,pc,3,3,0.28376382403075695,0.3871496319770813,0.25,0.38636183738708496,0.25,0.3114532270240791,0.0
native,pc,3,4,0.2464623199775815,0.3553101420402527,0.47265625,0.354472815990448,0.46875,0.2907321361344657,0.0
native,pc,3,5,0.22856197878718376,0.33485397696495056,0.5,0.3339567184448242,0.5,0.283376220165034,0.0
native,pc,3,6,0.21273874584585428,0.3133118748664856,0.5,0.31240731477737427,0.50390625,0.2773787982829769,0.0
native,pc,3,7,0.1952694756910205,0.2888561487197876,0.509765625,0.2878452241420746,0.5078125,0.2705095946997365,0.0
native,pc,3,8,0.17615955881774426,0.26297861337661743,0.939453125,0.26195624470710754,0.92578125,0.26321163547981996,0.0
native,pc,3,9,0.15548932645469904,0.23590978980064392,0.732421875,0.23494760692119598,0.73046875,0.25468827159056673,0.0
native,pc,3,10,0.13446563854813576,0.20862889289855957,0.99609375,0.2076617032289505,0.99609375,0.2451588489493588,0.0
native,pc,3,11,0.11591126769781113,0.1834733784198761,0.998046875,0.18265898525714874,1.0,0.2351137263661561,0.0
native,pc,3,12,0.09959741635248065,0.16143251955509186,0.9921875,0.16080506145954132,0.98828125,0.22485044620164749,0.0
native,pcalm,3,1,0.6976671740412712,0.7504267692565918,0.248046875,0.7497727274894714,0.24609375,0.4933577953585579,1.4432402039092267
native,pcalm,3,2,0.40431750006973743,0.47708192467689514,0.0,0.47629499435424805,0.0,0.3568593389063608,1.0434607933930238
native,pcalm,3,3,0.2920377217233181,0.3873874545097351,0.25,0.38660311698913574,0.25,0.29641878917755093,0.8675137109203206
native,pcalm,3,4,0.2538671353831887,0.3556869626045227,0.47265625,0.35485440492630005,0.46484375,0.2767900163938369,0.8104492926468083
native,pcalm,3,5,0.2358074290677905,0.33551648259162903,0.5,0.33462414145469666,0.5,0.26977362330944743,0.7902491257555084
native,pcalm,3,6,0.22004428692162037,0.31442704796791077,0.5,0.313528835773468,0.50390625,0.2640784540950942,0.7739778149116319
native,pcalm,3,7,0.20273349341005087,0.2906111776828766,0.5078125,0.2896078824996948,0.5078125,0.25761114653626765,0.7554786869513919
native,pcalm,3,8,0.18387188483029604,0.26545196771621704,0.92578125,0.2644350528717041,0.91796875,0.2508363327748763,0.7362847617114312
native,pcalm,3,9,0.16340966429561377,0.23910364508628845,0.728515625,0.2381385862827301,0.72265625,0.2429506545207308,0.7139298792681075
native,pcalm,3,10,0.1424040701240301,0.21234042942523956,0.994140625,0.21136313676834106,0.99609375,0.2341674421040807,0.6890104924059415
native,pcalm,3,11,0.12363944249227643,0.1873510777950287,0.998046875,0.18652452528476715,1.0,0.2249216543229219,0.6626968439304619
native,pcalm,3,12,0.10679896548390388,0.16510409116744995,0.9921875,0.1644715964794159,0.98828125,0.21544070416712202,0.6356439607588982
degree_preserving,bp,3,1,1.0120947286486626,0.6559189558029175,0.25,0.6564346551895142,0.25,0.0,0.0
degree_preserving,bp,3,2,0.5050055664032698,0.3957712650299072,0.251953125,0.39529794454574585,0.25,0.0,0.0
degree_preserving,bp,3,3,0.36928887851536274,0.3527753949165344,0.5625,0.3520990014076233,0.55859375,0.0,0.0
degree_preserving,bp,3,4,0.3431657385081053,0.3296443819999695,0.76953125,0.3290674686431885,0.765625,0.0,0.0
degree_preserving,bp,3,5,0.31694353371858597,0.30094075202941895,0.953125,0.3005389869213104,0.96875,0.0,0.0
degree_preserving,bp,3,6,0.28650026209652424,0.26687943935394287,1.0,0.2666111886501312,1.0,0.0,0.0
degree_preserving,bp,3,7,0.2485276348888874,0.2271990180015564,1.0,0.22686968743801117,1.0,0.0,0.0
degree_preserving,bp,3,8,0.21002335660159588,0.19008803367614746,1.0,0.18945901095867157,1.0,0.0,0.0
degree_preserving,bp,3,9,0.17599932942539454,0.15999525785446167,1.0,0.1592157632112503,1.0,0.0,0.0
degree_preserving,bp,3,10,0.14825571421533823,0.1366463303565979,1.0,0.13592900335788727,1.0,0.0,0.0
degree_preserving,bp,3,11,0.1280881525017321,0.11862896382808685,1.0,0.1180001050233841,1.0,0.0,0.0
degree_preserving,bp,3,12,0.11252252012491226,0.10506534576416016,1.0,0.10452044010162354,1.0,0.0,0.0
degree_preserving,pc,3,1,0.6214345060288906,0.6554974913597107,0.25,0.656025230884552,0.25,0.5110732190538935,0.0
degree_preserving,pc,3,2,0.33266533724963665,0.3950909972190857,0.25,0.39463329315185547,0.25,0.34042757440329297,0.0
degree_preserving,pc,3,3,0.2514212680980563,0.35264885425567627,0.62109375,0.35198840498924255,0.59765625,0.28332280314255814,0.0
degree_preserving,pc,3,4,0.2336362563073635,0.32905590534210205,0.7734375,0.3284889757633209,0.7734375,0.27297002587026026,0.0
degree_preserving,pc,3,5,0.21527035161852837,0.3000163435935974,0.951171875,0.299635112285614,0.96875,0.26228531209926587,0.0
degree_preserving,pc,3,6,0.19446667470037937,0.2668272852897644,0.998046875,0.2666025757789612,1.0,0.24967773153912276,0.0
degree_preserving,pc,3,7,0.16956554166972637,0.22915971279144287,1.0,0.22895942628383636,1.0,0.2334846454517295,0.0
degree_preserving,pc,3,8,0.1434078374877572,0.19143258035182953,1.0,0.19108761847019196,1.0,0.21590486356217298,0.0
degree_preserving,pc,3,9,0.1188683770596981,0.16034507751464844,1.0,0.15981213748455048,1.0,0.198633176957325,0.0
degree_preserving,pc,3,10,0.09855628851801157,0.13624942302703857,1.0,0.1356823593378067,1.0,0.18377125628952248,0.0
degree_preserving,pc,3,11,0.08380588423460722,0.11758102476596832,1.0,0.1170676201581955,1.0,0.17219164324584804,0.0
degree_preserving,pc,3,12,0.07222671946510673,0.1032739132642746,1.0,0.10283565521240234,1.0,0.1627291608735201,0.0
degree_preserving,pcalm,3,1,0.6436523180454969,0.6557614803314209,0.25,0.6562939286231995,0.25,0.4855455155290353,1.4293246926827123
degree_preserving,pcalm,3,2,0.34267632476985455,0.39547184109687805,0.25,0.3950188159942627,0.25,0.324088155621818,0.9481426270649536
degree_preserving,pcalm,3,3,0.25843453500419855,0.3530880808830261,0.603515625,0.35243046283721924,0.59765625,0.26992556868935935,0.788201728828426
degree_preserving,pcalm,3,4,0.24027569685131311,0.3296049237251282,0.7734375,0.3290407359600067,0.765625,0.2600408879710206,0.7593797629560868
degree_preserving,pcalm,3,5,0.22160838637501,0.3008354902267456,0.943359375,0.30045589804649353,0.96875,0.24987968347947268,0.7297331928748463
degree_preserving,pcalm,3,6,0.20058071613311768,0.26819130778312683,0.998046875,0.267971009016037,1.0,0.23798713765669768,0.6949515765991237
degree_preserving,pcalm,3,7,0.17554547637701035,0.231255903840065,1.0,0.23107260465621948,1.0,0.2228239372537549,0.6506166033541376
degree_preserving,pcalm,3,8,0.14913177955895662,0.19374941289424896,1.0,0.19345064461231232,1.0,0.20632808595352495,0.6023944057815243
degree_preserving,pcalm,3,9,0.12401559483259916,0.16242456436157227,1.0,0.16194689273834229,1.0,0.18985787965842368,0.5541734727230505
degree_preserving,pcalm,3,10,0.10296503268182278,0.13791505992412567,1.0,0.13738808035850525,1.0,0.17558056053045826,0.5125011670315871
degree_preserving,pcalm,3,11,0.08756264159455895,0.11886660754680634,1.0,0.11838171631097794,1.0,0.16441345060593449,0.4800640222056245
degree_preserving,pcalm,3,12,0.07541466923430562,0.10423769801855087,1.0,0.10382191091775894,1.0,0.15528123414939424,0.4536834718128375
random,bp,3,1,0.8887685015797615,0.6535274386405945,0.44921875,0.6530885696411133,0.4453125,0.0,0.0
random,bp,3,2,0.5478563457727432,0.4537234306335449,0.2578125,0.45339488983154297,0.25,0.0,0.0
random,bp,3,3,0.408124927431345,0.3678259253501892,0.4453125,0.36734744906425476,0.44921875,0.0,0.0
random,bp,3,4,0.3443633746355772,0.31969988346099854,0.5078125,0.3188862204551697,0.51171875,0.0,0.0
random,bp,3,5,0.2999030835926533,0.2759183943271637,0.740234375,0.27469807863235474,0.7421875,0.0,0.0
random,bp,3,6,0.255098064430058,0.22839012742042542,0.927734375,0.22696471214294434,0.92578125,0.0,0.0
random,bp,3,7,0.20655840449035168,0.18363237380981445,0.9921875,0.1822689175605774,0.99609375,0.0,0.0
random,bp,3,8,0.16763888020068407,0.15079069137573242,1.0,0.14976583421230316,1.0,0.0,0.0
random,bp,3,9,0.141020055860281,0.1309242993593216,1.0,0.1302100569009781,1.0,0.0,0.0
random,bp,3,10,0.12349121551960707,0.11629751324653625,1.0,0.11555790156126022,1.0,0.0,0.0
random,bp,3,11,0.11076875170692801,0.10462507605552673,1.0,0.1038573756814003,1.0,0.0,0.0
random,bp,3,12,0.10023416066542268,0.09457697719335556,1.0,0.09377527981996536,1.0,0.0,0.0
random,pc,3,1,0.5787545666098595,0.6531487107276917,0.439453125,0.6527042984962463,0.4375,0.4561949251728947,0.0
random,pc,3,2,0.37060303054749966,0.45107170939445496,0.2734375,0.45075419545173645,0.28515625,0.344498633230008,0.0
random,pc,3,3,0.27584216836839914,0.36677661538124084,0.48828125,0.3662755489349365,0.484375,0.29780398213188164,0.0
random,pc,3,4,0.23349829204380512,0.31986090540885925,0.51171875,0.3190360963344574,0.51953125,0.2741339023753729,0.0
random,pc,3,5,0.20418049860745668,0.27771830558776855,0.736328125,0.27650994062423706,0.73828125,0.2564702527476281,0.0
random,pc,3,6,0.1752627594396472,0.2331894487142563,0.91015625,0.23174549639225006,0.90234375,0.23776474715365717,0.0
random,pc,3,7,0.14385454077273607,0.1899508684873581,0.990234375,0.18845036625862122,0.9921875,0.21619677635317203,0.0
random,pc,3,8,0.11656116368249059,0.15479859709739685,1.0,0.15357424318790436,1.0,0.19600007879610834,0.0
random,pc,3,9,0.0963850012049079,0.13206109404563904,1.0,0.1311856359243393,1.0,0.17962353024753006,0.0
random,pc,3,10,0.08229002077132463,0.1157541573047638,1.0,0.11492621898651123,1.0,0.16807802748007816,0.0
random,pc,3,11,0.07209753571078181,0.10308414697647095,1.0,0.10225904732942581,1.0,0.160192657354249,0.0
random,pc,3,12,0.06362891988828778,0.09216959774494171,1.0,0.09132459759712219,1.0,0.15388223274082216,0.0
random,pcalm,3,1,0.5967564061284065,0.6531813144683838,0.4375,0.6527366042137146,0.4375,0.4325831273260216,1.2678955249139108
random,pcalm,3,2,0.38105125166475773,0.45105743408203125,0.28125,0.45073819160461426,0.28515625,0.3270389658379524,0.9563163592938508
random,pcalm,3,3,0.28350332379341125,0.3667072653770447,0.482421875,0.3662116527557373,0.48046875,0.28293337210197933,0.8277973609001492
random,pcalm,3,4,0.24002930149435997,0.31994014978408813,0.51171875,0.3191258907318115,0.51953125,0.2605356609856244,0.7625577629369218
random,pcalm,3,5,0.21016703359782696,0.27820098400115967,0.724609375,0.2770119309425354,0.72265625,0.2437657768993328,0.7134198544445098
random,pcalm,3,6,0.18095094617456198,0.23444296419620514,0.900390625,0.2330196350812912,0.890625,0.22614123552921228,0.6615456728541176
random,pcalm,3,7,0.14935630140826106,0.19189730286598206,0.98828125,0.1903989464044571,0.9921875,0.2059313318944381,0.6020837745272729
random,pcalm,3,8,0.12160164676606655,0.15669214725494385,0.998046875,0.15544523298740387,1.0,0.18689765559489993,0.5460774727980606
random,pcalm,3,9,0.10066775558516383,0.13352961838245392,1.0,0.13262329995632172,1.0,0.1713333394388125,0.5001769978298398
random,pcalm,3,10,0.08587458031252027,0.11689048260450363,1.0,0.11604409664869308,1.0,0.1602489394620837,0.46774433314203634
random,pcalm,3,11,0.07525024376809597,0.10407072305679321,1.0,0.10323550552129745,1.0,0.1526924475595782,0.44596630252999603
random,pcalm,3,12,0.06649154354818165,0.09306370466947556,1.0,0.09221603721380234,1.0,0.14669582733768038,0.42889819930132944
native,bp,4,1,3.1486217826604843,2.263307571411133,0.25,2.2631161212921143,0.25,0.0,0.0
native,bp,4,2,1.7346111610531807,1.254740595817566,0.244140625,1.2574973106384277,0.234375,0.0,0.0
native,bp,4,3,0.9971196316182613,0.7837303876876831,0.00390625,0.7887012958526611,0.00390625,0.0,0.0
native,bp,4,4,0.6770778521895409,0.5835407972335815,0.025390625,0.5894747376441956,0.01953125,0.0,0.0
native,bp,4,5,0.5373830646276474,0.4967897832393646,0.021484375,0.5026656985282898,0.0234375,0.0,0.0
native,bp,4,6,0.4719501454383135,0.44757673144340515,0.072265625,0.45298370718955994,0.046875,0.0,0.0
native,bp,4,7,0.4314800836145878,0.41391482949256897,0.220703125,0.41876834630966187,0.21875,0.0,0.0
native,bp,4,8,0.40128044039011,0.3871805667877197,0.24609375,0.39148515462875366,0.23828125,0.0,0.0
native,bp,4,9,0.3763725869357586,0.3636005222797394,0.267578125,0.36743876338005066,0.25,0.0,0.0
native,bp,4,10,0.3531814571470022,0.3412463366985321,0.28515625,0.34469130635261536,0.2734375,0.0,0.0
native,bp,4,11,0.3314499296247959,0.31909653544425964,0.35546875,0.3221278786659241,0.33203125,0.0,0.0
native,bp,4,12,0.3089982382953167,0.2970088720321655,0.578125,0.29974034428596497,0.57421875,0.0,0.0
native,pc,4,1,1.9591974914073944,2.263068675994873,0.25,2.2628581523895264,0.25,0.8942843220041444,0.0
native,pc,4,2,1.127546027302742,1.2460453510284424,0.24609375,1.2485764026641846,0.2421875,0.637448007716254,0.0
native,pc,4,3,0.6592263206839561,0.7664009928703308,0.025390625,0.7710113525390625,0.0078125,0.46823863960647333,0.0
native,pc,4,4,0.44820998422801495,0.566963791847229,0.001953125,0.5725884437561035,0.0,0.3787923317189173,0.0
native,pc,4,5,0.35593229345977306,0.48601800203323364,0.001953125,0.49169835448265076,0.01171875,0.33754892759801197,0.0
native,pc,4,6,0.314010975882411,0.44213858246803284,0.169921875,0.4474122226238251,0.16015625,0.3193934979887369,0.0
native,pc,4,7,0.2881313506513834,0.41065189242362976,0.2421875,0.4153733551502228,0.234375,0.30779147226712666,0.0
native,pc,4,8,0.26722076907753944,0.38316240906715393,0.251953125,0.38729971647262573,0.2421875,0.2981831565411994,0.0
native,pc,4,9,0.24816861562430859,0.3572458028793335,0.26171875,0.3608614504337311,0.25,0.28957832569237024,0.0
native,pc,4,10,0.22939314600080252,0.3316417336463928,0.3046875,0.33480772376060486,0.27734375,0.2810682353253166,0.0
native,pc,4,11,0.2108089243993163,0.30570727586746216,0.43359375,0.308421790599823,0.40234375,0.2728095557952959,0.0
native,pc,4,12,0.19163769204169512,0.27962949872016907,0.759765625,0.2820006012916565,0.7890625,0.26385924333832617,0.0
native,pcalm,4,1,2.026620589196682,2.2651405334472656,0.25,2.264923095703125,0.25,0.8508638959610835,2.4931060670351144
native,pcalm,4,2,1.164025940001011,1.2487094402313232,0.24609375,1.2511879205703735,0.2421875,0.6067330186488107,1.7714427002938464
native,pcalm,4,3,0.6800738051533699,0.7679884433746338,0.02734375,0.7725254893302917,0.0078125,0.44556599550802883,1.2975723078998271
native,pcalm,4,4,0.4618421085178852,0.5679360628128052,0.001953125,0.5735045671463013,0.0,0.3603519771034674,1.0477237001323374
native,pcalm,4,5,0.3666865546256304,0.4868713617324829,0.001953125,0.4925205409526825,0.01171875,0.321117125354552,0.9332070446107537
native,pcalm,4,6,0.3238487709313631,0.443179190158844,0.16015625,0.4484332203865051,0.15234375,0.30384645458737697,0.8831130742473761
native,pcalm,4,7,0.29763222113251686,0.41197970509529114,0.2421875,0.41667822003364563,0.234375,0.2927805601017705,0.8510348029521992
native,pcalm,4,8,0.2765481323003769,0.3848293423652649,0.251953125,0.38893118500709534,0.2421875,0.2836296448464661,0.8244933628157014
native,pcalm,4,9,0.25740442238748074,0.35930103063583374,0.26171875,0.36286449432373047,0.25,0.2754917995480355,0.8009958182738046
native,pcalm,4,10,0.2385156461969018,0.3340746760368347,0.291015625,0.3371739685535431,0.2734375,0.26748073783043463,0.7779468977023498
native,pcalm,4,11,0.21976788248866796,0.30836841464042664,0.408203125,0.3110041320323944,0.375,0.25972347330631845,0.7558079927111976
native,pcalm,4,12,0.20026436913758516,0.28234654664993286,0.71484375,0.2846319377422333,0.73828125,0.2512916306538197,0.7317793165784678
degree_preserving,bp,4,1,3.78818142414093,2.7894034385681152,0.25,2.788663148880005,0.25,0.0,0.0
degree_preserving,bp,4,2,2.144301488995552,1.5384787321090698,0.25,1.538159728050232,0.25,0.0,0.0
degree_preserving,bp,4,3,1.1935031563043594,0.9039717316627502,0.10546875,0.9037625193595886,0.1171875,0.0,0.0
degree_preserving,bp,4,4,0.7580676525831223,0.6312559843063354,0.0390625,0.6308580636978149,0.05078125,0.0,0.0
degree_preserving,bp,4,5,0.5711214169859886,0.5195601582527161,0.08203125,0.5189300775527954,0.08203125,0.0,0.0
degree_preserving,bp,4,6,0.4907902404665947,0.46129724383354187,0.248046875,0.4605804681777954,0.24609375,0.0,0.0
degree_preserving,bp,4,7,0.4419047925621271,0.42048585414886475,0.435546875,0.4197734296321869,0.44921875,0.0,0.0
degree_preserving,bp,4,8,0.4043563213199377,0.3866104185581207,0.490234375,0.3859091103076935,0.48828125,0.0,0.0
degree_preserving,bp,4,9,0.37290841341018677,0.3574652671813965,0.5,0.3568078577518463,0.5,0.0,0.0
degree_preserving,bp,4,10,0.3449836242944002,0.3312833309173584,0.5,0.3307303190231323,0.5,0.0,0.0
degree_preserving,bp,4,11,0.32025360129773617,0.30711042881011963,0.51171875,0.30656465888023376,0.515625,0.0,0.0
degree_preserving,bp,4,12,0.2968021593987942,0.28496265411376953,0.5546875,0.2845223844051361,0.55859375,0.0,0.0
degree_preserving,pc,4,1,2.3870438635349274,2.804722309112549,0.25,2.8041272163391113,0.25,0.9737295114609879,0.0
degree_preserving,pc,4,2,1.4486649706959724,1.558190107345581,0.25,1.5581330060958862,0.25,0.6929065261016755,0.0
degree_preserving,pc,4,3,0.8423960730433464,0.9174576997756958,0.083984375,0.9176346659660339,0.09765625,0.49810098161106,0.0
degree_preserving,pc,4,4,0.5356680452823639,0.6365351676940918,0.103515625,0.6365737915039062,0.10546875,0.3964431320685738,0.0
degree_preserving,pc,4,5,0.39287461526691914,0.5130527019500732,0.201171875,0.5127912759780884,0.19921875,0.3463011853552113,0.0
degree_preserving,pc,4,6,0.3279732372611761,0.4489445388317108,0.353515625,0.4484725594520569,0.3515625,0.3214191654260503,0.0
degree_preserving,pc,4,7,0.289845434948802,0.4067475497722626,0.482421875,0.40621042251586914,0.484375,0.30642563141009305,0.0
degree_preserving,pc,4,8,0.2617341820150614,0.3723812997341156,0.5,0.371834933757782,0.5,0.2950136392416122,0.0
degree_preserving,pc,4,9,0.238315693102777,0.34274420142173767,0.5,0.342241495847702,0.5,0.2850865216605598,0.0
degree_preserving,pc,4,10,0.21753705013543367,0.3161439895629883,0.5,0.31574130058288574,0.5,0.275893311520728,0.0
degree_preserving,pc,4,11,0.19904212187975645,0.29146867990493774,0.556640625,0.2910817563533783,0.56640625,0.26765232940670103,0.0
degree_preserving,pc,4,12,0.18180738389492035,0.2690746784210205,0.6796875,0.26880505681037903,0.68359375,0.2591782752351719,0.0
degree_preserving,pcalm,4,1,2.4690792709589005,2.8110389709472656,0.25,2.8104727268218994,0.25,0.9264199489650006,2.7099367639166303
degree_preserving,pcalm,4,2,1.495307832956314,1.5685802698135376,0.25,1.56858229637146,0.25,0.6603514250988761,1.9206740295921918
degree_preserving,pcalm,4,3,0.8710032068192959,0.9270440936088562,0.083984375,0.9272918105125427,0.09765625,0.47579413815401495,1.3785528727457859
degree_preserving,pcalm,4,4,0.5545777082443237,0.6423156261444092,0.107421875,0.6424217820167542,0.11328125,0.37898168216149014,1.0983153059933102
degree_preserving,pcalm,4,5,0.4058741759508848,0.515632688999176,0.205078125,0.5154356956481934,0.203125,0.3306255902668151,0.9595984038169263
degree_preserving,pcalm,4,6,0.337730223312974,0.4497795104980469,0.3515625,0.4493579864501953,0.35546875,0.30628390565592173,0.889755273819901
degree_preserving,pcalm,4,7,0.2981421109288931,0.4072229862213135,0.4765625,0.4067167043685913,0.484375,0.2916749812429771,0.8478984267203487
degree_preserving,pcalm,4,8,0.2694196868687868,0.3728606700897217,0.5,0.37233471870422363,0.5,0.2807305223250296,0.8166470524447504
degree_preserving,pcalm,4,9,0.2455690773203969,0.34317532181739807,0.5,0.3426905572414398,0.5,0.2712322788623472,0.7896514099556953
degree_preserving,pcalm,4,10,0.2243308098986745,0.31646114587783813,0.5,0.3160752058029175,0.5,0.2624078875426979,0.7646167517086724
degree_preserving,pcalm,4,11,0.20536513905972242,0.2915775775909424,0.5546875,0.2912082076072693,0.55859375,0.25446538877440616,0.7421995644690469
degree_preserving,pcalm,4,12,0.18761697225272655,0.26898297667503357,0.671875,0.26873156428337097,0.6796875,0.24630485069549954,0.7190676039535902
random,bp,4,1,2.8795843720436096,2.0469703674316406,0.25,2.0456247329711914,0.25,0.0,0.0
random,bp,4,2,1.5535154789686203,1.1198654174804688,0.1875,1.118757724761963,0.19921875,0.0,0.0
random,bp,4,3,0.8973506577312946,0.7162119746208191,0.0,0.7150881290435791,0.0,0.0,0.0
random,bp,4,4,0.6252503171563148,0.5407309532165527,0.0,0.5395728349685669,0.0,0.0,0.0
random,bp,4,5,0.4933067914098501,0.44807884097099304,0.0078125,0.447009801864624,0.0078125,0.0,0.0
random,bp,4,6,0.4178160149604082,0.3877568542957306,0.208984375,0.38679322600364685,0.21484375,0.0,0.0
random,bp,4,7,0.36661706678569317,0.34378254413604736,0.279296875,0.3428875505924225,0.3046875,0.0,0.0
random,bp,4,8,0.32711565494537354,0.3085108995437622,0.69140625,0.307637482881546,0.71484375,0.0,0.0
random,bp,4,9,0.29462392441928387,0.27877652645111084,0.7578125,0.27790194749832153,0.75,0.0,0.0
random,bp,4,10,0.2663252567872405,0.25305894017219543,0.765625,0.25210267305374146,0.75390625,0.0,0.0
random,bp,4,11,0.24288310669362545,0.23066683113574982,0.8203125,0.22963844239711761,0.81640625,0.0,0.0
random,bp,4,12,0.22167330887168646,0.2114531546831131,0.845703125,0.2103518396615982,0.8828125,0.0,0.0
random,pc,4,1,1.7089204043149948,2.0530848503112793,0.25,2.0517265796661377,0.25,0.888507038122043,0.0
random,pc,4,2,0.9687068052589893,1.1215312480926514,0.216796875,1.1203930377960205,0.2265625,0.631481186603196,0.0
random,pc,4,3,0.5842039510607719,0.7133538126945496,0.0,0.7122457027435303,0.0,0.4593644138270368,0.0
random,pc,4,4,0.4160698428750038,0.5398328304290771,0.0,0.5387489795684814,0.0,0.37533889545011334,0.0
random,pc,4,5,0.33090552501380444,0.4500771164894104,0.005859375,0.44910359382629395,0.0078125,0.3325193237687927,0.0
random,pc,4,6,0.280902698636055,0.3922279477119446,0.216796875,0.3913658559322357,0.21484375,0.30862247449113056,0.0
random,pc,4,7,0.2457882147282362,0.34904855489730835,0.263671875,0.3482514023780823,0.296875,0.29243701560578,0.0
random,pc,4,8,0.21717828139662743,0.31314584612846375,0.638671875,0.3123566806316376,0.68359375,0.2794112869402549,0.0
random,pc,4,9,0.19279371295124292,0.2823542654514313,0.75390625,0.2815425992012024,0.75,0.26832645297448227,0.0
random,pc,4,10,0.1714190822094679,0.2556355595588684,0.73046875,0.25473061203956604,0.734375,0.25815860551180475,0.0
random,pc,4,11,0.15358520671725273,0.23212341964244843,0.80078125,0.23112036287784576,0.79296875,0.24906190908465456,0.0
random,pc,4,12,0.13787120394408703,0.2119961529970169,0.828125,0.21090441942214966,0.8515625,0.24014538531385674,0.0
random,pcalm,4,1,1.7745051458477974,2.0529417991638184,0.25,2.0515832901000977,0.25,0.8459878569895712,2.486297979266965
random,pcalm,4,2,1.0024118274450302,1.1221668720245361,0.216796875,1.1210296154022217,0.2265625,0.6010947492904961,1.7608795344422106
random,pcalm,4,3,0.6029027029871941,0.7144822478294373,0.0,0.7133764624595642,0.0,0.4374014918867033,1.27657154998451
random,pcalm,4,4,0.4287630673497915,0.5410104990005493,0.0,0.5399276614189148,0.0,0.3575857279453582,1.0413943694802583
random,pcalm,4,5,0.3411534056067467,0.45162129402160645,0.00390625,0.450643926858902,0.0078125,0.3169656465955389,0.9222897219224251
random,pcalm,4,6,0.29005238600075245,0.3940255641937256,0.21484375,0.39315614104270935,0.2109375,0.29443337690706056,0.8566306544162217
random,pcalm,4,7,0.2542305327951908,0.35094600915908813,0.26171875,0.3501400053501129,0.2890625,0.2791631852063195,0.8123705631442135
random,pcalm,4,8,0.22503358405083418,0.3150565028190613,0.603515625,0.314258337020874,0.66796875,0.2668259487739609,0.7767763075971743
random,pcalm,4,9,0.20015420857816935,0.28426042199134827,0.75390625,0.28344064950942993,0.75,0.25630740518681705,0.7465915266075172
random,pcalm,4,10,0.1782917995005846,0.2574886083602905,0.71484375,0.25657880306243896,0.72265625,0.24664268157600114,0.7189496647843043
random,pcalm,4,11,0.15998287592083216,0.2338225543498993,0.794921875,0.23281556367874146,0.79296875,0.237983298196923,0.6943103385856375
random,pcalm,4,12,0.14376672636717558,0.21355710923671722,0.826171875,0.2124626785516739,0.83984375,0.22948371009745946,0.6700922625605017
native,bp,5,1,1.308897241950035,0.848682165145874,0.25,0.8512788414955139,0.25,0.0,0.0
native,bp,5,2,0.6226528845727444,0.443464457988739,0.306640625,0.4440644085407257,0.328125,0.0,0.0
native,bp,5,3,0.37447083182632923,0.32631269097328186,0.6484375,0.3259277641773224,0.62109375,0.0,0.0
native,bp,5,4,0.30512750521302223,0.28540611267089844,0.73046875,0.2849006652832031,0.7109375,0.0,0.0
native,bp,5,5,0.2691265335306525,0.2502572536468506,0.759765625,0.2501367926597595,0.74609375,0.0,0.0
native,bp,5,6,0.23536345176398754,0.2184911072254181,0.75,0.2187352031469345,0.75,0.0,0.0
native,bp,5,7,0.20578700210899115,0.1915608048439026,0.751953125,0.1921011209487915,0.75,0.0,0.0
native,bp,5,8,0.18193385563790798,0.17160272598266602,0.76171875,0.17220953106880188,0.75,0.0,0.0
native,bp,5,9,0.1649171393364668,0.15700292587280273,0.8125,0.15777306258678436,0.7890625,0.0,0.0
native,bp,5,10,0.15203051455318928,0.1465371698141098,0.830078125,0.147209033370018,0.8203125,0.0,0.0
native,bp,5,11,0.14278372237458825,0.13860712945461273,0.912109375,0.1392836719751358,0.890625,0.0,0.0
native,bp,5,12,0.1356390709988773,0.1321541965007782,0.955078125,0.13273774087429047,0.94921875,0.0,0.0
native,pc,5,1,0.9223887585103512,0.8470401167869568,0.25,0.8496626019477844,0.25,0.5088158847987264,0.0
native,pc,5,2,0.4479047767817974,0.4382106363773346,0.279296875,0.43887820839881897,0.30859375,0.33953985214369214,0.0
native,pc,5,3,0.2732557151466608,0.3237730860710144,0.642578125,0.3234670162200928,0.62109375,0.25680977316369535,0.0
native,pc,5,4,0.22703711222857237,0.28655803203582764,0.8203125,0.28614047169685364,0.8046875,0.22962592592133055,0.0
native,pc,5,5,0.20415260829031467,0.25462237000465393,0.7421875,0.2546246349811554,0.74609375,0.21497170963023868,0.0
native,pc,5,6,0.18204670771956444,0.22475124895572662,0.748046875,0.2251363843679428,0.75,0.19995302897586953,0.0
native,pc,5,7,0.1618210133165121,0.19809024035930634,0.75,0.19880348443984985,0.75,0.1855849013857854,0.0
native,pc,5,8,0.14416715782135725,0.17702560126781464,0.755859375,0.17783355712890625,0.75,0.17268400608979087,0.0
native,pc,5,9,0.13120915880426764,0.16141067445278168,0.798828125,0.16244591772556305,0.78125,0.1623722122409769,0.0
native,pc,5,10,0.12101347837597132,0.15017414093017578,0.796875,0.15115384757518768,0.77734375,0.15442044516385067,0.0
native,pc,5,11,0.11368161160498857,0.14180797338485718,0.865234375,0.1428370177745819,0.84375,0.14873324496875284,0.0
native,pc,5,12,0.10808204766362906,0.13493290543556213,0.935546875,0.13587267696857452,0.921875,0.14416931693025012,0.0
native,pcalm,5,1,0.9451843090355396,0.847413182258606,0.25,0.8500243425369263,0.25,0.48447448449830216,1.3958813438221114
native,pcalm,5,2,0.458406550809741,0.4386470317840576,0.279296875,0.43930864334106445,0.3046875,0.3233141366993853,0.9314023581391666
native,pcalm,5,3,0.2793272538110614,0.32386499643325806,0.640625,0.3235655725002289,0.62109375,0.24444293256965466,0.704764869697101
native,pcalm,5,4,0.23184751067310572,0.2868133783340454,0.822265625,0.2864057123661041,0.80078125,0.21844599082154068,0.6295870002395532
native,pcalm,5,5,0.2087374096736312,0.2555132806301117,0.740234375,0.25552231073379517,0.74609375,0.2046138608129695,0.5891770797934441
native,pcalm,5,6,0.18659091368317604,0.22622664272785187,0.748046875,0.22662000358104706,0.74609375,0.19054228113479135,0.5480793225542584
native,pcalm,5,7,0.16625179257243872,0.199859619140625,0.75,0.2005886435508728,0.75,0.17706265964564713,0.5087547015864402
native,pcalm,5,8,0.1482382519170642,0.17865167558193207,0.755859375,0.17948445677757263,0.75,0.1648263667448191,0.4732005930818559
native,pcalm,5,9,0.1348054502159357,0.16273123025894165,0.794921875,0.1638067215681076,0.78125,0.1549559018215708,0.44449295006415923
native,pcalm,5,10,0.12410687189549208,0.15117578208446503,0.79296875,0.15220314264297485,0.7734375,0.14725766339203497,0.4221379540467751
native,pcalm,5,11,0.11642086179926991,0.14262478053569794,0.84765625,0.14371106028556824,0.83984375,0.1417351493582828,0.4060674613392621
native,pcalm,5,12,0.1105966242030263,0.13562646508216858,0.921875,0.13662466406822205,0.9140625,0.1373202649653346,0.3931913846281532
degree_preserving,bp,5,1,1.8996838703751564,1.3358285427093506,0.25,1.336808681488037,0.25,0.0,0.0
degree_preserving,bp,5,2,1.0054607838392258,0.7124218344688416,0.25,0.7135931253433228,0.25,0.0,0.0
degree_preserving,bp,5,3,0.5630357880145311,0.44146785140037537,0.25,0.4427827000617981,0.25,0.0,0.0
degree_preserving,bp,5,4,0.3860889319330454,0.34286099672317505,0.453125,0.3442014455795288,0.4375,0.0,0.0
degree_preserving,bp,5,5,0.3235639054328203,0.30617082118988037,0.3984375,0.3074629008769989,0.375,0.0,0.0
degree_preserving,bp,5,6,0.2958719749003649,0.28405797481536865,0.501953125,0.2852713465690613,0.5,0.0,0.0
degree_preserving,bp,5,7,0.2746816724538803,0.2633507549762726,0.5,0.2645357847213745,0.5,0.0,0.0
degree_preserving,bp,5,8,0.2547713303938508,0.2440984547138214,0.72265625,0.24513977766036987,0.71484375,0.0,0.0
degree_preserving,bp,5,9,0.23763335309922695,0.2280617356300354,0.765625,0.22901293635368347,0.765625,0.0,0.0
degree_preserving,bp,5,10,0.2212588395923376,0.2138749063014984,1.0,0.214652419090271,1.0,0.0,0.0
degree_preserving,bp,5,11,0.20786794554442167,0.2003026157617569,1.0,0.20101575553417206,1.0,0.0,0.0
degree_preserving,bp,5,12,0.19439170695841312,0.18622922897338867,1.0,0.18686117231845856,1.0,0.0,0.0
degree_preserving,pc,5,1,1.3295027948915958,1.334350347518921,0.25,1.335337519645691,0.25,0.6171528074676947,0.0
degree_preserving,pc,5,2,0.7150154560804367,0.7077578902244568,0.25,0.7089259028434753,0.25,0.43953616479605745,0.0
degree_preserving,pc,5,3,0.4018375799059868,0.43705931305885315,0.25,0.4383344054222107,0.25,0.32498287648437935,0.0
degree_preserving,pc,5,4,0.2790609132498503,0.3414902687072754,0.435546875,0.34278810024261475,0.421875,0.2658279919414781,0.0
degree_preserving,pc,5,5,0.2374628158286214,0.3076907992362976,0.40234375,0.3089554011821747,0.37890625,0.242189431234389,0.0
degree_preserving,pc,5,6,0.21912560611963272,0.2881934940814972,0.5,0.28939878940582275,0.5,0.2325859510456212,0.0
degree_preserving,pc,5,7,0.20474664494395256,0.26943138241767883,0.5,0.2706383466720581,0.5,0.22623593060294903,0.0
degree_preserving,pc,5,8,0.1901735281571746,0.25033700466156006,0.51171875,0.25145965814590454,0.515625,0.21972496741364012,0.0
degree_preserving,pc,5,9,0.17658752389252186,0.23294125497341156,0.7421875,0.23401682078838348,0.74609375,0.21336964052049248,0.0
degree_preserving,pc,5,10,0.16262293327599764,0.21718211472034454,0.876953125,0.21809259057044983,0.8828125,0.2068202968124145,0.0
degree_preserving,pc,5,11,0.1509000202640891,0.20249323546886444,0.951171875,0.20331838726997375,0.93359375,0.20148112852257327,0.0
degree_preserving,pc,5,12,0.13973163533955812,0.18797741830348969,0.994140625,0.1886778473854065,0.99609375,0.1965067767741857,0.0
degree_preserving,pcalm,5,1,1.3636981099843979,1.3349303007125854,0.25,1.3359133005142212,0.25,0.5849665707404105,1.694226576575602
degree_preserving,pcalm,5,2,0.7326466515660286,0.7082655429840088,0.25,0.7094219326972961,0.25,0.41702858460485004,1.2066912839291035
degree_preserving,pcalm,5,3,0.41147191636264324,0.437391072511673,0.25,0.4386504888534546,0.25,0.3086740815342637,0.8934796883804665
degree_preserving,pcalm,5,4,0.2855599373579025,0.342041015625,0.439453125,0.3433222472667694,0.43359375,0.25272627477534115,0.7316463876341004
degree_preserving,pcalm,5,5,0.24312051944434643,0.3086181879043579,0.373046875,0.30986690521240234,0.359375,0.23044328377000056,0.666828361183434
degree_preserving,pcalm,5,6,0.22475719265639782,0.2896299660205841,0.5,0.2908199727535248,0.5,0.221480679892314,0.6406602751849277
degree_preserving,pcalm,5,7,0.21057365089654922,0.2713755965232849,0.5,0.2725679874420166,0.5,0.21561209824964558,0.6236906085396186
degree_preserving,pcalm,5,8,0.19608453568071127,0.2525474727153778,0.509765625,0.2536628842353821,0.5,0.20955935280653648,0.6062338030751562
degree_preserving,pcalm,5,9,0.18234738148748875,0.235063374042511,0.740234375,0.236142098903656,0.7421875,0.2035649184108479,0.588959208344022
degree_preserving,pcalm,5,10,0.16805438417941332,0.21915695071220398,0.857421875,0.22007277607917786,0.87109375,0.19729563718040785,0.5709806774029857
degree_preserving,pcalm,5,11,0.15607159491628408,0.20442257821559906,0.9296875,0.20524798333644867,0.9140625,0.19214557164135235,0.5563153954281006
degree_preserving,pcalm,5,12,0.14480462577193975,0.19003795087337494,0.98828125,0.19072790443897247,0.984375,0.18740428235711684,0.5429084741263068
random,bp,5,1,0.8839068599045277,0.5704551339149475,0.25,0.569157600402832,0.25,0.0,0.0
random,bp,5,2,0.44420708157122135,0.35425546765327454,0.271484375,0.3542112410068512,0.28125,0.0,0.0
random,bp,5,3,0.32782599329948425,0.3113202154636383,0.5625,0.31158798933029175,0.54296875,0.0,0.0
random,bp,5,4,0.30246310867369175,0.29292523860931396,0.5,0.29307302832603455,0.5,0.0,0.0
random,bp,5,5,0.28489450737833977,0.2756103277206421,0.5,0.2755703628063202,0.5,0.0,0.0
random,bp,5,6,0.2686524083837867,0.2604679763317108,0.5,0.2603786289691925,0.5,0.0,0.0
random,bp,5,7,0.2545074662193656,0.24736079573631287,0.5,0.24733798205852509,0.5,0.0,0.0
random,bp,5,8,0.2424406912177801,0.23579423129558563,0.50390625,0.23582474887371063,0.5,0.0,0.0
random,bp,5,9,0.23197199311107397,0.2245459407567978,0.84375,0.22466114163398743,0.86328125,0.0,0.0
random,bp,5,10,0.21933459118008614,0.21298560500144958,0.6640625,0.21312876045703888,0.65234375,0.0,0.0
random,bp,5,11,0.20754146855324507,0.20029817521572113,0.994140625,0.200548455119133,0.98046875,0.0,0.0
random,bp,5,12,0.19440227840095758,0.1859106421470642,1.0,0.1862485408782959,1.0,0.0,0.0
random,pc,5,1,0.6176716573536396,0.5721899271011353,0.25,0.5709243416786194,0.25,0.4220942381264952,0.0
random,pc,5,2,0.3231115899980068,0.35678932070732117,0.25,0.3567624092102051,0.25390625,0.2893581372312231,0.0
random,pc,5,3,0.24732948280870914,0.31276264786720276,0.748046875,0.31304866075515747,0.74609375,0.23614719761098968,0.0
random,pc,5,4,0.2304294379428029,0.2963983416557312,0.587890625,0.29658934473991394,0.6015625,0.22527990874975026,0.0
random,pc,5,5,0.21855501644313335,0.2805015742778778,0.5,0.2805110514163971,0.5,0.21917944912638632,0.0
random,pc,5,6,0.2066606217995286,0.2660490870475769,0.5,0.2659913897514343,0.5,0.214051088498915,0.0
random,pc,5,7,0.1954663973301649,0.25274547934532166,0.5,0.25272127985954285,0.5,0.20981920981406196,0.0
random,pc,5,8,0.18487850110977888,0.240220844745636,0.501953125,0.24021869897842407,0.5,0.20643092800552645,0.0
random,pc,5,9,0.175144599750638,0.2280954122543335,0.814453125,0.2281663417816162,0.859375,0.20369996538647683,0.0
random,pc,5,10,0.16377268079668283,0.21576280891895294,0.666015625,0.2158680409193039,0.6484375,0.20017007064598147,0.0
random,pc,5,11,0.15296990610659122,0.2023959755897522,0.994140625,0.20263248682022095,0.9921875,0.19706774650452039,0.0
random,pc,5,12,0.1412884583696723,0.18720439076423645,1.0,0.1875608265399933,1.0,0.1935157402064457,0.0
random,pcalm,5,1,0.633359782397747,0.5720957517623901,0.25,0.57082599401474,0.25,0.40095395416331786,1.1619736396241933
random,pcalm,5,2,0.33032891526818275,0.35652464628219604,0.251953125,0.3564894199371338,0.2578125,0.27484795651495614,0.7962360427845852
random,pcalm,5,3,0.25219812151044607,0.31279847025871277,0.748046875,0.31308409571647644,0.75,0.2244147555732828,0.6479769037214282
random,pcalm,5,4,0.23508729506283998,0.29670509696006775,0.533203125,0.2969002425670624,0.5234375,0.2141014459411963,0.6177937286411179
random,pcalm,5,5,0.22327533923089504,0.281181275844574,0.5,0.2811957001686096,0.5,0.20836913563107373,0.601134401787931
random,pcalm,5,6,0.21148951910436153,0.2670620083808899,0.5,0.2670077085494995,0.5,0.20359041946115516,0.5873803042522923
random,pcalm,5,7,0.20040173921734095,0.25400474667549133,0.5,0.2539790868759155,0.5,0.1996405301639849,0.5760761448218545
random,pcalm,5,8,0.18985985405743122,0.2415897250175476,0.501953125,0.24157817661762238,0.5,0.1964723534110817,0.567112437393007
random,pcalm,5,9,0.1801033914089203,0.22951367497444153,0.7578125,0.22956883907318115,0.8203125,0.193907117798517,0.5599564248386741
random,pcalm,5,10,0.16863921284675598,0.21725696325302124,0.646484375,0.21734125912189484,0.64453125,0.19057780670846114,0.5506810605820647
random,pcalm,5,11,0.1578338909894228,0.2040652185678482,0.98046875,0.20428159832954407,0.984375,0.18768876132526202,0.5428096480191016
random,pcalm,5,12,0.14619358256459236,0.1890919804573059,1.0,0.1894288808107376,1.0,0.18439593757890785,0.5338617114284716
native,bp,6,1,1.5275638177990913,0.972824215888977,0.25,0.9702678918838501,0.25,0.0,0.0
native,bp,6,2,0.6943164821714163,0.46845000982284546,0.240234375,0.4668949246406555,0.2421875,0.0,0.0
native,bp,6,3,0.39005460403859615,0.33680450916290283,0.369140625,0.33551090955734253,0.35546875,0.0,0.0
native,bp,6,4,0.3196057230234146,0.3046172857284546,0.611328125,0.30332469940185547,0.578125,0.0,0.0
native,bp,6,5,0.29366746731102467,0.2794343829154968,0.728515625,0.27805593609809875,0.72265625,0.0,0.0
native,bp,6,6,0.26735903322696686,0.25262609124183655,0.98046875,0.25112491846084595,0.9921875,0.0,0.0
native,bp,6,7,0.24021712690591812,0.22498054802417755,1.0,0.22334468364715576,1.0,0.0,0.0
native,bp,6,8,0.21229840442538261,0.19754616916179657,1.0,0.19588381052017212,1.0,0.0,0.0
native,bp,6,9,0.18539282865822315,0.17172619700431824,1.0,0.17003792524337769,1.0,0.0,0.0
native,bp,6,10,0.16100127343088388,0.1495508849620819,1.0,0.14795303344726562,1.0,0.0,0.0
native,bp,6,11,0.14086578972637653,0.13158713281154633,1.0,0.13008999824523926,1.0,0.0,0.0
native,bp,6,12,0.12500821892172098,0.11797851324081421,1.0,0.11661433428525925,1.0,0.0,0.0
native,pc,6,1,1.0241519175469875,0.9699206948280334,0.25,0.9674425721168518,0.25,0.580075726781312,0.0
native,pc,6,2,0.48361075669527054,0.46415039896965027,0.232421875,0.46269020438194275,0.23828125,0.3705105528594383,0.0
native,pc,6,3,0.2842263663187623,0.33428269624710083,0.4140625,0.3330764174461365,0.40234375,0.2630611578351818,0.0
native,pc,6,4,0.2368951253592968,0.3029770851135254,0.677734375,0.30176618695259094,0.63671875,0.23427495060604997,0.0
native,pc,6,5,0.2171576777473092,0.27777883410453796,0.720703125,0.276494562625885,0.7109375,0.2257879341195803,0.0
native,pc,6,6,0.19601148087531328,0.25053441524505615,0.98828125,0.24912670254707336,0.9921875,0.21737232288190475,0.0
native,pc,6,7,0.1739557981491089,0.222555011510849,1.0,0.22099193930625916,1.0,0.208471107352428,0.0
native,pc,6,8,0.15180202201008797,0.19519704580307007,1.0,0.19356952607631683,1.0,0.19856082732682503,0.0
native,pc,6,9,0.13122916081920266,0.1697910577058792,1.0,0.16809490323066711,1.0,0.18775279094067324,0.0
native,pc,6,10,0.1133080911822617,0.14823661744594574,1.0,0.14657370746135712,1.0,0.1765947961442483,0.0
native,pc,6,11,0.0989718921482563,0.13095851242542267,1.0,0.12934496998786926,1.0,0.16637734408626179,0.0
native,pc,6,12,0.08794318791478872,0.1178056001663208,1.0,0.11627683788537979,1.0,0.15747915273338245,0.0
native,pcalm,6,1,1.0528361909091473,0.9708321690559387,0.25,0.9683600068092346,0.25,0.552557530036817,1.6007086672034347
native,pcalm,6,2,0.49607026763260365,0.46533551812171936,0.232421875,0.4638825058937073,0.23828125,0.3532629106969883,1.0212465720396722
native,pcalm,6,3,0.2906635254621506,0.3348063826560974,0.41015625,0.3336130380630493,0.40234375,0.25107693527146085,0.7240709678153507
native,pcalm,6,4,0.241906120441854,0.3035167157649994,0.673828125,0.3023257553577423,0.63671875,0.22344237353051236,0.6437514560093405
native,pcalm,6,5,0.2220866335555911,0.2786591649055481,0.712890625,0.2773992419242859,0.69921875,0.2153691256583746,0.6203841011811164
native,pcalm,6,6,0.20088974945247173,0.25168678164482117,0.984375,0.2503071129322052,0.9921875,0.207380675089856,0.5974777354858816
native,pcalm,6,7,0.17872586101293564,0.22392143309116364,1.0,0.22238722443580627,1.0,0.19893336834502406,0.5733340732695069
native,pcalm,6,8,0.15637790691107512,0.19670064747333527,1.0,0.19509798288345337,1.0,0.18954415786235282,0.5464411042339634
native,pcalm,6,9,0.13550060614943504,0.17129068076610565,1.0,0.1696111261844635,1.0,0.1792906082215874,0.516993359226035
native,pcalm,6,10,0.11717203352600336,0.14961285889148712,1.0,0.14795415103435516,1.0,0.16867144668746428,0.4862938201185898
native,pcalm,6,11,0.10239906283095479,0.1321350336074829,1.0,0.13051244616508484,1.0,0.1589042767106245,0.45798801065029693
native,pcalm,6,12,0.09097470855340362,0.11880988627672195,1.0,0.11726396530866623,1.0,0.15036069257863952,0.43316213794605574
degree_preserving,bp,6,1,2.3850468173623085,1.7180126905441284,0.25,1.7121224403381348,0.25,0.0,0.0
degree_preserving,bp,6,2,1.309126254171133,0.9315256476402283,0.0625,0.9272220134735107,0.04296875,0.0,0.0
degree_preserving,bp,6,3,0.7300633564591408,0.5525732636451721,0.25,0.5497982501983643,0.25,0.0,0.0
degree_preserving,bp,6,4,0.4660689849406481,0.39506644010543823,0.38671875,0.39334869384765625,0.39453125,0.0,0.0
degree_preserving,bp,6,5,0.36446318589150906,0.3360351622104645,0.548828125,0.33483633399009705,0.5625,0.0,0.0
degree_preserving,bp,6,6,0.3231577407568693,0.3099527955055237,0.51953125,0.30887842178344727,0.51171875,0.0,0.0
degree_preserving,bp,6,7,0.3008555509150028,0.29051557183265686,0.51171875,0.28941279649734497,0.5078125,0.0,0.0
degree_preserving,bp,6,8,0.2824566401541233,0.272720605134964,0.51171875,0.27165845036506653,0.5078125,0.0,0.0
degree_preserving,bp,6,9,0.2647982221096754,0.2552456259727478,0.564453125,0.25425899028778076,0.5703125,0.0,0.0
degree_preserving,bp,6,10,0.24723635613918304,0.23794159293174744,0.607421875,0.23719315230846405,0.6015625,0.0,0.0
degree_preserving,bp,6,11,0.22996542137116194,0.22051696479320526,0.728515625,0.22007720172405243,0.72265625,0.0,0.0
degree_preserving,bp,6,12,0.2129648644477129,0.2042476087808609,0.75,0.2041020542383194,0.75,0.0,0.0
degree_preserving,pc,6,1,1.5871799662709236,1.7206478118896484,0.25,1.7148483991622925,0.25,0.734192339257182,0.0
degree_preserving,pc,6,2,0.9167684391140938,0.925670862197876,0.169921875,0.921417772769928,0.15234375,0.5129094434378203,0.0
degree_preserving,pc,6,3,0.5247662756592035,0.5414506196975708,0.25,0.5386939644813538,0.25,0.3637175887076107,0.0
degree_preserving,pc,6,4,0.33612271025776863,0.38634923100471497,0.443359375,0.38460999727249146,0.44140625,0.28445970901763457,0.0
degree_preserving,pc,6,5,0.26526148803532124,0.33144813776016235,0.64453125,0.3301933705806732,0.62890625,0.25072034493011114,0.0
degree_preserving,pc,6,6,0.23784590605646372,0.30685165524482727,0.52734375,0.30569007992744446,0.515625,0.23544373832191923,0.0
degree_preserving,pc,6,7,0.2229504706338048,0.28780508041381836,0.51953125,0.2866070568561554,0.515625,0.22602957969017248,0.0
degree_preserving,pc,6,8,0.20970581099390984,0.2692743241786957,0.529296875,0.26810798048973083,0.53125,0.21801357008128738,0.0
degree_preserving,pc,6,9,0.1958685638383031,0.25001978874206543,0.640625,0.2489284873008728,0.6328125,0.2097828726437001,0.0
degree_preserving,pc,6,10,0.18122406117618084,0.2309165596961975,0.6875,0.2300882190465927,0.66796875,0.20189089228733792,0.0
degree_preserving,pc,6,11,0.16683879680931568,0.21303287148475647,0.736328125,0.21255436539649963,0.74609375,0.1947859082793002,0.0
degree_preserving,pc,6,12,0.1537475073710084,0.19791185855865479,0.75,0.19771406054496765,0.75,0.1886116199590712,0.0
degree_preserving,pcalm,6,1,1.634214386343956,1.7213335037231445,0.25,1.7155578136444092,0.25,0.6980687191632265,2.026919070412987
degree_preserving,pcalm,6,2,0.9407575726509094,0.9272117018699646,0.162109375,0.9229850172996521,0.1484375,0.4878045936735968,1.4106601012754254
degree_preserving,pcalm,6,3,0.537936307489872,0.5432472229003906,0.25,0.5405062437057495,0.25,0.34590826533773605,0.998539366737532
degree_preserving,pcalm,6,4,0.3447437472641468,0.3876875936985016,0.431640625,0.3859511911869049,0.4375,0.27035545092076063,0.7811825363714888
degree_preserving,pcalm,6,5,0.27201989386230707,0.3325525224208832,0.64453125,0.3312954902648926,0.62890625,0.23805387934407918,0.6883003603325051
degree_preserving,pcalm,6,6,0.24404555652290583,0.3084278106689453,0.525390625,0.30726662278175354,0.515625,0.22356227614121357,0.6459611544887593
degree_preserving,pcalm,6,7,0.22931386437267065,0.29027312994003296,0.51953125,0.28907111287117004,0.51171875,0.21483777062530862,0.6200556750900432
degree_preserving,pcalm,6,8,0.21664517279714346,0.27301228046417236,0.51953125,0.27182668447494507,0.51171875,0.2075535639669397,0.5983296985996276
degree_preserving,pcalm,6,9,0.203703916631639,0.25533971190452576,0.607421875,0.2541932761669159,0.59765625,0.20021290674776537,0.5764277297512308
degree_preserving,pcalm,6,10,0.1899908147752285,0.2373587042093277,0.640625,0.23642733693122864,0.6328125,0.19319719556854884,0.5555543504033267
degree_preserving,pcalm,6,11,0.17585624009370804,0.21943098306655884,0.724609375,0.21881723403930664,0.72265625,0.18668027665504874,0.536330212795292
degree_preserving,pcalm,6,12,0.1621641581878066,0.20338281989097595,0.740234375,0.20307694375514984,0.74609375,0.18075776689996323,0.5190303374583891
random,bp,6,1,2.1847942173480988,1.5079342126846313,0.25,1.5064632892608643,0.25,0.0,0.0
random,bp,6,2,1.093425378203392,0.7187915444374084,0.25,0.7174062728881836,0.25,0.0,0.0
random,bp,6,3,0.5360451731830835,0.38722047209739685,0.65625,0.3858715891838074,0.6796875,0.0,0.0
random,bp,6,4,0.3282552110031247,0.2824190557003021,0.748046875,0.2809995114803314,0.75,0.0,0.0
random,bp,6,5,0.2621231246739626,0.24102360010147095,0.744140625,0.2396172732114792,0.74609375,0.0,0.0
random,bp,6,6,0.22923781536519527,0.2170896977186203,0.99609375,0.21571804583072662,1.0,0.0,0.0
random,bp,6,7,0.20800659246742725,0.1979275643825531,0.998046875,0.19661584496498108,1.0,0.0,0.0
random,bp,6,8,0.19046853948384523,0.18176424503326416,1.0,0.18053114414215088,1.0,0.0,0.0
random,bp,6,9,0.1752941058948636,0.16753645241260529,1.0,0.1663665473461151,1.0,0.0,0.0
random,bp,6,10,0.16185345593839884,0.1555905044078827,1.0,0.15449827909469604,1.0,0.0,0.0
random,bp,6,11,0.15088911727070808,0.14554977416992188,1.0,0.14455512166023254,1.0,0.0,0.0
random,bp,6,12,0.14181554317474365,0.13763850927352905,1.0,0.13672244548797607,1.0,0.0,0.0
random,pc,6,1,1.452458955347538,1.5125982761383057,0.25,1.5111169815063477,0.25,0.7027204724145122,0.0
random,pc,6,2,0.764862272888422,0.7247090339660645,0.251953125,0.7233126759529114,0.25,0.47281597345136106,0.0
random,pc,6,3,0.3934220764786005,0.3870469033718109,0.638671875,0.3857637345790863,0.62890625,0.3126812779009924,0.0
random,pc,6,4,0.2450456628575921,0.2773208022117615,0.75,0.27603453397750854,0.75,0.23287901594934132,0.0
random,pc,6,5,0.1961505701765418,0.23700444400310516,0.748046875,0.23572593927383423,0.75,0.2040575446905374,0.0
random,pc,6,6,0.17271141707897186,0.21438735723495483,0.998046875,0.2131146937608719,1.0,0.1905127161492904,0.0
random,pc,6,7,0.15726012643426657,0.1959352344274521,1.0,0.19470207393169403,1.0,0.18178977651768946,0.0
random,pc,6,8,0.14397314097732306,0.18013052642345428,1.0,0.17896708846092224,1.0,0.17462274203110914,0.0
random,pc,6,9,0.1323663117364049,0.16618308424949646,1.0,0.16507375240325928,1.0,0.16808468399540288,0.0
random,pc,6,10,0.1220409944653511,0.1545024961233139,1.0,0.15346454083919525,1.0,0.16228784980557975,0.0
random,pc,6,11,0.1135612023063004,0.14469698071479797,1.0,0.14374054968357086,1.0,0.15750537910692705,0.0
random,pc,6,12,0.10646164370700717,0.13682430982589722,1.0,0.13593147695064545,1.0,0.1535096626515345,0.0
random,pcalm,6,1,1.4951419234275818,1.5131944417953491,0.25,1.511711597442627,0.25,0.6681757338228635,1.9390168582322076
random,pcalm,6,2,0.7852480933070183,0.7269040942192078,0.25,0.7255016565322876,0.25,0.4499426821518379,1.3009330615459476
random,pcalm,6,3,0.40357882529497147,0.38893887400627136,0.63671875,0.3876584768295288,0.625,0.29833952778911527,0.8591077883975231
random,pcalm,6,4,0.25067942310124636,0.2779025137424469,0.75,0.27663522958755493,0.75,0.222259040834615,0.6379030559364764
random,pcalm,6,5,0.20015252381563187,0.23735769093036652,0.748046875,0.2361031174659729,0.75,0.1944404959018963,0.5570454620356031
random,pcalm,6,6,0.17631600704044104,0.21495744585990906,0.998046875,0.21370920538902283,1.0,0.18152474485881007,0.5193974718713434
random,pcalm,6,7,0.16076908819377422,0.1967022716999054,1.0,0.1954929232597351,1.0,0.1732716906844871,0.49532493102378794
random,pcalm,6,8,0.14740951545536518,0.18103131651878357,1.0,0.17989158630371094,1.0,0.16649015326887215,0.475655971080414
random,pcalm,6,9,0.13570209126919508,0.16716229915618896,1.0,0.16607718169689178,1.0,0.16028919397164523,0.45775107420558925
random,pcalm,6,10,0.1252539213746786,0.15548989176750183,1.0,0.1544758677482605,1.0,0.1547769972627672,0.44190291229460854
random,pcalm,6,11,0.11663566203787923,0.14564210176467896,1.0,0.14470824599266052,1.0,0.15020051245422414,0.42881757266877685
random,pcalm,6,12,0.10939045762643218,0.13768412172794342,1.0,0.13681337237358093,1.0,0.14633513987791957,0.4178376585659862
native,bp,7,1,0.7346970662474632,0.49223148822784424,0.25,0.4914012551307678,0.25,0.0,0.0
native,bp,7,2,0.4185643382370472,0.37094560265541077,0.259765625,0.3707023561000824,0.25,0.0,0.0
native,bp,7,3,0.3608332499861717,0.3504352867603302,0.298828125,0.3496740162372589,0.30078125,0.0,0.0
native,bp,7,4,0.34033486619591713,0.32581090927124023,0.490234375,0.32439345121383667,0.4921875,0.0,0.0
native,bp,7,5,0.3126607574522495,0.2959200143814087,0.6328125,0.29386791586875916,0.6015625,0.0,0.0
native,bp,7,6,0.279200604185462,0.2587560713291168,0.75,0.2561843991279602,0.75,0.0,0.0
native,bp,7,7,0.24148408323526382,0.22151343524456024,0.75,0.21895815432071686,0.75,0.0,0.0
native,bp,7,8,0.20793471578508615,0.1936429738998413,0.767578125,0.19168686866760254,0.76171875,0.0,0.0
native,bp,7,9,0.18487782683223486,0.17528606951236725,0.80859375,0.17374514043331146,0.80078125,0.0,0.0
native,bp,7,10,0.16912589687854052,0.16209733486175537,0.978515625,0.16088536381721497,0.98046875,0.0,0.0
native,bp,7,11,0.15707691852003336,0.15102000534534454,1.0,0.15039540827274323,1.0,0.0,0.0
native,bp,7,12,0.1467079152353108,0.1410791575908661,0.998046875,0.14052250981330872,1.0,0.0,0.0
native,pc,7,1,0.519571203738451,0.4919590651988983,0.25,0.4911455810070038,0.25,0.38090605776475667,0.0
native,pc,7,2,0.29854749888181686,0.3714507222175598,0.2578125,0.37121862173080444,0.25,0.2852825622248929,0.0
native,pc,7,3,0.2580215400084853,0.35236024856567383,0.291015625,0.3516204357147217,0.2890625,0.26669893967967556,0.0
native,pc,7,4,0.243785104714334,0.3286980390548706,0.4921875,0.32732093334198,0.4921875,0.2596222949602331,0.0
native,pc,7,5,0.22470667865127325,0.3013455867767334,0.552734375,0.29933229088783264,0.546875,0.25052007323150366,0.0
native,pc,7,6,0.20241627003997564,0.26770269870758057,0.73828125,0.2650807499885559,0.73828125,0.23915868803548315,0.0
native,pc,7,7,0.17694422882050276,0.23181578516960144,0.75,0.22897066175937653,0.75,0.2255153935669417,0.0
native,pc,7,8,0.15171484369784594,0.20136715471744537,0.759765625,0.1988794058561325,0.7578125,0.21140982519379273,0.0
native,pc,7,9,0.13216158701106906,0.1794934719800949,0.771484375,0.1775076985359192,0.76171875,0.20004062348016305,0.0
native,pc,7,10,0.11826882744207978,0.16463527083396912,0.8984375,0.16305804252624512,0.921875,0.19188142990606138,0.0
native,pc,7,11,0.10848151380196214,0.15306353569030762,0.998046875,0.15218159556388855,1.0,0.1859861760797988,0.0
native,pc,7,12,0.10062442626804113,0.1432105153799057,0.994140625,0.14242130517959595,0.9921875,0.1810597285827195,0.0
native,pcalm,7,1,0.5322510153055191,0.4919278621673584,0.25,0.49111640453338623,0.25,0.3625810269295471,1.0447943171020597
native,pcalm,7,2,0.30562823079526424,0.37160593271255493,0.2578125,0.37137728929519653,0.25,0.27151256007588626,0.7829559575220628
native,pcalm,7,3,0.2643716661259532,0.3526792824268341,0.2890625,0.3519462049007416,0.2890625,0.2539111641720713,0.7324399002718565
native,pcalm,7,4,0.24994584824889898,0.3291841447353363,0.4921875,0.3278174102306366,0.4921875,0.24719926891460395,0.7129432413057657
native,pcalm,7,5,0.23070730175822973,0.3022719621658325,0.55078125,0.3002721667289734,0.546875,0.238637484217179,0.6882113493193174
native,pcalm,7,6,0.20836766250431538,0.2693217992782593,0.73828125,0.2667059302330017,0.73828125,0.22805050763903031,0.6576497163150634
native,pcalm,7,7,0.18284950871020555,0.23397159576416016,0.75,0.23109754920005798,0.75,0.21536070219493317,0.6212029041853384
native,pcalm,7,8,0.15729491598904133,0.2034461945295334,0.7578125,0.2008705735206604,0.7578125,0.20207683817716315,0.5832122005995188
native,pcalm,7,9,0.13706872146576643,0.18105316162109375,0.765625,0.17896384000778198,0.76171875,0.19115375640103593,0.5520928061996528
native,pcalm,7,10,0.12253907695412636,0.16580714285373688,0.869140625,0.1641302853822708,0.890625,0.18317554719396867,0.5294710836205923
native,pcalm,7,11,0.11235095700249076,0.15405142307281494,0.998046875,0.15308186411857605,1.0,0.17745049659667225,0.5132939063514641
native,pcalm,7,12,0.10426063789054751,0.14415131509304047,0.986328125,0.14328651130199432,0.9921875,0.172696540238879,0.49987403968407307
degree_preserving,bp,7,1,0.4608000721782446,0.3453041911125183,0.357421875,0.34360435605049133,0.38671875,0.0,0.0
degree_preserving,bp,7,2,0.328549450263381,0.3153291940689087,0.50390625,0.3132234513759613,0.5,0.0,0.0
degree_preserving,bp,7,3,0.30270311050117016,0.28522518277168274,0.626953125,0.2828223407268524,0.6640625,0.0,0.0
degree_preserving,bp,7,4,0.27107530180364847,0.2525557279586792,0.71484375,0.24992309510707855,0.72265625,0.0,0.0
degree_preserving,bp,7,5,0.23465542774647474,0.21309347450733185,0.755859375,0.210529625415802,0.76953125,0.0,0.0
degree_preserving,bp,7,6,0.1940065585076809,0.17202049493789673,0.947265625,0.16964662075042725,0.94921875,0.0,0.0
degree_preserving,bp,7,7,0.15614127647131681,0.1373017132282257,0.998046875,0.1353694349527359,0.99609375,0.0,0.0
degree_preserving,bp,7,8,0.12604931136593223,0.11369720101356506,1.0,0.11197312921285629,1.0,0.0,0.0
degree_preserving,bp,7,9,0.10687462193891406,0.09923531115055084,1.0,0.0979418009519577,1.0,0.0,0.0
degree_preserving,bp,7,10,0.09443136723712087,0.08901704847812653,1.0,0.08804772794246674,1.0,0.0,0.0
degree_preserving,bp,7,11,0.08530279994010925,0.08040556311607361,1.0,0.07952265441417694,1.0,0.0,0.0
degree_preserving,bp,7,12,0.07710269000381231,0.07297421991825104,1.0,0.07239066064357758,1.0,0.0,0.0
degree_preserving,pc,7,1,0.330830791965127,0.3450225591659546,0.36328125,0.34330734610557556,0.38671875,0.29668455136561533,0.0
degree_preserving,pc,7,2,0.23688813112676144,0.3157443106174469,0.50390625,0.31361493468284607,0.5,0.2502096158920419,0.0
degree_preserving,pc,7,3,0.2183647295460105,0.286854088306427,0.625,0.28441083431243896,0.66015625,0.24114739987029074,0.0
degree_preserving,pc,7,4,0.19608961511403322,0.25682947039604187,0.705078125,0.25407931208610535,0.71875,0.2304532532240652,0.0
degree_preserving,pc,7,5,0.1710768211632967,0.2207106053829193,0.748046875,0.2178870588541031,0.75,0.21760780349965594,0.0
degree_preserving,pc,7,6,0.14324223715811968,0.1821487694978714,0.865234375,0.1794426292181015,0.8828125,0.2015936459041162,0.0
degree_preserving,pc,7,7,0.11656253645196557,0.14719434082508087,0.998046875,0.14498913288116455,0.9921875,0.1842970724052672,0.0
degree_preserving,pc,7,8,0.09352137567475438,0.12070751935243607,1.0,0.11874805390834808,1.0,0.16731620286251805,0.0
degree_preserving,pc,7,9,0.07746783131733537,0.10263277590274811,1.0,0.10120490193367004,1.0,0.15330507931260703,0.0
degree_preserving,pc,7,10,0.06649679853580892,0.09044300019741058,1.0,0.08924952149391174,1.0,0.14329200491314018,0.0
degree_preserving,pc,7,11,0.05883329454809427,0.08087632060050964,1.0,0.0798504576086998,1.0,0.13600418815864637,0.0
degree_preserving,pc,7,12,0.05241234414279461,0.07283639907836914,1.0,0.07204025983810425,1.0,0.1298019474161265,0.0
degree_preserving,pcalm,7,1,0.33850936964154243,0.3450576961040497,0.361328125,0.343342661857605,0.38671875,0.28247627880773507,0.8132642244381714
degree_preserving,pcalm,7,2,0.2423507310450077,0.3158155083656311,0.50390625,0.3136865496635437,0.5,0.23817497988784453,0.6861999848006235
degree_preserving,pcalm,7,3,0.223586093634367,0.2871556282043457,0.6171875,0.2847154140472412,0.66015625,0.22957405961642507,0.6613951689869282
degree_preserving,pcalm,7,4,0.20115887559950352,0.2575976550579071,0.69921875,0.25484561920166016,0.71875,0.2195148563599408,0.632457810726919
degree_preserving,pcalm,7,5,0.17606888338923454,0.22210809588432312,0.74609375,0.21926425397396088,0.75,0.2075060690549435,0.5980306489691429
degree_preserving,pcalm,7,6,0.14808556297793984,0.1840634047985077,0.85546875,0.1813129484653473,0.86328125,0.19254282331288172,0.5552516591233143
degree_preserving,pcalm,7,7,0.12102386215701699,0.14915397763252258,0.99609375,0.14689834415912628,0.9921875,0.17631699967993578,0.5089702025506995
degree_preserving,pcalm,7,8,0.09728777129203081,0.12231119722127914,1.0,0.1203019842505455,1.0,0.16017167301712712,0.4628789256239543
degree_preserving,pcalm,7,9,0.08047111006453633,0.10370491445064545,1.0,0.10225138068199158,1.0,0.14666336247076592,0.4241515564135625
degree_preserving,pcalm,7,10,0.06892806617543101,0.0912107527256012,1.0,0.08998798578977585,1.0,0.13685412248742068,0.3960307826891949
degree_preserving,pcalm,7,11,0.060954854125157,0.08155734091997147,1.0,0.08051490783691406,1.0,0.12974834300985094,0.3756825950003986
degree_preserving,pcalm,7,12,0.05438886908814311,0.0735025554895401,1.0,0.07268223911523819,1.0,0.12379011584319717,0.35868786408173037
random,bp,7,1,0.5089741814881563,0.38539549708366394,0.37109375,0.3852670192718506,0.37890625,0.0,0.0
random,bp,7,2,0.35912168584764004,0.3388427495956421,0.732421875,0.3383820354938507,0.734375,0.0,0.0
random,bp,7,3,0.32372468896210194,0.30326026678085327,0.869140625,0.3025820851325989,0.86328125,0.0,0.0
random,bp,7,4,0.28689915873110294,0.2662293612957001,0.96484375,0.2657906115055084,0.9609375,0.0,0.0
random,bp,7,5,0.24790008179843426,0.2257843166589737,0.97265625,0.22570115327835083,0.97265625,0.0,0.0
random,bp,7,6,0.20766171906143427,0.18775466084480286,0.970703125,0.1879115104675293,0.97265625,0.0,0.0
random,bp,7,7,0.17450241092592478,0.15913091599941254,0.98828125,0.15920153260231018,0.98828125,0.0,0.0
random,bp,7,8,0.14852106478065252,0.1356360912322998,1.0,0.13555404543876648,1.0,0.0,0.0
random,bp,7,9,0.1261666459031403,0.11564695090055466,1.0,0.11540345847606659,1.0,0.0,0.0
random,bp,7,10,0.10736336885020137,0.09877095371484756,1.0,0.09839797765016556,1.0,0.0,0.0
random,bp,7,11,0.0924181155860424,0.08496884256601334,1.0,0.08438654243946075,1.0,0.0,0.0
random,bp,7,12,0.08001201367005706,0.07418981939554214,1.0,0.07354715466499329,1.0,0.0,0.0
random,pc,7,1,0.361465897411108,0.38490450382232666,0.412109375,0.3847408890724182,0.3984375,0.3145271406586592,0.0
random,pc,7,2,0.2572210170328617,0.34027743339538574,0.728515625,0.3397923707962036,0.73828125,0.2630494815421116,0.0
random,pc,7,3,0.23259614128619432,0.3065824508666992,0.8515625,0.30583882331848145,0.8515625,0.2518297017340956,0.0
random,pc,7,4,0.2065441831946373,0.2708185315132141,0.958984375,0.270181804895401,0.9609375,0.2394857578316684,0.0
random,pc,7,5,0.1781052052974701,0.23006650805473328,0.9765625,0.22975002229213715,0.97265625,0.22499395522875906,0.0
random,pc,7,6,0.14799340441823006,0.19039887189865112,0.96484375,0.1903855949640274,0.96484375,0.20768897538194628,0.0
random,pc,7,7,0.12267247587442398,0.16066953539848328,0.974609375,0.16067355871200562,0.97265625,0.1916535564851074,0.0
random,pc,7,8,0.1034139902330935,0.13676513731479645,1.0,0.13663800060749054,1.0,0.17815527029476166,0.0
random,pc,7,9,0.0872601862065494,0.11614278703927994,1.0,0.1158304214477539,1.0,0.1646404072077227,0.0
random,pc,7,10,0.07358734915032983,0.09865036606788635,1.0,0.09816016256809235,1.0,0.15239475024282,0.0
random,pc,7,11,0.06255551800131798,0.08410190045833588,1.0,0.08342479914426804,1.0,0.14146576071410286,0.0
random,pc,7,12,0.05332202813588083,0.07254307717084885,1.0,0.07177770137786865,1.0,0.13162779608440664,0.0
random,pcalm,7,1,0.37025459855794907,0.38496333360671997,0.41015625,0.38479915261268616,0.3984375,0.2980845694085777,0.8632563326937088
random,pcalm,7,2,0.2634792197495699,0.3406286835670471,0.728515625,0.3401443660259247,0.734375,0.24950502610348244,0.7220974947522336
random,pcalm,7,3,0.23857167176902294,0.30724379420280457,0.849609375,0.30649733543395996,0.84375,0.23911032033599136,0.6915929135047918
random,pcalm,7,4,0.21223929431289434,0.2717714011669159,0.955078125,0.27111658453941345,0.94921875,0.22767852859882018,0.6580524962500931
random,pcalm,7,5,0.18333151657134295,0.23109519481658936,0.9765625,0.23074819147586823,0.97265625,0.21424318514133725,0.618609717610525
random,pcalm,7,6,0.15250346437096596,0.19124093651771545,0.9609375,0.19120043516159058,0.9609375,0.19799132974973568,0.571427703165682
random,pcalm,7,7,0.1264556492678821,0.16133561730384827,0.970703125,0.1613292396068573,0.97265625,0.18273297752602957,0.5276479108433705
random,pcalm,7,8,0.10668054781854153,0.13738539814949036,1.0,0.13725243508815765,1.0,0.1699041520987521,0.4908775640979002
random,pcalm,7,9,0.09008042654022574,0.11668110638856888,1.0,0.1163647323846817,1.0,0.15699238396579554,0.4537458352970134
random,pcalm,7,10,0.076027762144804,0.0991293266415596,1.0,0.09863021969795227,1.0,0.1452837965116487,0.42012511470602476
random,pcalm,7,11,0.0646748635917902,0.08451161533594131,1.0,0.08382672071456909,1.0,0.13483901709939042,0.3901251171319018
random,pcalm,7,12,0.055160315008834004,0.07289545983076096,1.0,0.07211808860301971,1.0,0.12541491716062106,0.3631049318864825
native,bp,8,1,1.3635140508413315,0.9557108879089355,0.138671875,0.9565476179122925,0.125,0.0,0.0
native,bp,8,2,0.7368552479892969,0.5310519933700562,0.45703125,0.5328218340873718,0.45703125,0.0,0.0
native,bp,8,3,0.42567679286003113,0.3370269536972046,0.603515625,0.33922669291496277,0.55078125,0.0,0.0
native,bp,8,4,0.30227145180106163,0.27949750423431396,0.66796875,0.28176021575927734,0.63671875,0.0,0.0
native,bp,8,5,0.2682417733594775,0.25576797127723694,0.75390625,0.2579443156719208,0.76171875,0.0,0.0
native,bp,8,6,0.24658480565994978,0.236057311296463,0.876953125,0.2379606068134308,0.859375,0.0,0.0
native,bp,8,7,0.22782261390239,0.2184009552001953,0.955078125,0.22014570236206055,0.9453125,0.0,0.0
native,bp,8,8,0.2112994436174631,0.20264814794063568,0.9921875,0.20420309901237488,0.9921875,0.0,0.0
native,bp,8,9,0.19660976622253656,0.18858417868614197,1.0,0.18999329209327698,0.99609375,0.0,0.0
native,bp,8,10,0.1824035309255123,0.17540724575519562,1.0,0.17671148478984833,1.0,0.0,0.0
native,bp,8,11,0.16981531120836735,0.16302213072776794,1.0,0.16418474912643433,1.0,0.0,0.0
native,bp,8,12,0.15794488228857517,0.1514434814453125,1.0,0.15254338085651398,1.0,0.0,0.0
native,pc,8,1,0.8845045641064644,0.9562439322471619,0.15234375,0.9570675492286682,0.14453125,0.5672533826194316,0.0
native,pc,8,2,0.4957639705389738,0.5328338742256165,0.48828125,0.5345855951309204,0.4921875,0.4038069616362918,0.0
native,pc,8,3,0.2941285567358136,0.34073275327682495,0.52734375,0.34274983406066895,0.49609375,0.3016692675543406,0.0
native,pc,8,4,0.21195900719612837,0.2816859483718872,0.716796875,0.2837248742580414,0.6796875,0.252340681994004,0.0
native,pc,8,5,0.18594363145530224,0.25729110836982727,0.822265625,0.25928938388824463,0.82421875,0.2394632053716729,0.0
native,pc,8,6,0.16873703058809042,0.23748913407325745,0.90625,0.23926542699337006,0.8984375,0.23259886669984553,0.0
native,pc,8,7,0.1540230168029666,0.21966053545475006,0.970703125,0.22132351994514465,0.95703125,0.22649228136288002,0.0
native,pc,8,8,0.14117507822811604,0.20375816524028778,0.998046875,0.20528468489646912,0.9921875,0.22060251260215105,0.0
native,pc,8,9,0.13012348068878055,0.18961317837238312,1.0,0.19102691113948822,1.0,0.21477810200546324,0.0
native,pc,8,10,0.1197906588204205,0.1766495257616043,1.0,0.17802411317825317,1.0,0.20862301565163457,0.0
native,pc,8,11,0.11083912244066596,0.1642908751964569,1.0,0.1655634641647339,1.0,0.20271261851788344,0.0
native,pc,8,12,0.1026529734954238,0.1529458463191986,1.0,0.15420682728290558,1.0,0.19662013291720845,0.0
native,pcalm,8,1,0.9124468751251698,0.9565240144729614,0.15234375,0.9573410749435425,0.140625,0.5386188683235863,1.5697675889678067
native,pcalm,8,2,0.5105185285210609,0.533645510673523,0.486328125,0.5353800058364868,0.484375,0.38366145542628755,1.115145277020929
native,pcalm,8,3,0.3028158601373434,0.3416638672351837,0.525390625,0.34366244077682495,0.49609375,0.28686736041951616,0.8319973759207642
native,pcalm,8,4,0.21824231836944818,0.2826077938079834,0.69921875,0.2846289873123169,0.671875,0.24018893964239396,0.6955268903038814
native,pcalm,8,5,0.19175168685615063,0.25827544927597046,0.82421875,0.2602522373199463,0.828125,0.22791381318044537,0.6600873035640689
native,pcalm,8,6,0.17438885662704706,0.2385893166065216,0.90234375,0.24034713208675385,0.90234375,0.2213860441406723,0.6416799164107942
native,pcalm,8,7,0.1594914486631751,0.22077207267284393,0.970703125,0.22241924703121185,0.95703125,0.21559665537400483,0.6254388747875055
native,pcalm,8,8,0.14638653211295605,0.2047959268093109,0.998046875,0.20631089806556702,0.9921875,0.20998938031455813,0.609742048818589
native,pcalm,8,9,0.1350383972749114,0.1905505359172821,1.0,0.19195619225502014,1.0,0.20441435508837458,0.5940961948035692
native,pcalm,8,10,0.12440070882439613,0.17751163244247437,1.0,0.17887994647026062,1.0,0.19854803689425657,0.5774937470669101
native,pcalm,8,11,0.11518389452248812,0.16509252786636353,1.0,0.16636045277118683,1.0,0.192874883262751,0.5614708106404578
native,pcalm,8,12,0.10678008897230029,0.1537381410598755,1.0,0.15499605238437653,1.0,0.18702696541731711,0.5449020383603056
degree_preserving,bp,8,1,1.324639044702053,0.9506954550743103,0.251953125,0.951341986656189,0.25,0.0,0.0
degree_preserving,bp,8,2,0.752979688346386,0.5710972547531128,0.5,0.5720670223236084,0.5,0.0,0.0
degree_preserving,bp,8,3,0.4746334832161665,0.38665130734443665,0.7421875,0.38791435956954956,0.74609375,0.0,0.0
degree_preserving,bp,8,4,0.3423647116869688,0.30652809143066406,0.75,0.30797433853149414,0.75,0.0,0.0
degree_preserving,bp,8,5,0.28330501914024353,0.2576272785663605,0.99609375,0.2589683532714844,0.9921875,0.0,0.0
degree_preserving,bp,8,6,0.23699717223644257,0.2135612517595291,1.0,0.21493372321128845,1.0,0.0,0.0
degree_preserving,bp,8,7,0.19507149793207645,0.17539778351783752,1.0,0.17659252882003784,1.0,0.0,0.0
degree_preserving,bp,8,8,0.16168183647096157,0.14728857576847076,1.0,0.14845439791679382,1.0,0.0,0.0
degree_preserving,bp,8,9,0.13828867627307773,0.12803861498832703,1.0,0.1289817839860916,1.0,0.0,0.0
degree_preserving,bp,8,10,0.12143819080665708,0.11454737186431885,1.0,0.11550416052341461,1.0,0.0,0.0
degree_preserving,bp,8,11,0.10992458136752248,0.10468295216560364,1.0,0.10570310056209564,1.0,0.0,0.0
degree_preserving,bp,8,12,0.1013313066214323,0.09703348577022552,1.0,0.09812185913324356,1.0,0.0,0.0
degree_preserving,pc,8,1,0.8732414692640305,0.94950932264328,0.25,0.9500697255134583,0.25,0.5507798171383911,0.0
degree_preserving,pc,8,2,0.5075677633285522,0.5726025104522705,0.501953125,0.5734512805938721,0.5,0.40557180683269206,0.0
degree_preserving,pc,8,3,0.3294159397482872,0.39080610871315,0.736328125,0.3918967843055725,0.7265625,0.3161718040270595,0.0
degree_preserving,pc,8,4,0.24606660287827253,0.3153071999549866,0.75,0.31654590368270874,0.75,0.2640376941380964,0.0
degree_preserving,pc,8,5,0.20797757524996996,0.27211278676986694,0.990234375,0.27334296703338623,0.9921875,0.24376551487512188,0.0
degree_preserving,pc,8,6,0.17685764282941818,0.23102229833602905,1.0,0.23241160809993744,1.0,0.22835185587731152,0.0
degree_preserving,pc,8,7,0.14582882449030876,0.19069638848304749,1.0,0.19208335876464844,1.0,0.2122525465238141,0.0
degree_preserving,pc,8,8,0.11864100769162178,0.15824317932128906,1.0,0.15964123606681824,1.0,0.19566178523139874,0.0
degree_preserving,pc,8,9,0.09917203895747662,0.13535301387310028,1.0,0.13654743134975433,1.0,0.18152227188572093,0.0
degree_preserving,pc,8,10,0.08540886314585805,0.11939356476068497,1.0,0.12053979188203812,1.0,0.1694812773700202,0.0
degree_preserving,pc,8,11,0.07627867767587304,0.10775882750749588,1.0,0.10891201347112656,1.0,0.16013628096455554,0.0
degree_preserving,pc,8,12,0.06934642279520631,0.09865615516901016,1.0,0.09986499696969986,1.0,0.1529201006681736,0.0
degree_preserving,pcalm,8,1,0.8999064639210701,0.9492993950843811,0.25,0.9498633146286011,0.25,0.5222114976495504,1.5223008201937773
degree_preserving,pcalm,8,2,0.5221800468862057,0.572776198387146,0.50390625,0.5736235976219177,0.5,0.3847219677894221,1.1192580506140075
degree_preserving,pcalm,8,3,0.3386051971465349,0.3916062116622925,0.736328125,0.3926900327205658,0.7265625,0.3001882760921338,0.8715352818035171
degree_preserving,pcalm,8,4,0.2531664464622736,0.3169328570365906,0.75,0.3181517422199249,0.75,0.2511022829130525,0.7271750256113592
degree_preserving,pcalm,8,5,0.2148314295336604,0.27471959590911865,0.98828125,0.2759251594543457,0.9921875,0.23234080283145886,0.6723191968012543
degree_preserving,pcalm,8,6,0.18385700974613428,0.2345607578754425,1.0,0.23592804372310638,1.0,0.21818006288958713,0.6314194104270427
degree_preserving,pcalm,8,7,0.1526393685489893,0.1943211704492569,1.0,0.19571524858474731,1.0,0.20321670369109293,0.5887057597683452
degree_preserving,pcalm,8,8,0.1245629945769906,0.16114681959152222,1.0,0.1625758409500122,1.0,0.18746248908670773,0.5437727960816119
degree_preserving,pcalm,8,9,0.10396610340103507,0.1374136358499527,1.0,0.1386546492576599,1.0,0.17382859253848437,0.50472178734708
degree_preserving,pcalm,8,10,0.08925952343270183,0.1208721399307251,1.0,0.12206612527370453,1.0,0.16210647118956936,0.47093056076482753
degree_preserving,pcalm,8,11,0.07954746065661311,0.10889574140310287,1.0,0.1100824847817421,1.0,0.15297073369826344,0.44447867474809755
degree_preserving,pcalm,8,12,0.07224112167023122,0.09957434237003326,1.0,0.10080917179584503,1.0,0.14589199925103458,0.42399583918449935
random,bp,8,1,1.0676210224628448,0.7057467699050903,0.25,0.7050173282623291,0.25,0.0,0.0
random,bp,8,2,0.5473683383315802,0.42440563440322876,0.25,0.4248819947242737,0.25,0.0,0.0
random,bp,8,3,0.38856716081500053,0.36260971426963806,0.6640625,0.36354079842567444,0.6640625,0.0,0.0
random,bp,8,4,0.35290862061083317,0.3438144624233246,0.509765625,0.34444767236709595,0.5,0.0,0.0
random,bp,8,5,0.33643727004528046,0.32653477787971497,0.54296875,0.3268696665763855,0.53515625,0.0,0.0
random,bp,8,6,0.31807487457990646,0.3067738115787506,0.751953125,0.30684518814086914,0.75,0.0,0.0
random,bp,8,7,0.29636395536363125,0.2833830714225769,0.755859375,0.28330913186073303,0.75,0.0,0.0
random,bp,8,8,0.27115655317902565,0.2559444308280945,0.779296875,0.2559220492839813,0.78125,0.0,0.0
random,bp,8,9,0.24301109835505486,0.22668778896331787,0.916015625,0.22687311470508575,0.9140625,0.0,0.0
random,bp,8,10,0.21395277045667171,0.19964180886745453,0.94140625,0.20007860660552979,0.9453125,0.0,0.0
random,bp,8,11,0.18903999868780375,0.17713041603565216,0.99609375,0.17784395813941956,0.99609375,0.0,0.0
random,bp,8,12,0.16881813574582338,0.15890038013458252,0.998046875,0.15977127850055695,1.0,0.0,0.0
random,pc,8,1,0.7230475097894669,0.7104861736297607,0.25,0.709774374961853,0.25,0.48212769443246845,0.0
random,pc,8,2,0.3829941302537918,0.4242827296257019,0.2578125,0.4247041940689087,0.25390625,0.333364138668306,0.0
random,pc,8,3,0.2777110179886222,0.36121755838394165,0.693359375,0.3620651960372925,0.69921875,0.2734734561405882,0.0
random,pc,8,4,0.2522250907495618,0.3421500623226166,0.509765625,0.3427102863788605,0.5078125,0.259722833550768,0.0
random,pc,8,5,0.23917431198060513,0.3246268332004547,0.5625,0.3248850405216217,0.55859375,0.25518986826743156,0.0
random,pc,8,6,0.22453889809548855,0.30453726649284363,0.75,0.30452898144721985,0.75,0.24977528010155461,0.0
random,pc,8,7,0.20758585445582867,0.2814912796020508,0.755859375,0.2813219130039215,0.75,0.2431518453352813,0.0
random,pc,8,8,0.18881973065435886,0.2553342282772064,0.763671875,0.25518327951431274,0.76171875,0.23512523475073976,0.0
random,pc,8,9,0.16859969217330217,0.22791750729084015,0.890625,0.2279333472251892,0.87890625,0.2256678017123098,0.0
random,pc,8,10,0.14831698965281248,0.2024189680814743,0.904296875,0.20269730687141418,0.89453125,0.21474502299436912,0.0
random,pc,8,11,0.13075134111568332,0.1803882122039795,0.994140625,0.18102972209453583,0.9921875,0.20445603513750635,0.0
random,pc,8,12,0.11641553742811084,0.16212929785251617,0.99609375,0.16305379569530487,0.99609375,0.194829653284008,0.0
random,pcalm,8,1,0.7434023674577475,0.7100229859352112,0.25,0.7093065977096558,0.25,0.457717155625384,1.3303644679981517
random,pcalm,8,2,0.3929364029318094,0.4243808388710022,0.2578125,0.4247947037220001,0.25390625,0.3165004304998244,0.9171774404167081
random,pcalm,8,3,0.28423491679131985,0.36112281680107117,0.689453125,0.36196455359458923,0.69921875,0.2599006543120292,0.7514194393843354
random,pcalm,8,4,0.2580184219405055,0.3420042395591736,0.509765625,0.34256070852279663,0.5078125,0.24684025773603935,0.713151242605818
random,pcalm,8,5,0.244782411493361,0.32450270652770996,0.56640625,0.32475799322128296,0.5625,0.24255864064616617,0.7008468606873066
random,pcalm,8,6,0.22995838336646557,0.3044852018356323,0.75,0.3044726252555847,0.75,0.23742875582926595,0.6861676564403751
random,pcalm,8,7,0.212846415117383,0.2816596031188965,0.75390625,0.2814825773239136,0.75,0.231189843902636,0.6683479692146648
random,pcalm,8,8,0.19398051407188177,0.25584906339645386,0.763671875,0.25568461418151855,0.7578125,0.22367161999864038,0.6469194223245722
random,pcalm,8,9,0.17365404684096575,0.22877925634384155,0.880859375,0.2287725955247879,0.87109375,0.21482827576013128,0.6217434695463453
random,pcalm,8,10,0.15316976141184568,0.20345526933670044,0.892578125,0.20370827615261078,0.8828125,0.204562710399235,0.5924772761354689
random,pcalm,8,11,0.13525564456358552,0.18137124180793762,0.990234375,0.18199774622917175,0.9921875,0.19480482840541904,0.5646667009859812
random,pcalm,8,12,0.12051001377403736,0.1629808247089386,0.99609375,0.1639133095741272,0.99609375,0.18560664225757742,0.5383516087931639
native,bp,9,1,1.5124303996562958,0.9830641150474548,0.25,0.9824380278587341,0.25,0.0,0.0
native,bp,9,2,0.7290829345583916,0.5369448661804199,0.34375,0.5367485880851746,0.3671875,0.0,0.0
native,bp,9,3,0.4738762229681015,0.43062257766723633,0.30078125,0.4306941628456116,0.296875,0.0,0.0
native,bp,9,4,0.41129920445382595,0.3908402919769287,0.138671875,0.3910445272922516,0.16015625,0.0,0.0
native,bp,9,5,0.3763017766177654,0.36057835817337036,0.216796875,0.3609887957572937,0.203125,0.0,0.0
native,bp,9,6,0.3482902441173792,0.3335804343223572,0.33203125,0.3341274559497833,0.33984375,0.0,0.0
native,bp,9,7,0.32174067944288254,0.3075469136238098,0.673828125,0.30816832184791565,0.671875,0.0,0.0
native,bp,9,8,0.29605124704539776,0.28232282400131226,0.72265625,0.2830110490322113,0.73046875,0.0,0.0
native,bp,9,9,0.2713098991662264,0.25694507360458374,0.837890625,0.257669597864151,0.80859375,0.0,0.0
native,bp,9,10,0.2461599102243781,0.23331530392169952,0.94140625,0.23411822319030762,0.9140625,0.0,0.0
native,bp,9,11,0.22348499950021505,0.21243509650230408,0.990234375,0.2133157104253769,0.99609375,0.0,0.0
native,bp,9,12,0.20359778590500355,0.19379329681396484,1.0,0.19469192624092102,1.0,0.0,0.0
native,pc,9,1,1.0146894305944443,0.984204888343811,0.25,0.9833786487579346,0.25,0.5766834489865383,0.0
native,pc,9,2,0.5190393850207329,0.5371602177619934,0.3203125,0.5367624759674072,0.33203125,0.3764144367693613,0.0
native,pc,9,3,0.34601123444736004,0.43192845582962036,0.32421875,0.431815505027771,0.3046875,0.29395105041233666,0.0
native,pc,9,4,0.30420844443142414,0.39529159665107727,0.048828125,0.3953094184398651,0.0625,0.27324509508131695,0.0
native,pc,9,5,0.2804436683654785,0.36253821849823,0.177734375,0.3627837300300598,0.1640625,0.2596914158542252,0.0
native,pc,9,6,0.258867509663105,0.33178195357322693,0.38671875,0.3321975767612457,0.4375,0.24641625051541874,0.0
native,pc,9,7,0.2380841737613082,0.3025733232498169,0.595703125,0.30309009552001953,0.58203125,0.23334952795751937,0.0
native,pc,9,8,0.21822338178753853,0.2751084268093109,0.712890625,0.27570146322250366,0.70703125,0.22055752924400926,0.0
native,pc,9,9,0.19913164246827364,0.24885475635528564,0.861328125,0.2494954764842987,0.83203125,0.20918828713668822,0.0
native,pc,9,10,0.18005442433059216,0.2253972291946411,0.9921875,0.22608253359794617,0.97265625,0.1987362812894086,0.0
native,pc,9,11,0.1623906772583723,0.2051464170217514,1.0,0.20589733123779297,1.0,0.19052262319019064,0.0
native,pc,9,12,0.14665181189775467,0.18735483288764954,1.0,0.1880742758512497,1.0,0.18451682354013124,0.0
native,pcalm,9,1,1.0436124540865421,0.9851411581039429,0.25,0.9843195080757141,0.25,0.5488241969724186,1.5932115115429042
native,pcalm,9,2,0.5319253150373697,0.5380172729492188,0.314453125,0.5376129746437073,0.328125,0.35850729191831004,1.0367058869596804
native,pcalm,9,3,0.35395300947129726,0.43286144733428955,0.326171875,0.43274635076522827,0.3125,0.28004096187457134,0.8095545722680981
native,pcalm,9,4,0.31159982457756996,0.396897554397583,0.041015625,0.39691460132598877,0.046875,0.2604143760496906,0.7530437461173278
native,pcalm,9,5,0.287671010941267,0.36427319049835205,0.162109375,0.3645152449607849,0.14453125,0.24754725792445242,0.7153121699593612
native,pcalm,9,6,0.2656484041363001,0.3334006369113922,0.359375,0.33380770683288574,0.40234375,0.2347667660311951,0.6777196492330404
native,pcalm,9,7,0.2443933691829443,0.30413660407066345,0.58203125,0.3046380877494812,0.5703125,0.22213622280590548,0.6405830268631689
native,pcalm,9,8,0.22414474096149206,0.27674224972724915,0.697265625,0.27730682492256165,0.6875,0.20979767968916954,0.6042219329247018
native,pcalm,9,9,0.20485496148467064,0.2507280111312866,0.837890625,0.25132566690444946,0.80078125,0.1988824193152444,0.572223757240863
native,pcalm,9,10,0.18571143876761198,0.227650985121727,0.990234375,0.22828108072280884,0.9765625,0.1889470341654184,0.5431742717555608
native,pcalm,9,11,0.1680854158475995,0.20771177113056183,1.0,0.20840226113796234,1.0,0.18121653807368907,0.5208330052773817
native,pcalm,9,12,0.15234449878335,0.19009633362293243,1.0,0.19075468182563782,1.0,0.175589664291086,0.504850804052694
degree_preserving,bp,9,1,1.7873671501874924,1.2362358570098877,0.25,1.2346916198730469,0.25,0.0,0.0
degree_preserving,bp,9,2,0.9362123161554337,0.6827247142791748,0.25,0.6817474365234375,0.25,0.0,0.0
degree_preserving,bp,9,3,0.5655010435730219,0.4672622084617615,0.25,0.46664097905158997,0.25,0.0,0.0
degree_preserving,bp,9,4,0.42194491997361183,0.3801058530807495,0.263671875,0.37958407402038574,0.265625,0.0,0.0
degree_preserving,bp,9,5,0.3574745673686266,0.3340943157672882,0.646484375,0.33348900079727173,0.64453125,0.0,0.0
degree_preserving,bp,9,6,0.3174389023333788,0.29794493317604065,0.75,0.2972554862499237,0.75,0.0,0.0
degree_preserving,bp,9,7,0.28213222324848175,0.26362642645835876,0.75,0.2628696858882904,0.75,0.0,0.0
degree_preserving,bp,9,8,0.2486251126974821,0.2315792739391327,0.75,0.23077937960624695,0.75,0.0,0.0
degree_preserving,bp,9,9,0.21794391609728336,0.20219475030899048,0.75,0.20152229070663452,0.75,0.0,0.0
degree_preserving,bp,9,10,0.19038929138332605,0.17684848606586456,0.75,0.17617210745811462,0.75,0.0,0.0
degree_preserving,bp,9,11,0.16630977485328913,0.154092937707901,0.787109375,0.15359941124916077,0.7734375,0.0,0.0
degree_preserving,bp,9,12,0.14413565583527088,0.13340236246585846,1.0,0.13298875093460083,1.0,0.0,0.0
degree_preserving,pc,9,1,1.1773803681135178,1.2359986305236816,0.25,1.2344800233840942,0.25,0.6393906632777847,0.0
degree_preserving,pc,9,2,0.6616486292332411,0.678812563419342,0.25,0.6779084205627441,0.25,0.42839395842990297,0.0
degree_preserving,pc,9,3,0.4107564948499203,0.46417737007141113,0.25,0.4636487662792206,0.25,0.3193715654463934,0.0
degree_preserving,pc,9,4,0.309948424808681,0.381264865398407,0.2578125,0.3808046281337738,0.2578125,0.2747268257856679,0.0
degree_preserving,pc,9,5,0.26679432671517134,0.33796048164367676,0.6015625,0.33738815784454346,0.6015625,0.25237909363446914,0.0
degree_preserving,pc,9,6,0.2401020359247923,0.3029443919658661,0.744140625,0.3022629916667938,0.74609375,0.23619537538373456,0.0
degree_preserving,pc,9,7,0.21603675466030836,0.270163893699646,0.748046875,0.2693902254104614,0.75,0.22115334222932384,0.0
degree_preserving,pc,9,8,0.19315122719854116,0.23980559408664703,0.75,0.238941490650177,0.75,0.2070693004182734,0.0
degree_preserving,pc,9,9,0.17124557122588158,0.21122556924819946,0.75,0.21043914556503296,0.75,0.19432976431320034,0.0
degree_preserving,pc,9,10,0.1501867389306426,0.1859164834022522,0.75,0.1850903332233429,0.75,0.1833595993751563,0.0
degree_preserving,pc,9,11,0.13071687333285809,0.16312402486801147,0.75,0.1624411791563034,0.75,0.17421881347278637,0.0
degree_preserving,pc,9,12,0.11243598302826285,0.14203788340091705,1.0,0.1413995921611786,1.0,0.1663833903730847,0.0
degree_preserving,pcalm,9,1,1.2128645554184914,1.2362662553787231,0.25,1.2347512245178223,0.25,0.6078071582596749,1.7709192538022762
degree_preserving,pcalm,9,2,0.6782208755612373,0.6797885894775391,0.25,0.6788878440856934,0.25,0.4072455736507739,1.179718287945434
degree_preserving,pcalm,9,3,0.4205630701035261,0.46540549397468567,0.25,0.4648808240890503,0.25,0.3040596896413869,0.8785506707972672
degree_preserving,pcalm,9,4,0.31741782650351524,0.3824422359466553,0.2578125,0.3819863200187683,0.2578125,0.26190602136678837,0.7561599288565048
degree_preserving,pcalm,9,5,0.2732801251113415,0.339290589094162,0.583984375,0.3387223482131958,0.5859375,0.2406759444226433,0.6944282461154216
degree_preserving,pcalm,9,6,0.24615961220115423,0.30462226271629333,0.7421875,0.30394431948661804,0.74609375,0.22528797119836477,0.6495113800301624
degree_preserving,pcalm,9,7,0.22190207336097956,0.27235424518585205,0.74609375,0.2715822756290436,0.74609375,0.21102082477106401,0.6079322491350467
degree_preserving,pcalm,9,8,0.19901785347610712,0.24263113737106323,0.75,0.241764098405838,0.75,0.1977143971938252,0.5692235996793897
degree_preserving,pcalm,9,9,0.1772667746990919,0.2146472930908203,0.75,0.21384835243225098,0.75,0.18569923375616781,0.5343892163291457
degree_preserving,pcalm,9,10,0.15637681540101767,0.18986479938030243,0.75,0.18901751935482025,0.75,0.17532353731561065,0.5044861398491776
degree_preserving,pcalm,9,11,0.1370628522709012,0.16750162839889526,0.75,0.16678360104560852,0.75,0.1667075485602254,0.4798875875567319
degree_preserving,pcalm,9,12,0.11882899422198534,0.1466217339038849,1.0,0.14593927562236786,1.0,0.15947298668712998,0.45932820692905807
random,bp,9,1,1.7716524824500084,1.1950373649597168,0.25,1.1876587867736816,0.25,0.0,0.0
random,bp,9,2,0.8969832994043827,0.6572902798652649,0.25,0.6560074090957642,0.25390625,0.0,0.0
random,bp,9,3,0.553474560379982,0.4653121829032898,0.24609375,0.46590638160705566,0.25,0.0,0.0
random,bp,9,4,0.42426163144409657,0.38675910234451294,0.208984375,0.3870556354522705,0.1953125,0.0,0.0
random,bp,9,5,0.3645835127681494,0.34159642457962036,0.314453125,0.3413430452346802,0.31640625,0.0,0.0
random,bp,9,6,0.32560038566589355,0.30850470066070557,0.9375,0.3078894317150116,0.9375,0.0,0.0
random,bp,9,7,0.29571625404059887,0.2820364534854889,0.818359375,0.2812201976776123,0.83203125,0.0,0.0
random,bp,9,8,0.27171147614717484,0.25992143154144287,0.75,0.2589532136917114,0.75,0.0,0.0
random,bp,9,9,0.2512463815510273,0.24066288769245148,0.904296875,0.2396983504295349,0.92578125,0.0,0.0
random,bp,9,10,0.23283352237194777,0.22351393103599548,0.849609375,0.22248956561088562,0.8671875,0.0,0.0
random,bp,9,11,0.21639929804950953,0.20783139765262604,0.900390625,0.20685593783855438,0.92578125,0.0,0.0
random,bp,9,12,0.2008274057880044,0.1928490251302719,1.0,0.19199343025684357,1.0,0.0,0.0
random,pc,9,1,1.1046672873198986,1.197019100189209,0.25,1.189750075340271,0.25,0.668853261139399,0.0
random,pc,9,2,0.5939550586044788,0.6471059918403625,0.255859375,0.6457111835479736,0.26171875,0.44873877854358096,0.0
random,pc,9,3,0.3782753851264715,0.45687711238861084,0.24609375,0.4574558436870575,0.2421875,0.33350467354709207,0.0
random,pc,9,4,0.2999736573547125,0.3839196264743805,0.072265625,0.3842259645462036,0.0546875,0.2848988896051499,0.0
random,pc,9,5,0.26287398673594,0.3377956449985504,0.609375,0.33748286962509155,0.5859375,0.2596882355574053,0.0
random,pc,9,6,0.2357270959764719,0.30171146988868713,0.982421875,0.30100807547569275,1.0,0.24062406773979697,0.0
random,pc,9,7,0.21334408689290285,0.2726190686225891,0.916015625,0.2717299461364746,0.94140625,0.225328541444469,0.0
random,pc,9,8,0.19466927088797092,0.24833543598651886,0.767578125,0.24731461703777313,0.7890625,0.21328205724178892,0.0
random,pc,9,9,0.17820313945412636,0.22727255523204803,0.998046875,0.2262793630361557,1.0,0.20347463749203598,0.0
random,pc,9,10,0.16292284335941076,0.2085273116827011,0.994140625,0.20748841762542725,0.9921875,0.19524606257740137,0.0
random,pc,9,11,0.14861656818538904,0.1913210153579712,1.0,0.19036760926246643,0.99609375,0.18850821856297748,0.0
random,pc,9,12,0.13485515490174294,0.1749052107334137,1.0,0.17407912015914917,1.0,0.1825350338355444,0.0
random,pcalm,9,1,1.1432923078536987,1.1979953050613403,0.25,1.1907355785369873,0.25,0.6357711068509767,1.8608530898636673
random,pcalm,9,2,0.6117353271692991,0.646675705909729,0.2578125,0.6452304124832153,0.26171875,0.426768325996818,1.242577110453567
random,pcalm,9,3,0.38758852146565914,0.4563661515712738,0.248046875,0.4569089412689209,0.2421875,0.3170029944643223,0.919345005582727
random,pcalm,9,4,0.30693347565829754,0.3841237425804138,0.060546875,0.38441193103790283,0.05078125,0.2711578731735547,0.7846660645518568
random,pcalm,9,5,0.2689189091324806,0.3381075859069824,0.615234375,0.3377778232097626,0.5859375,0.2474029459990561,0.7150215335859684
random,pcalm,9,6,0.24093887396156788,0.30179324746131897,0.98046875,0.30106768012046814,1.0,0.2291660420645106,0.6616524441960792
random,pcalm,9,7,0.21782282274216413,0.27244171500205994,0.939453125,0.2715260088443756,0.9609375,0.21438774007644193,0.6185105946860858
random,pcalm,9,8,0.1985800564289093,0.24798288941383362,0.7890625,0.24693624675273895,0.80859375,0.2027086203112655,0.584468257449771
random,pcalm,9,9,0.18171687610447407,0.22684338688850403,1.0,0.22582396864891052,1.0,0.1932123513931098,0.5568643392434751
random,pcalm,9,10,0.1661597667261958,0.20810122787952423,0.994140625,0.2070380598306656,0.9921875,0.18527288508873122,0.5338748532376485
random,pcalm,9,11,0.1516810730099678,0.19094589352607727,1.0,0.18996843695640564,0.99609375,0.1787939907905335,0.5152590497709753
random,pcalm,9,12,0.1377968592569232,0.1746169477701187,1.0,0.17376476526260376,1.0,0.1730741043575108,0.49891129020397784
